--------- beginning of main
06-19 10:27:34.135  4193  4538 I bluetooth: system/gd/hci/le_address_manager.cc:816 OnCommandComplete: Received command complete with op_code LE_SET_RANDOM_ADDRESS(0x2005)
06-19 10:27:34.135  4193  4538 I bluetooth: system/gd/hci/le_address_manager.cc:836 OnCommandComplete: update random address : xx:xx:xx:xx:ab:95
06-19 10:27:34.136  4193  4538 I bluetooth: system/gd/hci/le_address_manager.cc:397 resume_registered_clients: Resuming registered clients
06-19 10:27:34.136  4193  4538 I bluetooth: system/gd/hci/le_advertising_manager.cc:1532 OnResume: address_manager_registered=true
06-19 10:27:34.136  4193  4538 W bluetooth: system/gd/hci/le_scanning_manager.cc:1825 OnResume: OnResume
06-19 10:27:34.136  4193  4538 W bluetooth: system/gd/hci/le_scanning_manager.cc:1828 OnResume: scan_on_resume_
06-19 10:27:34.136  4193  4538 W bluetooth: system/gd/hci/le_scanning_manager.cc:1834 OnResume: configure_scan_on_resume
06-19 10:27:34.136  4193  4538 I bluetooth: system/gd/hci/le_scanning_manager.cc:765 stop_scan: Scanning already stopped, return!
06-19 10:27:34.136  4193  4538 W bluetooth: system/gd/hci/le_scanning_manager.cc:732 start_scan: start_scan
06-19 10:27:34.181  1903  4877 I vendor.qti.bluetooth@1.0-ibs_handler: ProcessIbsCmd: Received IBS_SLEEP_IND: 0xFE
06-19 10:27:34.476  4627  4627 I adbd    : adbd service requested 'shell,v2,TERM=xterm-256color,raw:monkey -p com.ESC.sobersight -c android.intent.category.LAUNCHER 1'
06-19 10:27:34.489  2004  2027 E HeatmapThread: ECT Thread time in milliseconds: 1781879254
06-19 10:27:34.489  2004  2027 D HeatmapThread: !@ batteryplugType : 0
06-19 10:27:34.489  2004  2027 D HeatmapThread: !@ batteryLevel : 0  batteryTemperature : 0 
06-19 10:27:34.489  2004  2027 D HeatmapThread: !@ Heatmap currtime: 29697987
06-19 10:27:34.489  2004  2027 D HeatmapThread: !@ Heatmap prevtime: 29697965
06-19 10:27:34.489  2004  2027 D HeatmapThread: !@ Heatmap plugstarttime: 35791394
06-19 10:27:34.490  2004  2027 D HeatmapThread: !@ Heatmap prevv_dsoh_update_time: 29697305
06-19 10:27:34.490  2004  2027 E HeatmapThread: !@Could not open '/efs/FactoryApp/bsoh', errno = 13
06-19 10:27:34.490  2004  2027 E HeatmapThread: !@ CAM Could not access BSOH EFS
06-19 10:27:34.490  2004  2027 E HeatmapThread: !@ CAM New BSOH: 0
06-19 10:27:34.568 16198 16198 D AndroidRuntime: >>>>>> START com.android.internal.os.RuntimeInit uid 2000 <<<<<<
06-19 10:27:34.570 16198 16198 I app_process: MMAP_TRYLOCK is supported in uffd errno:2 addr:0x71a0e47000 size:4096
06-19 10:27:34.571 16198 16198 I AndroidRuntime: Using default boot image
06-19 10:27:34.571 16198 16198 I AndroidRuntime: Leaving lock profiling enabled
06-19 10:27:34.573 16198 16198 I app_process: Using generational CollectorTypeCMC GC.
06-19 10:27:34.610 16198 16198 D nativeloader: InitDefaultPublicLibraries for_preload=1: libandroid.so:libaaudio.so:libamidi.so:libbinder_ndk.so:libc.so:libcamera2ndk.so:libdl.so:libEGL.so:libGLESv1_CM.so:libGLESv2.so:libGLESv3.so:libicu.so:libicui18n.so:libicuuc.so:libjnigraphics.so:liblog.so:libmediandk.so:libm.so:libnativehelper.so:libnativewindow.so:libOpenMAXAL.so:libOpenSLES.so:libRS.so:libstdc++.so:libsync.so:libvulkan.so:libwebviewchromium_plat_support.so:libz.so
06-19 10:27:34.618 16198 16198 D nativeloader: Load libicu_jni.so using APEX ns com_android_art for caller /apex/com.android.art/javalib/core-oj.jar: ok
06-19 10:27:34.618 16198 16198 D app_process: u_setTimeZoneFilesDirectory("/apex/com.android.tzdata/etc/tz/versioned/9/icu") succeeded. 
06-19 10:27:34.618 16198 16198 D app_process: I18n APEX ICU file found: /apex/com.android.i18n/etc/icu/icudt76l.dat
06-19 10:27:34.618 16198 16198 D nativeloader: Load libjavacore.so using APEX ns com_android_art for caller /apex/com.android.art/javalib/core-oj.jar: ok
06-19 10:27:34.619 16198 16198 D nativeloader: Load libopenjdk.so using APEX ns com_android_art for caller /apex/com.android.art/javalib/core-oj.jar: ok
06-19 10:27:34.619 16198 16198 I app_process: Priority-to-niceness mapping: 19, 16, 13, 10, 0, -2, -4, -5, -6, -8
06-19 10:27:34.630 16198 16198 E SemDvfsManager_JNI: SemDvfsManager: registerfunction enter
06-19 10:27:34.630 16198 16198 E SemAffinityControl: SemAffinityControl: registerfunction enter
06-19 10:27:34.636 16198 16198 D nativeloader: Load libframework-connectivity-tiramisu-jni.so using APEX ns com_android_tethering for caller /apex/com.android.tethering/javalib/framework-connectivity-t.jar: ok
06-19 10:27:34.636 16198 16198 D AndroidRuntime: Calling main entry com.android.commands.monkey.Monkey
06-19 10:27:34.637 16198 16198 D nativeloader: Load /system/lib64/libmonkey_jni.so using ns default for caller /system/framework/monkey.jar in same partition (is_bridged=0): ok
06-19 10:27:34.637 16198 16198 W Monkey  : args: [-p, com.ESC.sobersight, -c, android.intent.category.LAUNCHER, 1]
06-19 10:27:34.638 16198 16198 W PlatformAconfigPackage: android.os.flagging.AconfigStorageReadException: ERROR_CANNOT_READ_STORAGE_FILE: Fail to mmap storage
06-19 10:27:34.639 16198 16198 I AconfigPackage: com.android.uwb.flags is mapped to com.android.uwb
06-19 10:27:34.639 16198 16198 I AconfigPackage: com.android.ranging.flags is mapped to com.android.uwb
06-19 10:27:34.639 16198 16198 I AconfigPackage: android.provider.flags is mapped to com.android.configinfrastructure
06-19 10:27:34.639 16198 16198 I AconfigPackage: com.android.server.deviceconfig is mapped to com.android.configinfrastructure
06-19 10:27:34.639 16198 16198 I AconfigPackage: com.android.adservices.ondevicepersonalization.flags is mapped to com.android.ondevicepersonalization
06-19 10:27:34.639 16198 16198 I AconfigPackage: com.android.art.flags is mapped to com.android.art
06-19 10:27:34.639 16198 16198 I AconfigPackage: com.android.art.rw.flags is mapped to com.android.art
06-19 10:27:34.639 16198 16198 I AconfigPackage: com.android.libcore is mapped to com.android.art
06-19 10:27:34.639 16198 16198 I AconfigPackage: com.android.rkpd.flags is mapped to com.android.rkpd
06-19 10:27:34.639 16198 16198 I AconfigPackage: android.uprobestats.mainline.flags is mapped to com.android.uprobestats
06-19 10:27:34.639 16198 16198 I AconfigPackage: com.android.tethering.mainline.beta is mapped to com.android.tethering
06-19 10:27:34.639 16198 16198 I AconfigPackage: android.net.http is mapped to com.android.tethering
06-19 10:27:34.639 16198 16198 I AconfigPackage: com.android.tethering.readonly.flags is mapped to com.android.tethering
06-19 10:27:34.639 16198 16198 I AconfigPackage: android.net.vcn is mapped to com.android.tethering
06-19 10:27:34.639 16198 16198 I AconfigPackage: com.android.net.flags is mapped to com.android.tethering
06-19 10:27:34.639 16198 16198 I AconfigPackage: com.android.tethering.flags is mapped to com.android.tethering
06-19 10:27:34.639 16198 16198 I AconfigPackage: com.android.tethering.beta.test is mapped to com.android.tethering
06-19 10:27:34.639 16198 16198 I AconfigPackage: com.android.nearby.flags is mapped to com.android.tethering
06-19 10:27:34.639 16198 16198 I AconfigPackage: com.android.net.thread.flags is mapped to com.android.tethering
06-19 10:27:34.639 16198 16198 I AconfigPackage: com.android.net.ct.flags is mapped to com.android.tethering
06-19 10:27:34.640 16198 16198 I AconfigPackage: com.android.os.statsd.flags is mapped to com.android.os.statsd
06-19 10:27:34.640 16198 16198 I AconfigPackage: com.android.devicelock.flags is mapped to com.android.devicelock
06-19 10:27:34.640 16198 16198 I AconfigPackage: com.android.media.extractor.flags is mapped to com.android.media
06-19 10:27:34.640 16198 16198 I AconfigPackage: com.android.media.metrics.flags is mapped to com.android.media
06-19 10:27:34.640 16198 16198 I AconfigPackage: com.android.media.mainline.flags is mapped to com.android.media
06-19 10:27:34.640 16198 16198 I AconfigPackage: com.android.cellbroadcastreceiver.flags is mapped to com.android.cellbroadcast
06-19 10:27:34.640 16198 16198 I AconfigPackage: com.android.system.virtualmachine.flags is mapped to com.android.virt
06-19 10:27:34.640 16198 16198 I AconfigPackage: android.media.swcodec.flags is mapped to com.android.media.swcodec
06-19 10:27:34.640 16198 16198 I AconfigPackage: com.android.ipsec.flags is mapped to com.android.ipsec
06-19 10:27:34.640 16198 16198 I AconfigPackage: com.android.icu is mapped to com.android.i18n
06-19 10:27:34.640 16198 16198 I AconfigPackage: com.android.healthfitness.flags is mapped to com.android.healthfitness
06-19 10:27:34.640 16198 16198 I AconfigPackage: android.os.profiling is mapped to com.android.profiling
06-19 10:27:34.640 16198 16198 I AconfigPackage: com.android.bluetooth.flags is mapped to com.android.bt
06-19 10:27:34.640 16198 16198 I AconfigPackage: com.android.adbd.flags is mapped to com.android.adbd
06-19 10:27:34.641 16198 16198 I AconfigPackage: com.android.adservices.flags is mapped to com.android.adservices
06-19 10:27:34.641 16198 16198 I AconfigPackage: com.android.sdksandbox.flags is mapped to com.android.adservices
06-19 10:27:34.641 16198 16198 I AconfigPackage: android.graphics.pdf.flags is mapped to com.android.mediaprovider
06-19 10:27:34.641 16198 16198 I AconfigPackage: com.android.providers.media.flags is mapped to com.android.mediaprovider
06-19 10:27:34.641 16198 16198 I AconfigPackage: android.graphics.pdf.flags.readonly is mapped to com.android.mediaprovider
06-19 10:27:34.641 16198 16198 I AconfigPackage: com.android.permission.flags is mapped to com.android.permission
06-19 10:27:34.641 16198 16198 I AconfigPackage: com.android.permissioncontroller.flags is mapped to com.android.permission
06-19 10:27:34.641 16198 16198 I AconfigPackage: com.android.appsearch.flags is mapped to com.android.appsearch
06-19 10:27:34.641 16198 16198 I AconfigPackage: com.android.org.conscrypt.flags is mapped to com.android.conscrypt
06-19 10:27:34.641 16198 16198 I AconfigPackage: com.android.org.conscrypt.net.flags is mapped to com.android.conscrypt
06-19 10:27:34.641 16198 16198 I AconfigPackage: com.android.wifi.flags is mapped to com.android.wifi
06-19 10:27:34.641 16198 16198 E FeatureFlagsImplExport: android.os.flagging.AconfigStorageReadException: ERROR_PACKAGE_NOT_FOUND: package android.xr cannot be found on the device
06-19 10:27:34.643 16198 16198 D SemCscFeature: Encoded
06-19 10:27:34.649 16198 16198 W Monkey  :  arg: "-p"
06-19 10:27:34.649 16198 16198 W Monkey  :  arg: "com.ESC.sobersight"
06-19 10:27:34.649 16198 16198 W Monkey  :  arg: "-c"
06-19 10:27:34.649 16198 16198 W Monkey  :  arg: "android.intent.category.LAUNCHER"
06-19 10:27:34.649 16198 16198 W Monkey  :  arg: "1"
06-19 10:27:34.649 16198 16198 W Monkey  : data="com.ESC.sobersight"
06-19 10:27:34.649 16198 16198 W Monkey  : data="android.intent.category.LAUNCHER"
06-19 10:27:34.654  2771  3334 D EventHub: No input device configuration file found for device 'Monkey touch'.
--------- beginning of system
06-19 10:27:34.659  2771  3271 W ActivityManager: registerReceiverWithFeature: no app for null
06-19 10:27:34.660  2771  3334 I EventHub: usingClockIoctl=true
06-19 10:27:34.660  2771  3334 I EventHub: New device: id=17, fd=849, path='/dev/input/event13', name='Monkey touch', classes=TOUCH | TOUCH_MT, bus=6, vid:pid=18d1:0001, configuration='', keyLayout='', keyCharacterMap='', builtinKeyboard=false, 
06-19 10:27:34.662  2771  3334 I InputReader: Device reconfigured: id=12, name='Monkey touch', size 1080x2340, orientation Rotation0, mode DIRECT, display id 0
06-19 10:27:34.663  2771  3334 I InputReader: Device added: id=12, eventHubId=17, name='Monkey touch', descriptor='e1fe28b90f915c7d1febbd52c1ef84b3c4cbed9f',sources=TOUCHSCREEN
06-19 10:27:34.670  2771  3271 D ActivityTaskManager: startActivityAsUser: callingPid=16198, callingUid=2000, caller=com.android.server.am.ActivityManagerService.startActivityAsUserWithFeature:27 android.app.IActivityManager$Stub.onTransact$startActivityAsUserWithFeature$:13109 android.app.IActivityManager$Stub.onTransact:4305 com.android.server.am.ActivityManagerService.onTransact:425 android.os.Binder.execTransactInternal:1457 android.os.Binder.execTransact:1401 <bottom of call stack> 
06-19 10:27:34.670  2771  3271 I Pageboost: onAppLaunch : com.ESC.sobersight
06-19 10:27:34.670  2771  3797 I Pageboost: Record App IO : com.ESC.sobersight pid 16082
06-19 10:27:34.671  2771  3271 W ActivityTaskManager: callingPackage for (uid=2000, pid=16198) has no WPC
06-19 10:27:34.671  2771  3797 W System.err: java.io.FileNotFoundException: /proc/16082/io_record_control: open failed: ENOENT (No such file or directory)
06-19 10:27:34.671  2771  3797 W System.err: 	at libcore.io.IoBridge.open(IoBridge.java:574)
06-19 10:27:34.671  2771  3797 W System.err: 	at java.io.FileOutputStream.<init>(FileOutputStream.java:259)
06-19 10:27:34.671  2771  3797 W System.err: 	at java.io.FileOutputStream.<init>(FileOutputStream.java:208)
06-19 10:27:34.671  2771  3797 W System.err: 	at java.io.FileWriter.<init>(FileWriter.java:96)
06-19 10:27:34.671  2771  3797 W System.err: 	at com.android.server.am.Pageboost$IoRecord.write(qb/109711204 6a21825bf1cf33576f47f064818bfb06cae073423a3c8afee893a28fe1ec42b2:8)
06-19 10:27:34.671  2771  3797 W System.err: 	at com.android.server.am.Pageboost$PageboostAppCapture.capture(qb/109711204 6a21825bf1cf33576f47f064818bfb06cae073423a3c8afee893a28fe1ec42b2:80)
06-19 10:27:34.671  2771  3797 W System.err: 	at com.android.server.am.Pageboost$PageboostHandler.handleMessage(qb/109711204 6a21825bf1cf33576f47f064818bfb06cae073423a3c8afee893a28fe1ec42b2:384)
06-19 10:27:34.671  2771  3797 W System.err: 	at android.os.Handler.dispatchMessage(Handler.java:110)
06-19 10:27:34.671  2771  3797 W System.err: 	at android.os.Looper.loopOnce(Looper.java:273)
06-19 10:27:34.671  2771  3797 W System.err: 	at android.os.Looper.loop(Looper.java:363)
06-19 10:27:34.671  2771  3797 W System.err: 	at android.os.HandlerThread.run(HandlerThread.java:85)
06-19 10:27:34.671  2771  3797 W System.err: 	at com.android.server.ServiceThread.run(ServiceThread.java:49)
06-19 10:27:34.671  2771  3797 W System.err: Caused by: android.system.ErrnoException: open failed: ENOENT (No such file or directory)
06-19 10:27:34.671  2771  3797 W System.err: 	at libcore.io.Linux.open(Native Method)
06-19 10:27:34.671  2771  3797 W System.err: 	at libcore.io.ForwardingOs.open(ForwardingOs.java:579)
06-19 10:27:34.671  2771  3797 W System.err: 	at libcore.io.BlockGuardOs.open(BlockGuardOs.java:274)
06-19 10:27:34.671  2771  3797 W System.err: 	at libcore.io.IoBridge.open(IoBridge.java:560)
06-19 10:27:34.671  2771  3797 W System.err: 	... 11 more
06-19 10:27:34.671  2771  3271 D ActivityTaskManager: DesktopModeLaunchParamsModifier: task=null activity=null task null, skipping
06-19 10:27:34.671  2771  3271 D ActivityTaskManager: TaskLaunchParamsModifier:task=null activity=null display-area-from-current-params=null display-area-from-default-fallback=DefaultTaskDisplayArea_d0@209168339 display-id=0 task-display-area-windowing-mode=1 suggested-display-area=DefaultTaskDisplayArea_d0@209168339
06-19 10:27:34.672  2771  3271 W OptProp : Cannot read opt property android.window.PROPERTY_COMPAT_ALLOW_RESIZEABLE_ACTIVITY_OVERRIDES
06-19 10:27:34.672  2771  3271 W OptProp : Cannot read opt property android.window.PROPERTY_COMPAT_ALLOW_MIN_ASPECT_RATIO_OVERRIDE
06-19 10:27:34.672  2771  3271 D WindowManager: Transition is created, t=TransitionRecord{3b2a51 id=-1 type=OPEN flags=0x0}, caller=com.android.server.wm.Transition.<init>:182 com.android.server.wm.TransitionController.createAndStartCollecting:106 com.android.server.wm.ActivityStarter.executeRequest:3515 com.android.server.wm.ActivityStarter.execute:1752 com.android.server.wm.ActivityTaskManagerService.startActivityAsUser:95 
06-19 10:27:34.672  2771  3271 D BLASTSyncEngine: SyncGroup is created, id=58, name=Transition-OPEN, caller=com.android.server.wm.BLASTSyncEngine$SyncGroup.<init>:52 com.android.server.wm.TransitionController.moveToCollecting:79 com.android.server.wm.TransitionController.createAndStartCollecting:109 com.android.server.wm.ActivityStarter.executeRequest:3515 com.android.server.wm.ActivityStarter.execute:1752 com.android.server.wm.ActivityTaskManagerService.startActivityAsUser:95 com.android.server.am.ActivityManagerService.startActivityAsUserWithFeature:27 
06-19 10:27:34.672  2771  3271 W BLASTSyncEngine: setSyncMethod, id=58, method=0, caller=com.android.server.wm.TransitionController.moveToCollecting:91 com.android.server.wm.TransitionController.createAndStartCollecting:109 com.android.server.wm.ActivityStarter.executeRequest:3515 
06-19 10:27:34.672  2771  3271 V WindowManager: Start collecting in Transition: TransitionRecord{3b2a51 id=58 type=OPEN flags=0x0}, caller=com.android.server.wm.TransitionController.createAndStartCollecting:109 com.android.server.wm.ActivityStarter.executeRequest:3515 com.android.server.wm.ActivityStarter.execute:1752 com.android.server.wm.ActivityTaskManagerService.startActivityAsUser:95 com.android.server.am.ActivityManagerService.startActivityAsUserWithFeature:27 
06-19 10:27:34.672  2771  3271 V WindowManager: Collecting in transition 58: ActivityRecord{196862646 u0 com.ESC.sobersight/.MainActivity, caller=com.android.server.wm.TransitionController.collect:7 com.android.server.wm.ActivityStarter.startActivityUnchecked:98 com.android.server.wm.ActivityStarter.executeRequest:3559 com.android.server.wm.ActivityStarter.execute:1752 com.android.server.wm.ActivityTaskManagerService.startActivityAsUser:95 
06-19 10:27:34.672  2771  3271 D ActivityTaskManager: DesktopModeLaunchParamsModifier: task=null activity=ActivityRecord{196862646 u0 com.ESC.sobersight/.MainActivity t-1} task null, skipping
06-19 10:27:34.672  2771  3271 D ActivityTaskManager: TaskLaunchParamsModifier:task=null activity=ActivityRecord{196862646 u0 com.ESC.sobersight/.MainActivity t-1} display-area-from-current-params=null display-area-from-default-fallback=DefaultTaskDisplayArea_d0@209168339 display-id=0 task-display-area-windowing-mode=1 suggested-display-area=DefaultTaskDisplayArea_d0@209168339
06-19 10:27:34.672  2771  3271 D ActivityTaskManager: DesktopModeLaunchParamsModifier: task=null activity=ActivityRecord{196862646 u0 com.ESC.sobersight/.MainActivity t-1} task null, skipping
06-19 10:27:34.673  2771  3271 D ActivityTaskManager: TaskLaunchParamsModifier:task=null activity=ActivityRecord{196862646 u0 com.ESC.sobersight/.MainActivity t-1} display-area-from-current-params=null display-area-from-default-fallback=DefaultTaskDisplayArea_d0@209168339 display-id=0 task-display-area-windowing-mode=1 suggested-display-area=DefaultTaskDisplayArea_d0@209168339 non-freeform-task-display-area display-area=DefaultTaskDisplayArea_d0@209168339 activity-requested-portrait freeform-size-mismatch=Rect(81, 603 - 999, 1773)
06-19 10:27:34.673  2771  4605 I SemDvfsHyPerManager: acquire hyper - AMS_APP_SWITCH/2771@30, type = -999
06-19 10:27:34.674  2771  4605 D ActivityManagerPerformance: AMP_acquire() APP_SWITCH
06-19 10:27:34.674  2771  4697 D FreecessController: restrictJobsByOlaf: restrict=true, uid=10369
06-19 10:27:34.674  2028  2347 D DisplayModeController: setDesiredMode 4630947232161729154 {mode={fps=120.00 Hz, modePtr={id=0, vsyncRate=120.00 Hz, peakRefreshRate=120.00 Hz}}, emitEvent=true, force=false}
06-19 10:27:34.674  2028  3420 I SurfaceFlinger: id=644 createSurf, flag=24004, Task=334#644
06-19 10:27:34.675  1922  1959 I HYPER-HAL: [RequestManager.cpp]acquire(): Acquired ID : 3924231  [2771 / 30]    HINT : AMS_APP_SWITCH    list : 
06-19 10:27:34.675  5819  5819 I SemDvfsHyPerManager: acquire hyper - APP_START_SHORT/5819@19, type = -999
06-19 10:27:34.675  2771  3271 D ActivityTaskManager: DesktopModeLaunchParamsModifier: task=Task{cd72bb7 #334 type=standard A=10369:com.ESC.sobersight} activity=ActivityRecord{196862646 u0 com.ESC.sobersight/.MainActivity t-1} non-desktop, skipping
06-19 10:27:34.677  2771  3271 D ActivityTaskManager: TaskLaunchParamsModifier:task=Task{cd72bb7 #334 type=standard A=10369:com.ESC.sobersight} activity=ActivityRecord{196862646 u0 com.ESC.sobersight/.MainActivity t-1} display-from-task=0 display-id=0 task-display-area-windowing-mode=1 suggested-display-area=DefaultTaskDisplayArea_d0@209168339 inherit-from-task=fullscreen non-freeform-task-display-area display-area=DefaultTaskDisplayArea_d0@209168339 activity-requested-portrait freeform-size-mismatch=Rect(81, 603 - 999, 1773)
06-19 10:27:34.677  2771  3271 V WindowManager: Collecting in transition 58: Task{cd72bb7 #334 type=standard A=10369:com.ESC.sobersight}, caller=com.android.server.wm.Transition.collectExistenceChange:40 com.android.server.wm.ActivityStarter.startActivityInner:293 com.android.server.wm.ActivityStarter.startActivityUnchecked:111 com.android.server.wm.ActivityStarter.executeRequest:3559 com.android.server.wm.ActivityStarter.execute:1752 
06-19 10:27:34.678  2771  3271 W OptProp : Cannot read opt property android.window.PROPERTY_COMPAT_ALLOW_ORIENTATION_OVERRIDE
06-19 10:27:34.678  2028  3420 I SurfaceFlinger: id=645 createSurf, flag=84004, ActivityRecord{196862646 u0 com.ESC.sobersight/.MainActivity t334}#645
06-19 10:27:34.679  2771  2771 D OlafRestriction:  olaf state update: state=true
06-19 10:27:34.679  2771  2771 D OlafRestriction:  sending trigger onRestrictionStateChanged msg.
06-19 10:27:34.679  2771  3271 D ActivityTaskManager: scheduleTopResumedActivityChanged, onTop=false, r=ActivityRecord{33401934 u0 com.sec.android.app.launcher/.activities.LauncherActivity t319}, caller=com.android.server.wm.ActivityTaskSupervisor.scheduleTopResumedActivityStateLossIfNeeded:19 com.android.server.wm.ActivityTaskSupervisor.updateTopResumedActivityIfNeeded:20 com.android.server.wm.TaskDisplayArea.positionChildAt:252 com.android.server.wm.Task.moveToFront:40 com.android.server.wm.ActivityStarter.startActivityInner:315 com.android.server.wm.ActivityStarter.startActivityUnchecked:111 
06-19 10:27:34.680  2771  3271 V WindowManager: Checking theme of starting window: 0x7f130245
06-19 10:27:34.680  2771  3271 V WindowManager: Translucent=false Floating=false ShowWallpaper=false Disable=false
06-19 10:27:34.680  2771  3271 D ActivityTaskManager: addStartingWindow: type=2 typeParameter=28b
06-19 10:27:34.680  2771  3271 V WindowManager: Creating SplashScreenStartingData
06-19 10:27:34.680  2771  3271 V WindowManager: Add starting ActivityRecord{196862646 u0 com.ESC.sobersight/.MainActivity t334}: startingData=SplashScreenStartingData{7a8cc53 removeAfterTransaction= 0}
06-19 10:27:34.680  2771  3271 V WindowManager: Added starting ActivityRecord{196862646 u0 com.ESC.sobersight/.MainActivity t334}: startingWindow=null startingView=com.android.server.wm.StartingSurfaceController$StartingSurface@c527990
06-19 10:27:34.682  2771  3271 V WindowManager: Collecting in transition 58: ActivityRecord{196862646 u0 com.ESC.sobersight/.MainActivity t334}, caller=com.android.server.wm.Transition.collectExistenceChange:40 com.android.server.wm.ActivityStarter.handleStartResult:761 com.android.server.wm.ActivityStarter.startActivityUnchecked:124 com.android.server.wm.ActivityStarter.executeRequest:3559 com.android.server.wm.ActivityStarter.execute:1752 
06-19 10:27:34.682  2771  3271 V WindowManager: Requesting StartTransition: TransitionRecord{3b2a51 id=58 type=OPEN flags=0x0 c=[
06-19 10:27:34.682  2771  3271 V WindowManager:    ChangeInfo{9e9daaf container=Display{#0 state=ON size=1080x2340 ROTATION_0} flags=0x0}
06-19 10:27:34.682  2771  3271 V WindowManager:    ChangeInfo{b8d9ebc container=ActivityRecord{196862646 u0 com.ESC.sobersight/.MainActivity t334} flags=0x0}
06-19 10:27:34.682  2771  3271 V WindowManager:    ChangeInfo{3120e45 container=DefaultTaskDisplayArea_d0@209168339 flags=0x0}
06-19 10:27:34.682  2771  3271 V WindowManager:    ChangeInfo{d67499a container=Task{cd72bb7 #334 type=standard A=10369:com.ESC.sobersight} flags=0x0}
06-19 10:27:34.682  2771  3271 V WindowManager: ]
06-19 10:27:34.682  2771  3271 V WindowManager: }, caller=com.android.server.wm.ActivityStarter.handleStartResult:982 com.android.server.wm.ActivityStarter.startActivityUnchecked:124 com.android.server.wm.ActivityStarter.executeRequest:3559 com.android.server.wm.ActivityStarter.execute:1752 com.android.server.wm.ActivityTaskManagerService.startActivityAsUser:95 
06-19 10:27:34.683  2771  3271 I Pageboost: stop alp
06-19 10:27:34.683  2771  3271 I ActivityTaskManager: START u0 {act=android.intent.action.MAIN cat=[android.intent.category.LAUNCHER] flg=0x10200000 cmp=com.ESC.sobersight/.MainActivity} with LAUNCH_SINGLE_TASK from uid 2000 (BAL_ALLOW_PERMISSION) result code=0
06-19 10:27:34.683  2771  3271 I SemDvfsHyPerManager: acquire hyper - AMS_APP_LAUNCH/2771@17, type = -999
06-19 10:27:34.683  4633  4633 E pageboostd: Received HALT command code 2
06-19 10:27:34.684  3813  3883 D ViewRootImpl: desktopMode is false
06-19 10:27:34.684 16198 16198 I Monkey  : Events injected: 1
06-19 10:27:34.684  3813  3883 I ViewRootImpl: dVRR is disabled
06-19 10:27:34.684  3813  3945 D NativeCustomFrequencyManager: [NativeCFMS] BpCustomFrequencyManager::BpCustomFrequencyManager()
06-19 10:27:34.685  1922  1959 I HYPER-HAL: [RequestManager.cpp]acquire(): Acquired ID : 17044060  [5819 / 19]    HINT : APP_START    list : [TIMEOUT / 1500] 
06-19 10:27:34.686  1922  1959 I HYPER-HAL: [RequestManager.cpp]acquire(): Acquired ID : 3887883  [2771 / 17]    HINT : AMS_APP_LAUNCH    list : 
06-19 10:27:34.686  2771  4411 D InputTransport: Input channel constructed: 'cf3eaa8', fd=931
06-19 10:27:34.686  2771  4411 D InputTransport: Input channel constructed: 'cf3eaa8', fd=1030
06-19 10:27:34.686  2771  4411 D InputTransport: Input channel constructed: 'cf3eaa8', fd=1034
06-19 10:27:34.686  2771  4411 D InputTransport: Input channel destroyed: 'cf3eaa8', fd=1030
06-19 10:27:34.686  2771  4411 D WindowManager: prepareSync <SYNC_STATE_WAITING_FOR_DRAW>, mPrepareSyncSeqId=0, win=Window{cf3eaa8 u0 Splash Screen com.ESC.sobersight}
06-19 10:27:34.687  2028  3395 I SurfaceFlinger: id=646 createSurf, flag=84004, cf3eaa8 Splash Screen com.ESC.sobersight#646
06-19 10:27:34.687  2771  4411 D RestrictionPolicy: isScreenCaptureEnabled : ret=true userId=0
06-19 10:27:34.687  2267  3269 I CameraService: onUidStateChanged: uid=10044, procState is changed. (0 -> 1)
06-19 10:27:34.687  2771  4411 V WindowManager: addWindow: ActivityRecord{196862646 u0 com.ESC.sobersight/.MainActivity t334} startingWindow=Window{cf3eaa8 u0 Splash Screen com.ESC.sobersight}
06-19 10:27:34.688  2771  4411 D InputTransport: Input channel destroyed: 'cf3eaa8', fd=1034
06-19 10:27:34.688  2771  3271 D KNOX_MDM_SettingsProvider: isChangeAllowed() : name = accelerometer_rotation
06-19 10:27:34.688  4323  4323 I HoneySpace.Launcher: !@Boot_EBS_D: Launcher.onPause()
06-19 10:27:34.688  2771  3271 D SettingsProvider: PUT_ret(/system/accelerometer_rotation), callingPackage:android
06-19 10:27:34.688  2771  3271 D KNOX_MDM_SettingsProvider: isChangeAllowed() : name = user_rotation
06-19 10:27:34.689  4323  4323 I HoneySpace.Launcher: updateLauncherShowing true -> false
06-19 10:27:34.689  3813  3883 D InputTransport: Input channel constructed: 'cf3eaa8', fd=277
06-19 10:27:34.689  4323 15198 I HoneySpace.SPayHandler: updateSpayHandler launcher activity is paused false
06-19 10:27:34.689  3813  3883 I InsetsController: onStateChanged: host=Splash Screen com.ESC.sobersight, from=android.view.ViewRootImpl.onInsetsStateChanged:3026, state=InsetsState: {mDisplayFrame=Rect(0, 0 - 1080, 2340), mDisplayCutout=DisplayCutout{insets=Rect(0, 81 - 0, 0) waterfall=Insets{left=0, top=0, right=0, bottom=0} boundingRect={Bounds=[Rect(0, 0 - 0, 0), Rect(512, 0 - 568, 81), Rect(0, 0 - 0, 0), Rect(0, 0 - 0, 0)]} cutoutPathParserInfo={CutoutPathParserInfo{displayWidth=1080 displayHeight=2340 physicalDisplayWidth=1080 physicalDisplayHeight=2340 density={3.0} cutoutSpec={M 0,0 H -9.333333333333333 V 27 H 9.333333333333333 V 0 H 0 Z @dp} rotation={0} scale={1.0} physicalPixelDisplaySizeRatio={1.0}}} sideOverrides={}}, mRoundedCorners=RoundedCorners{[RoundedCorner{position=TopLeft, radius=102, center=Point(102, 102)}, RoundedCorner{position=TopRight, radius=102, center=Point(978, 102)}, RoundedCorner{position=BottomRight, radius=102, center=Point(978, 2238)}, RoundedCorner{position=BottomLeft, radius=102, center=Point(102, 2238)}]}  mRoundedCornerFrame=Rect(0, 0 - 1080, 2340), mPrivacyIndicatorBounds=PrivacyIndicatorBounds {static bounds=Rect(948, 0 - 1080, 81) rotation=0}, mDisplayShape=DisplayShape{ spec=-311912193 displayWidth=1080 displayHeight=2340 physicalPixelDisplaySizeRatio=1.0 rotation=0 offsetX=0 offsetY=0 scale=1.0}, mSources= { InsetsSource: {d3770001 mType=navigationBars mFrame=[0,2295][1080,2340] mVisible=true mFlags=SUPPRESS_SCRIM mSideHint=BOTTOM mBoundingRects=null}, InsetsSource: {d3770004 mType=systemGestures mFrame=[0,0][90,2340] mVisible=true mFlags= mSideHint=LEFT mBoundingRects=null}, InsetsSource: {d3770005 mType=mandatorySystemGestures mFrame=[0,2244][1080,2340] mVisible=true mFlags= mSideHint=BOTTOM mBoundingRects=null}, InsetsSource: {d3770006 mType=tappableElement mFrame=[0,0][0,0] mVisible=true mFlags= mSideHint=NONE mBoundingRects=null}, InsetsSource: {d3770024 mType=systemGestures mFrame=[990,0][1080,2340] mVisible=true mFlags= mSideHint=RIGHT mBoundingRects=null}, InsetsSource: {daa00000 mType=statusBars mFrame=[0,0][1080,81] mVisible=true mFlags= mSideHint=TOP mBoundingRects=null}, InsetsSource: {daa00005 mType=mandatorySystemGestures mFrame=[0,0][1080,117] mVisible=true mFlags= mSideHint=TOP mBoundingRects=null}, InsetsSource: {daa00006 mType=tappableElement mFrame=[0,0][1080,81] mVisible=true mFlags= mSideHint=TOP mBoundingRects=null}, InsetsSource: {27 mType=displayCutout mFrame=[0,0][1080,81] mVisible=true mFlags= mSideHint=TOP mBoundingRects=null} }
06-19 10:27:34.689  2771  6578 V WindowManager: Checking theme of starting window: 0x7f130245
06-19 10:27:34.689  3813  3883 I VRI[sobersight]@1c80a6e: onActiveControlsChanged, removed=false, mAdded=true, caller=android.view.ViewRootImpl.handleInsetsControlChanged:3002 android.view.ViewRootImpl.setView:2014 android.view.WindowManagerGlobal.addView:604 com.android.wm.shell.startingsurface.SplashscreenWindowCreator.addWindow:38 com.android.wm.shell.startingsurface.StartingWindowController$$ExternalSyntheticLambda4.run:1365 
06-19 10:27:34.689  2771  6578 V WindowManager: Translucent=false Floating=false ShowWallpaper=false Disable=false
06-19 10:27:34.689  3813  3883 I VRI[sobersight]@1c80a6e: synced displayState. AttachInfo displayState=2
06-19 10:27:34.690  3813  3868 V WindowManagerShell: Transition requested (#58): android.os.BinderProxy@8d24fa5 TransitionRequestInfo { type = OPEN, triggerTask = TaskInfo{userId=0 taskId=334 effectiveUid=10369 displayId=0 isRunning=true baseIntent=Intent { act=android.intent.action.MAIN cat=[android.intent.category.LAUNCHER] flg=0x10200000 cmp=com.ESC.sobersight/.MainActivity } baseActivity=ComponentInfo{com.ESC.sobersight/com.ESC.sobersight.MainActivity} topActivity=ComponentInfo{com.ESC.sobersight/com.ESC.sobersight.MainActivity} origActivity=null realActivity=ComponentInfo{com.ESC.sobersight/com.ESC.sobersight.MainActivity} numActivities=1 lastActiveTime=40980746 supportsMultiWindow=true resizeMode=1 isResizeable=true minWidth=-1 minHeight=-1 maxWidth=-1 maxHeight=-1 defaultMinSize=220 desktopDefaultMinSize=304 token=WCT{android.window.IWindowContainerToken$Stub$Proxy@9c4a388} topActivityType=1 pictureInPictureParams=null shouldDockBigOverlays=false launchIntoPipHostTaskId=-1 lastParentTaskIdBeforePip=-1 displayCutoutSafeInsets=Rect(0, 81 - 0, 0) topActivityInfo=ActivityInfo{5bd4121 com.ESC.sobersight.MainActivity} launchCookies=[] positionInParent=Point(0, 0) parentTaskId=-1 isFocused=false isVisible=false isVisibleRequested=false isTopActivityNoDisplay=false isSleeping=false locusId=null displayAreaFeatureId=1 isTopActivityTransparent=false isActivityStackTransparent=false lastNonFullscreenBounds=Rect(81, 603 - 999, 1773) capturedLink=null capturedLinkTimestamp=0 requestedVisibleTypes=-9 topActivityRequestOpenInBrowserEducationTimestamp=0 appCompatTaskInfo=AppCompatTaskInfo { topActivityInSizeCompat=false eligibleForLetterboxEducation= false isLetterboxEducationEnabled= false isLetterboxDoubleTapEnabled= false eligibleForUserAspectRatioButton= false topActivityBoundsLetterboxed= false isFromLetterboxDoubleTap= false topActivityLetterboxVerticalPosition= -1 topActivityLetterboxHorizontalPosition= -1 topActivityLetterboxWidth=-1 topActivityLetterboxHeight=-1 topActivityAppBounds=Rect(0, 0 - 1080, 2340) isUserFullscreenOverrideEnabled=false isSystemFullscreenOverrideEnabled=false hasMinAspectRatioOverride=false topActivityLetterboxBounds=null cameraCompatTaskInfo=CameraCompatTaskInfo { freeformCameraCompatMode=inactive} topActivityBounds=null topActivityInDisplayCompat=false singleTapFromLetterbox=false} topActivityMainWindowFrame=null originallySupportedMultiWindow=true hasWallpaper=false rootAffinity=10369:com.ESC.sobersight isTopTaskInStage=false CoverLauncherWidgetTask=false LaunchedFromAppsCoverLauncherTask=false LaunchedFromMultistarCoverLauncherTask=false isAllowedSeamlessRotation=false isTopTransparentActivity=false isAliasManaged=false hasConfigChanged=false snappingGuideBounds=null isAiKeyRemoveAppTask=false lastDesktopWindowingBounds=null lastExternalDesktopWindowingBounds=null safeCutoutInsets=null}, pipChange = null, remoteTransition = null, displayChange = null, flags = 0, debugId = 58 }
06-19 10:27:34.690  3813  3868 V ShellDesktopMode: DesktopTasksController: isDesktopModeShowing: hasVisibleTasks=false hasTopTransparentFullscreenTask=false
06-19 10:27:34.690  3813  3868 V ShellDesktopMode: DesktopTasksController: isDesktopModeShowing: hasVisibleTasks=false hasTopTransparentFullscreenTask=false
06-19 10:27:34.690  3813  3868 D ShellSplitScreen: logExit: no-op, mLoggerSessionId is null
06-19 10:27:34.690  3813  3868 D ShellDesktopMode: handleRequest: TransitionRequestInfo {type=1, tid=334, debugId=58}
06-19 10:27:34.690  2771  6578 V WindowManager: Collecting in transition 58: ActivityRecord{196862646 u0 com.ESC.sobersight/.MainActivity t334}, caller=com.android.server.wm.TransitionController.collect:7 com.android.server.wm.ActivityRecord.setVisibility:132 com.android.server.wm.EnsureActivitiesVisibleHelper.process:459 com.android.server.wm.TaskFragment.updateActivityVisibilities:12 com.android.server.wm.Task$$ExternalSyntheticLambda37.accept:37 
06-19 10:27:34.691  2771  6578 V WindowManager: Collecting in transition 58: ActivityRecord{33401934 u0 com.sec.android.app.launcher/.activities.LauncherActivity t319}, caller=com.android.server.wm.TransitionController.collect:7 com.android.server.wm.ActivityRecord.setVisibility:132 com.android.server.wm.ActivityRecord.makeInvisible:32 com.android.server.wm.EnsureActivitiesVisibleHelper.process:542 com.android.server.wm.TaskFragment.updateActivityVisibilities:12 
06-19 10:27:34.691  2771  6578 D WindowManager: prepareSync <SYNC_STATE_WAITING_FOR_DRAW>, mPrepareSyncSeqId=0, win=Window{c854ba7 u0 com.sec.android.app.launcher/com.sec.android.app.launcher.activities.LauncherActivity}
06-19 10:27:34.691  3813  3868 V ShellDesktopMode: DesktopTasksController: handleFullscreenTaskLaunch
06-19 10:27:34.691  2771  6578 V WindowManager: Collecting in transition 58: WallpaperWindowToken{5acf6d3 showWhenLocked=true}_<lock>, caller=com.android.server.wm.Transition.collect:387 com.android.server.wm.TransitionController.collect:7 com.android.server.wm.ActivityRecord.setVisibility:132 com.android.server.wm.ActivityRecord.makeInvisible:32 com.android.server.wm.EnsureActivitiesVisibleHelper.process:542 
06-19 10:27:34.691  2771  6578 V WindowManager: Collecting in transition 58: WallpaperWindowToken{fcfc1ca showWhenLocked=false}_<system>, caller=com.android.server.wm.Transition.collect:410 com.android.server.wm.TransitionController.collect:7 com.android.server.wm.ActivityRecord.setVisibility:132 com.android.server.wm.ActivityRecord.makeInvisible:32 com.android.server.wm.EnsureActivitiesVisibleHelper.process:542 
06-19 10:27:34.691  3813  3868 V ShellDesktopMode: DesktopTasksController: isDesktopModeShowing: hasVisibleTasks=false hasTopTransparentFullscreenTask=false
06-19 10:27:34.691  3813  3868 V ShellDesktopMode: DesktopTasksController: handleRequest result=null
06-19 10:27:34.691  3813  3813 D SettingsHelper: onChange() COMPLETED elapsed= 1
06-19 10:27:34.691  3813  3813 D SRotationLockTile:  OnChangedCallback : 
06-19 10:27:34.691  2771  6578 V WindowManager: Collecting in transition 58: WallpaperWindowToken{fcfc1ca showWhenLocked=false}_<system>, caller=com.android.server.wm.TransitionController.collect:7 com.android.server.wm.WallpaperWindowToken.setVisibility:55 com.android.server.wm.WallpaperController.adjustWallpaperWindows:857 com.android.server.wm.RootWindowContainer.applySurfaceChangesTransaction$1:141 com.android.server.wm.RootWindowContainer.performSurfacePlacementNoTrace:59 
06-19 10:27:34.691  2771  6578 D SurfaceComposerClient: setCornerRadius ## cf3eaa8 Splash Screen com.ESC.sobersight#646 cornerRadius=0.000000
06-19 10:27:34.691  2771  6578 D SurfaceComposerClient: setCornerRadius ## cf3eaa8 Splash Screen com.ESC.sobersight#646 cornerRadius=0.000000
06-19 10:27:34.692  4323 15197 I HoneySpace.GlobalSettingDataSourceImpl: Setting accelerometer_rotation changed to 0
06-19 10:27:34.692  4323  4427 I HoneySpace.TopTaskSource: onTaskMovedToFront : taskId = 334, displayId = 0
06-19 10:27:34.692  3813  3813 D Navbar.Store: handleEvent(0) OnRotationLockedChanged(rotationLocked=true) [Module] NavBarStoreImpl
06-19 10:27:34.692  4323  4429 I HoneySpace.TopTaskUseCase: topTasks 334 ComponentInfo{com.ESC.sobersight/com.ESC.sobersight.MainActivity}[displayId=0]
06-19 10:27:34.692  2771  3271 V WindowManager: Computed rotation=ROTATION_0 (0) for display id=0 based on lastOrientation=SCREEN_ORIENTATION_UNSPECIFIED (-1) and oldRotation=ROTATION_0 (0), caller=com.android.server.wm.WindowManagerService.updateRotationUnchecked:72 com.android.server.wm.WindowManagerService.freezeDisplayRotation:156 com.android.server.wm.WindowManagerService.freezeRotation:2 android.view.IWindowManager$Stub.onTransact:3004 com.android.server.wm.WindowManagerService.onTransact:1 android.os.Binder.execTransactInternal:1457 
06-19 10:27:34.692  5819  5819 I SemDvfsHyPerManager: acquire hyper - APP_START/5819@21, type = -999
06-19 10:27:34.692  1922  1959 I HYPER-HAL: [RequestManager.cpp]acquire(): Acquired ID : 17055741  [5819 / 21]    HINT : APP_START    list : 
06-19 10:27:34.693  2771  6614 V WindowManager: Starting Transition 58, caller=com.android.server.wm.WindowOrganizerController.startTransition:47 com.android.server.wm.WindowOrganizerController.startTransition:1 android.window.IWindowOrganizerController$Stub.onTransact:259 
06-19 10:27:34.694  2771  3334 D TspStateManager: updateCustomValue customSetting=
06-19 10:27:34.696  2028  2028 I SurfaceFlinger: [Display 0 name="Built-in Screen"#49] setFrameRateCategory: High
06-19 10:27:34.696  2028  2028 I SurfaceFlinger: [Task=334#644] attach to parent LayerHierarchy{RequestedLayerState{DefaultTaskDisplayArea_d0#10 parentId=9} 8 children}
06-19 10:27:34.696  2028  2028 I SurfaceFlinger: [ActivityRecord{196862646 u0 com.ESC.sobersight/.MainActivity t334}#645] attach to parent LayerHierarchy{RequestedLayerState{Task=334#644 parentId=10} 1 children}
06-19 10:27:34.696  2028  2028 I SurfaceFlinger: [cf3eaa8 Splash Screen com.ESC.sobersight#646] attach to parent LayerHierarchy{RequestedLayerState{ActivityRecord{196862646 u0 com.ESC.sobersight/.MainActivity t334}#645 parentId=644} 1 children}
06-19 10:27:34.697  3813  3883 I VRI[sobersight]@1c80a6e: setView = android.widget.FrameLayout@bf2f946 IsHRR=false mFlingFrameRateChange=0 TM=true
06-19 10:27:34.697  3813  3945 D HWUI    : HWUI - treat SMPTE_170M as sRGB
06-19 10:27:34.697  2771  3617 I CocktailBarManagerServiceContainer: handleMessage: entry what = 6
06-19 10:27:34.698  3813  3868 D ShellDesktopMode: [u0] DesktopRepository: Removes freeform task: taskId=332
06-19 10:27:34.698  2771  3271 D KNOX_MDM_SettingsProvider: isChangeAllowed() : name = accelerometer_rotation
06-19 10:27:34.698  3813  3868 W ShellDesktopMode: [u0] DesktopRepository: No display id found for task: taskId=332
06-19 10:27:34.698  2771  3626 D BackgroundInstallControlService: Package event received: 0
06-19 10:27:34.698  3813  3868 D ShellDesktopMode: [u0] DesktopRepository: Removes freeform task: taskId=332
06-19 10:27:34.698  2028  2028 I LayerHistory: NavigationBar0$_3813#114 voted ExplicitCategory with category: High
06-19 10:27:34.698  2028  2028 I LayerHistory: com.sec.android.app.launcher/com.samsung.app.honeyspace.edge.edgepanel.app.CocktailBarService$_4323#403 voted ExplicitCategory with category: High
06-19 10:27:34.698  3813  3868 W ShellDesktopMode: [u0] DesktopRepository: No display id found for task: taskId=332
06-19 10:27:34.698  2028  2028 I LayerHistory: com.sec.android.app.launcher/com.sec.android.app.launcher.activities.LauncherActivity$_4323#405 voted ExplicitCategory with category: High
06-19 10:27:34.698  2028  2028 I LayerHistory: Wallpaper BBQ wrapper 5_system#100 voted ExplicitCategory with category: High
06-19 10:27:34.698  2028  2028 I LayerHistory: StatusBar$_3813#116 voted ExplicitCategory with category: High
06-19 10:27:34.698  2028  2028 I SurfaceFlinger: All layers Category Highscored - choose 120.00 Hz
06-19 10:27:34.698  2771  3271 D SettingsProvider: PUT_ret(/system/accelerometer_rotation), callingPackage:android
06-19 10:27:34.698  2771  3271 D KNOX_MDM_SettingsProvider: isChangeAllowed() : name = user_rotation
06-19 10:27:34.699  3813  3888 D SRotationLockTile:  mRotationLocked: true handleUpdateState: false orientation = true
06-19 10:27:34.699  2028  2028 I HWComposer: [4630947232161729154] ActiveConfigToHWC, ID : 0
06-19 10:27:34.699  2028  2028 D SurfaceFlinger: GPIS:: requestGPISForClientComposition
06-19 10:27:34.699  4323 15196 I HoneySpace.RecentTasks: onRecentTasksChanged
06-19 10:27:34.699  4323 12522 I HoneySpace.RecentTasks: onRecentTasksChanged
06-19 10:27:34.700  2771  4795 D CoreBackPreview: Window{cf3eaa8 u0 Splash Screen com.ESC.sobersight}: Setting back callback OnBackInvokedCallbackInfo{mCallback=android.window.IOnBackInvokedCallback$Stub$Proxy@a42f416, mPriority=0, mIsAnimationCallback=false, mOverrideBehavior=0}
06-19 10:27:34.700  3813  3813 D SecQSCommonTileView: handleStateChanged state.spec = RotationLock, parent = com.android.systemui.qs.tileimpl.NoLabelTileView{1e131d2 VFE...CL. ......I. 0,0-0,0}, iconFrame = @47c62a3 V, icon = @c15d9a0 V, common = @f5c9959
06-19 10:27:34.700  1944  2294 I SDM     : HWCDisplay::SubmitDisplayConfig: [DispConfigs] config 9 => 0, hs_mode 1 => 1
06-19 10:27:34.700  1944  2294 I SDM     : HWDeviceDRM::SetDisplaySwitchMode: [DispConfigs] check hs_mode 1
06-19 10:27:34.700  1944  2294 I SDM     : HWDeviceDRM::SetDisplaySwitchMode: [DispConfigs] Set mode index:0 1080x2340x120xcmdHS, hs_mode(1), found_mode(1)
06-19 10:27:34.700  1944  2294 I SDM     : HWDeviceDRM::UpdateMixerAttributes: Mixer WxH 1080x2340-1 for Peripheral
06-19 10:27:34.700  1944  2294 I SDM     : HWCDisplay::SubmitDisplayConfig: Active configuration changed from config 9 to 0
06-19 10:27:34.700  3813  3813 D SecQSCommonTileView: handleStateChanged state.spec = RotationLock, parent = LabelTileView{@d19d353, #7f0a0df0, app:id/tile_label V, label = @d19d353, #7f0a0df0, app:id/tile_label V, iconFrame = @101da24 V, icon = @da03742 V, common = @deadf27}, labelContainer = @7947490, #7f0a0661, app:id/label_group V, label = @d19d353, #7f0a0df0, app:id/tile_label V, iconFrame = @101da24 V, icon = @da03742 V, common = @deadf27
06-19 10:27:34.701  2771  6614 I WindowManager: Relayout Window{cf3eaa8 u0 Splash Screen com.ESC.sobersight}: viewVisibility=0 req=1080x2340 ty=3 d0
06-19 10:27:34.701  2028  3420 I SurfaceFlinger: id=647 createSurf, flag=44004, Splash Screen com.ESC.sobersight$_3813#647
06-19 10:27:34.702  2028  3433 D NativeSemDvfsManager: acquire:: timeout = 2000 mIsAcquired = 1  mTagName : SurfaceFlinger 
06-19 10:27:34.702  2028  3433 E NativeCustomFrequencyManager: [NativeCFMS] BpCustomFrequencyManager::acquire()
06-19 10:27:34.702  2771  2881 D SGM:FgCheckThread: notePauseComponent(), received pkgName: com.sec.android.app.launcher, userId: 0
06-19 10:27:34.702  1922  1959 I HYPER-HAL: [RequestManager.cpp]acquire(): Acquired ID : 4586906  [2028 / 1000]    HINT : SF_GPU_MINLOCK    list : [TIMEOUT / 2000] 
06-19 10:27:34.702  2771  6614 D WindowManager: makeSurface duration=1 name=Splash Screen com.ESC.sobersight$_3813
06-19 10:27:34.703  2771  6614 D SurfaceComposerClient: setCornerRadius ## cf3eaa8 Splash Screen com.ESC.sobersight#646 cornerRadius=0.000000
06-19 10:27:34.703  2771  6614 D SurfaceComposerClient: setCornerRadius ## cf3eaa8 Splash Screen com.ESC.sobersight#646 cornerRadius=0.000000
06-19 10:27:34.704  4323 15197 I HoneySpace.GlobalSettingDataSourceImpl: Setting accelerometer_rotation changed to 1
06-19 10:27:34.704  2771  6614 D WindowManager: Changing focus from Window{c854ba7 u0 com.sec.android.app.launcher/com.sec.android.app.launcher.activities.LauncherActivity} to null displayId=0 Callers=com.android.server.wm.WindowManagerService.relayoutWindow:1366 com.android.server.wm.Session.relayout:27 android.view.IWindowSession$Stub.onTransact:829 com.android.server.wm.Session.onTransact:1 
06-19 10:27:34.704  2771  6614 V SystemKeyManager: updateFocusedWindow() is called, 
06-19 10:27:34.705  2771  6614 V WindowManager: rotationForOrientation(orient=SCREEN_ORIENTATION_PORTRAIT (1), last=ROTATION_0 (0)); user=ROTATION_0 (0) 
06-19 10:27:34.705  2771  6614 D WindowManager: rotationForOrientation, orientationSource=ActivityRecord{196862646 u0 com.ESC.sobersight/.MainActivity t334}
06-19 10:27:34.705  2771  6614 V WindowManager: Computed rotation=ROTATION_0 (0) for display id=0 based on lastOrientation=SCREEN_ORIENTATION_PORTRAIT (1) and oldRotation=ROTATION_0 (0), caller=com.android.server.wm.DisplayRotation.updateOrientation:79 com.android.server.wm.DisplayContent.updateOrientation:41 com.android.server.wm.DisplayContent.updateOrientation:1 com.android.server.wm.WindowManagerService.relayoutWindow:1421 com.android.server.wm.Session.relayout:27 android.view.IWindowSession$Stub.onTransact:829 
06-19 10:27:34.705  2771  6614 I WindowManager: Relayout hash=cf3eaa8, pid=3813, syncId=-1: mAttrs={(0,0)(fillxfill) sim={adjust=pan} layoutInDisplayCutoutMode=always ty=APPLICATION_STARTING fmt=TRANSLUCENT wanim=0x1030306
06-19 10:27:34.705  2771  6614 I WindowManager:   fl=81030118
06-19 10:27:34.705  2771  6614 I WindowManager:   pfl=10000810
06-19 10:27:34.705  2771  6614 I WindowManager:   apr=18
06-19 10:27:34.705  2771  6614 I WindowManager:   bhv=1
06-19 10:27:34.705  2771  6614 I WindowManager:   fitSides=0
06-19 10:27:34.705  2771  6614 I WindowManager:   frameRateBoostOnTouch=true
06-19 10:27:34.705  2771  6614 I WindowManager:   dvrrWindowFrameRateHint=true naviIconColor=0}
06-19 10:27:34.706  3813  3883 I InsetsController: onStateChanged: host=Splash Screen com.ESC.sobersight, from=android.view.ViewRootImpl.onInsetsStateChanged:3026, state=InsetsState: {mDisplayFrame=Rect(0, 0 - 1080, 2340), mDisplayCutout=DisplayCutout{insets=Rect(0, 81 - 0, 0) waterfall=Insets{left=0, top=0, right=0, bottom=0} boundingRect={Bounds=[Rect(0, 0 - 0, 0), Rect(512, 0 - 568, 81), Rect(0, 0 - 0, 0), Rect(0, 0 - 0, 0)]} cutoutPathParserInfo={CutoutPathParserInfo{displayWidth=1080 displayHeight=2340 physicalDisplayWidth=1080 physicalDisplayHeight=2340 density={3.0} cutoutSpec={M 0,0 H -9.333333333333333 V 27 H 9.333333333333333 V 0 H 0 Z @dp} rotation={0} scale={1.0} physicalPixelDisplaySizeRatio={1.0}}} sideOverrides={}}, mRoundedCorners=RoundedCorners{[RoundedCorner{position=TopLeft, radius=102, center=Point(102, 102)}, RoundedCorner{position=TopRight, radius=102, center=Point(978, 102)}, RoundedCorner{position=BottomRight, radius=102, center=Point(978, 2238)}, RoundedCorner{position=BottomLeft, radius=102, center=Point(102, 2238)}]}  mRoundedCornerFrame=Rect(0, 0 - 1080, 2340), mPrivacyIndicatorBounds=PrivacyIndicatorBounds {static bounds=Rect(948, 0 - 1080, 81) rotation=0}, mDisplayShape=DisplayShape{ spec=-311912193 displayWidth=1080 displayHeight=2340 physicalPixelDisplaySizeRatio=1.0 rotation=0 offsetX=0 offsetY=0 scale=1.0}, mSources= { InsetsSource: {d3770001 mType=navigationBars mFrame=[0,2295][1080,2340] mVisible=true mFlags=SUPPRESS_SCRIM mSideHint=BOTTOM mBoundingRects=null}, InsetsSource: {d3770004 mType=systemGestures mFrame=[0,0][90,2340] mVisible=true mFlags= mSideHint=LEFT mBoundingRects=null}, InsetsSource: {d3770005 mType=mandatorySystemGestures mFrame=[0,2244][1080,2340] mVisible=true mFlags= mSideHint=BOTTOM mBoundingRects=null}, InsetsSource: {d3770006 mType=tappableElement mFrame=[0,0][0,0] mVisible=true mFlags= mSideHint=NONE mBoundingRects=null}, InsetsSource: {d3770024 mType=systemGestures mFrame=[990,0][1080,2340] mVisible=true mFlags= mSideHint=RIGHT mBoundingRects=null}, InsetsSource: {daa00000 mType=statusBars mFrame=[0,0][1080,81] mVisible=true mFlags= mSideHint=TOP mBoundingRects=null}, InsetsSource: {daa00005 mType=mandatorySystemGestures mFrame=[0,0][1080,117] mVisible=true mFlags= mSideHint=TOP mBoundingRects=null}, InsetsSource: {daa00006 mType=tappableElement mFrame=[0,0][1080,81] mVisible=true mFlags= mSideHint=TOP mBoundingRects=null}, InsetsSource: {3 mType=ime mFrame=[0,0][0,0] mVisible=false mFlags= mSideHint=NONE mBoundingRects=null}, InsetsSource: {27 mType=displayCutout mFrame=[0,0][1080,81] mVisible=true mFlags= mSideHint=TOP mBoundingRects=null} }
06-19 10:27:34.706  3813  3883 I VRI[sobersight]@1c80a6e: onActiveControlsChanged, removed=false, mAdded=true, caller=android.view.ViewRootImpl.handleInsetsControlChanged:3002 android.view.ViewRootImpl.relayoutWindow:11629 android.view.ViewRootImpl.performTraversals:4804 android.view.ViewRootImpl.doTraversal:3924 android.view.ViewRootImpl$TraversalRunnable.run:12903 
06-19 10:27:34.706  3813  3883 W libc    : Access denied finding property "vendor.display.enable_optimal_refresh_rate"
06-19 10:27:34.706  3813  3883 I BufferQueueProducer: [](id:ee500000020,api:0,p:1631295344,c:3813) setDequeueTimeout:2077252342
06-19 10:27:34.707  3813  3883 I BLASTBufferQueue_Java: new BLASTBufferQueue, mName= VRI[sobersight]@1c80a6e mNativeObject= 0xb4000076016e9b30 caller= android.view.ViewRootImpl.updateBlastSurfaceIfNeeded:3585 android.view.ViewRootImpl.relayoutWindow:11685 android.view.ViewRootImpl.performTraversals:4804 android.view.ViewRootImpl.doTraversal:3924 android.view.ViewRootImpl$TraversalRunnable.run:12903 android.view.Choreographer$CallbackRecord.run:1901 android.view.Choreographer$CallbackRecord.run:1910 android.view.Choreographer.doCallbacks:1367 android.view.Choreographer.doFrame:1292 android.view.Choreographer$FrameDisplayEventReceiver.run:1870 
06-19 10:27:34.707  3813  3883 I BLASTBufferQueue_Java: update, w= 1080 h= 2340 mName = VRI[sobersight]@1c80a6e mNativeObject= 0xb4000076016e9b30 sc.mNativeObject= 0xb40000763144edd0 format= -3 caller= android.view.ViewRootImpl.updateBlastSurfaceIfNeeded:3590 android.view.ViewRootImpl.relayoutWindow:11685 android.view.ViewRootImpl.performTraversals:4804 android.view.ViewRootImpl.doTraversal:3924 android.view.ViewRootImpl$TraversalRunnable.run:12903 android.view.Choreographer$CallbackRecord.run:1901 
06-19 10:27:34.707  3813  3883 W libc    : Access denied finding property "vendor.display.enable_optimal_refresh_rate"
06-19 10:27:34.707  3813  3883 I VRI[sobersight]@1c80a6e: Relayout returned: old=(0,0,1080,2340) new=(0,0,1080,2340) relayoutAsync=false req=(1080,2340)0 dur=7 res=0x3 s={true 0xb4000076814cc5f0} ch=true seqId=0
06-19 10:27:34.707  3813  3883 I VRI[sobersight]@1c80a6e: performConfigurationChange setNightDimText nightDimLevel=0
06-19 10:27:34.708  3813  3883 D VRI[sobersight]@1c80a6e: mThreadedRenderer.initialize() mSurface={isValid=true 0xb4000076814cc5f0} hwInitialized=true
06-19 10:27:34.708  3813  3883 D VRI[sobersight]@1c80a6e: reportNextDraw android.view.ViewRootImpl.performTraversals:5443 android.view.ViewRootImpl.doTraversal:3924 android.view.ViewRootImpl$TraversalRunnable.run:12903 android.view.Choreographer$CallbackRecord.run:1901 android.view.Choreographer$CallbackRecord.run:1910 
06-19 10:27:34.708  3813  3883 D VRI[sobersight]@1c80a6e: Setup new sync=wmsSync-VRI[sobersight]@1c80a6e#72
06-19 10:27:34.708  3813  3883 I VRI[sobersight]@1c80a6e: Creating new active sync group VRI[sobersight]@1c80a6e#73
06-19 10:27:34.709  3813  3883 D VRI[sobersight]@1c80a6e: registerCallbacksForSync syncBuffer=false
06-19 10:27:34.710  2771  3271 V WindowManager: Computed rotation=ROTATION_0 (0) for display id=0 based on lastOrientation=SCREEN_ORIENTATION_PORTRAIT (1) and oldRotation=ROTATION_0 (0), caller=com.android.server.wm.WindowManagerService.updateRotationUnchecked:72 com.android.server.wm.WindowManagerService.thawDisplayRotation:113 com.android.server.wm.WindowManagerService.thawRotation:2 android.view.IWindowManager$Stub.onTransact:3013 com.android.server.wm.WindowManagerService.onTransact:1 android.os.Binder.execTransactInternal:1457 
06-19 10:27:34.710  1843  1843 D Zygote  : Forked child process 16215
06-19 10:27:34.711  2771  2889 I ActivityManager: Start proc 16215:com.ESC.sobersight/u0a369 for next-top-activity {com.ESC.sobersight/com.ESC.sobersight.MainActivity}
06-19 10:27:34.711  2771  2889 I ActivityManager: ProcessObserver broadcast disabled
06-19 10:27:34.711  3813  3941 D VRI[sobersight]@1c80a6e: Received frameDrawingCallback syncResult=0 frameNum=1.
06-19 10:27:34.711  3813  3941 I VRI[sobersight]@1c80a6e: mWNT: t=0xb4000076713a9290 mBlastBufferQueue=0xb4000076016e9b30 fn= 1 HdrRenderState mRenderHdrSdrRatio=1.0 caller= android.view.ViewRootImpl$12.onFrameDraw:15441 android.view.ThreadedRenderer$1.onFrameDraw:718 <bottom of call stack> 
06-19 10:27:34.711  3813  3941 I VRI[sobersight]@1c80a6e: Setting up sync and frameCommitCallback
06-19 10:27:34.711  3813  3888 D SRotationLockTile:  mRotationLocked: false handleUpdateState: true orientation = true
06-19 10:27:34.712  2771  2881 I DisplayDeviceRepository: Display device changed render timings: "Built-in Screen", renderFrameRate=120.00001, presentationDeadlineNanos=9233333, appVsyncOffsetNanos=8333333, frameRateOverrides=[{uid=10044 frameRateHz=120.00001}, {uid=10153 frameRateHz=120.00001}]
06-19 10:27:34.712  4323 12581 I HoneySpace.InputDeviceSourceRepositoryImpl: onInputDeviceAdded 12
06-19 10:27:34.712  4323 15197 I HoneySpace.InputDeviceSourceRepositoryImpl: onInputDeviceAdded 12
06-19 10:27:34.713 21036 21036 I HBD     : b onInputDeviceAdded :: currentPhysicalKeyboardStatus : false 
06-19 10:27:34.713 16198 16198 I Monkey  : ## Network stats: elapsed time=41ms (0ms mobile, 0ms wifi, 41ms not connected)
06-19 10:27:34.713 21036 21036 I HBD     : b isPhysicalKeyboard() isPhysicalKeyboard false: deviceId=12, isVirtual=false, keyboardType=0, isKeyboardTypedMouse=false 
06-19 10:27:34.713  3813  3945 I BLASTBufferQueue: [VRI[sobersight]@1c80a6e#32](f:0,a:0,s:0) onFrameAvailable the first frame is available
06-19 10:27:34.714 16198 16198 I app_process: System.exit called, status: 0
06-19 10:27:34.714  3813  3945 I SurfaceComposerClient: apply transaction with the first frame. layerId: 647, bufferData(ID: 16376710312272, frameNumber: 1)
06-19 10:27:34.714 16198 16198 I AndroidRuntime: VM exiting with result code 0.
06-19 10:27:34.714  3813  3945 I VRI[sobersight]@1c80a6e: Received frameCommittedCallback lastAttemptedDrawFrameNum=1 didProduceBuffer=true
06-19 10:27:34.714  2028  3420 I SurfaceFlinger: [Splash Screen com.ESC.sobersight$_3813#647] setTransactionState with the first frame. bufferData(ID: 16376710312272, frameNumber: 1)
06-19 10:27:34.715  3813  3945 D HWUI    : CFMS:: SetUp Pid : 3813    Tid : 3945
06-19 10:27:34.715  2771 15524 E PerProcessNandswap$NandswapHandler: failed to handleMessage 0
06-19 10:27:34.715  2771  2881 W ProcessStats: Tracking association SourceState{d104b7b com.android.bluetooth/1002 ImpFg #26238} whose proc state 5 is better than process ProcessState{24c131c com.samsung.android.mcfserver/10122 pkg=com.samsung.android.mcfserver} proc state 14 (5 skipped)
06-19 10:27:34.716  4323  4323 I HoneySpace.TaskListPot[e485b6b]: navigationButtonVisible observe: 8
06-19 10:27:34.716  4323  4323 I HoneySpace.TaskListContainerView: isLastItemOutOfScreen null
06-19 10:27:34.716  4323  4323 I HoneySpace.TaskListContainerView: updateNavigationButtonVisible gone
06-19 10:27:34.717  3813  3883 D VRI[sobersight]@1c80a6e: reportDrawFinished seqId=0
06-19 10:27:34.717  4323  4323 I HoneySpace.RecentscreenPot: createLayoutStyle: PhoneLayoutStyle(ScreenLayoutStyle(insets=Insets{left=0, top=81, right=0, bottom=45}))
06-19 10:27:34.718  4323 15197 I HoneySpace.Memory-Monitor: current state = 2, didTrim = false
06-19 10:27:34.718  2771  3271 D WindowManager: finishDrawingWindow: Window{cf3eaa8 u0 Splash Screen com.ESC.sobersight} mDrawState=DRAW_PENDING seqId=0
06-19 10:27:34.718  2771  3271 V WindowManager: Finishing drawing window Window{cf3eaa8 u0 Splash Screen com.ESC.sobersight}: mDrawState=DRAW_PENDING
06-19 10:27:34.718  2771  3271 V WindowManager: Draw state now committed in Window{cf3eaa8 u0 Splash Screen com.ESC.sobersight}
06-19 10:27:34.721  2771  2882 D SurfaceComposerClient: setCornerRadius ## cf3eaa8 Splash Screen com.ESC.sobersight#646 cornerRadius=0.000000
06-19 10:27:34.721  2771  2882 D BLASTSyncEngine: SyncGroup 58: Set ready true, caller=com.android.server.wm.BLASTSyncEngine.setReady:32 com.android.server.wm.Transition.applyReady:54 com.android.server.wm.Transition.setReady:72 com.android.server.wm.TransitionController.setReady:6 com.android.server.wm.DisplayContent.executeAppTransition:4 com.android.server.wm.WindowState.performShowLocked:313 
06-19 10:27:34.721  2771  2882 D SurfaceComposerClient: setCornerRadius ## cf3eaa8 Splash Screen com.ESC.sobersight#646 cornerRadius=0.000000
06-19 10:27:34.721  2771  2882 V WindowManager: SyncGroup 58: Finished!
06-19 10:27:34.722  2771  2882 V WindowManager: performShowLocked: mDrawState=HAS_DRAWN in Window{cf3eaa8 u0 Splash Screen com.ESC.sobersight}
06-19 10:27:34.722  2771  2882 D WindowManagerServiceExt: updateTaskbarTargetIfNeeded: cn=ComponentInfo{com.ESC.sobersight/com.ESC.sobersight.MainActivity} occludesParent=true isInSplitScreenMode=false
06-19 10:27:34.722  2771  2882 D ChangeTransitionController: onTransactionReady: TransitionRecord{3b2a51 id=58 type=OPEN flags=0x0 c=[
06-19 10:27:34.722  2771  2882 D ChangeTransitionController:    ChangeInfo{35c6fee container=ActivityRecord{33401934 u0 com.sec.android.app.launcher/.activities.LauncherActivity t319} flags=0x0}
06-19 10:27:34.722  2771  2882 D ChangeTransitionController:    ChangeInfo{88a5c8f container=Task{3147427 #1 type=home} flags=0x0}
06-19 10:27:34.722  2771  2882 D ChangeTransitionController:    ChangeInfo{b72b1c container=Task{3eaae7c #319 type=home I=com.sec.android.app.launcher/.activities.LauncherActivity} flags=0x0}
06-19 10:27:34.722  2771  2882 D ChangeTransitionController:    ChangeInfo{c81325 container=WallpaperWindowToken{5acf6d3 showWhenLocked=true}_<lock> flags=0x0}
06-19 10:27:34.722  2771  2882 D ChangeTransitionController:    ChangeInfo{9e9daaf container=Display{#0 state=ON size=1080x2340 ROTATION_0} flags=0x0}
06-19 10:27:34.722  2771  2882 D ChangeTransitionController:    ChangeInfo{b8d9ebc container=ActivityRecord{196862646 u0 com.ESC.sobersight/.MainActivity t334} flags=0x0}
06-19 10:27:34.722  2771  2882 D ChangeTransitionController:    ChangeInfo{3120e45 container=DefaultTaskDisplayArea_d0@209168339 flags=0x0}
06-19 10:27:34.722  2771  2882 D ChangeTransitionController:    ChangeInfo{d67499a container=Task{cd72bb7 #334 type=standard A=10369:com.ESC.sobersight} flags=0x0}
06-19 10:27:34.722  2771  2882 D ChangeTransitionController:    ChangeInfo{ea39cfa container=RemoteWallpaperAnim:1:1@226585969 flags=0x0}
06-19 10:27:34.722  2771  2882 D ChangeTransitionController:    ChangeInfo{8da32ab container=WallpaperWindowToken{fcfc1ca showWhenLocked=false}_<system> flags=0x0}
06-19 10:27:34.722  2771  2882 D ChangeTransitionController: ]
06-19 10:27:34.722  2771  2882 D ChangeTransitionController: }
06-19 10:27:34.722  2771  2882 V WindowManager: Start calculating TransitionInfo based on participants: {ActivityRecord{33401934 u0 com.sec.android.app.launcher/.activities.LauncherActivity t319}, WallpaperWindowToken{5acf6d3 showWhenLocked=true}_<lock>, ActivityRecord{196862646 u0 com.ESC.sobersight/.MainActivity t334}, Task{cd72bb7 #334 type=standard A=10369:com.ESC.sobersight}, WallpaperWindowToken{fcfc1ca showWhenLocked=false}_<system>}
06-19 10:27:34.722  2771  2882 V WindowManager:   Final targets: [ChangeInfo{d67499a container=Task{cd72bb7 #334 type=standard A=10369:com.ESC.sobersight} flags=0x10}, ChangeInfo{88a5c8f container=Task{3147427 #1 type=home} flags=0x10}, ChangeInfo{8da32ab container=WallpaperWindowToken{fcfc1ca showWhenLocked=false}_<system> flags=0x0}]
06-19 10:27:34.722  2028  3420 I SurfaceFlinger: id=648 createSurf, flag=84004, Transition Root: Task=334#648
06-19 10:27:34.723  2771  2882 I SurfaceControlRegistry: show, t=StartTransaction_SyncId<58> sc=ActivityRecord{196862646 u0 com.ESC.sobersight/.MainActivity t334}, caller=android.view.SurfaceControl$Transaction.show:3557 com.android.server.wm.Transition.onTransactionReady:2048 com.android.server.wm.BLASTSyncEngine$SyncGroup.finishNow:240 com.android.server.wm.BLASTSyncEngine.onSurfacePlacement:263 com.android.server.wm.RootWindowContainer.performSurfacePlacementNoTrace:1083 com.android.server.wm.WindowSurfacePlacer.performSurfacePlacement:166 
06-19 10:27:34.723  2771  2882 D SurfaceComposerClient: setCornerRadius ## WallpaperWindowToken{fcfc1ca showWhenLocked=false}#86 cornerRadius=0.000000
06-19 10:27:34.724  2771  2882 D SurfaceComposerClient: setCornerRadius ## Task=1#53 cornerRadius=0.000000
06-19 10:27:34.724  2771  2882 D SurfaceComposerClient: setCornerRadius ## Task=334#644 cornerRadius=0.000000
06-19 10:27:34.724  2771  2882 V WindowManager: Calling onTransitionReady: {id=58 t=OPEN f=0x0 trk=0 r=[0@Point(0, 0)] c=[
06-19 10:27:34.724  2771  2882 V WindowManager:         {WCT{RemoteToken{3fe8ec6 Task{cd72bb7 #334 type=standard A=10369:com.ESC.sobersight}}} m=OPEN f=NONE leash=Surface(name=Task=334)/@0xb99dd08 sb=Rect(0, 0 - 1080, 2340) eb=Rect(0, 0 - 1080, 2340) epz=Point(1080, 2340) d=0 taskParent=-1 inset=Rect(0, 81 - 0, 45) dim=true},
06-19 10:27:34.724  2771  2882 V WindowManager:         {WCT{RemoteToken{d33aa23 Task{3147427 #1 type=home}}} m=TO_BACK f=SHOW_WALLPAPER|EDGE_EXTENSION_RESTRICTION leash=Surface(name=Task=1)/@0xeb744c6 sb=Rect(0, 0 - 1080, 2340) eb=Rect(0, 0 - 1080, 2340) epz=Point(1080, 2340) d=0 taskParent=-1 inset=Rect(0, 81 - 0, 45)},
06-19 10:27:34.724  2771  2882 V WindowManager:         {m=TO_BACK f=IS_WALLPAPER|IS_FIXED_PORTRAIT p=WCT{RemoteToken{2be9fe2 RemoteWallpaperAnim:1:1@226585969}} leash=Surface(name=WallpaperWindowToken{fcfc1ca showWhenLocked=false})/@0x8462fc sb=Rect(0, 0 - 1080, 2340) eb=Rect(0, 0 - 1080, 2340) epz=Point(1080, 2340) d=0 inset=Rect(0, 0 - 0, 0)}
06-19 10:27:34.724  2771  2882 V WindowManager:     ]}
06-19 10:27:34.724  2771  2882 D PowerManagerService: [api] setPowerBoost(L) boost:0, durationMs:0, caller (uid: 1000 pid: 2771) <- m() in com.android.server.display.DisplayManagerService$BinderService$$ExternalSyntheticOutline0:1
06-19 10:27:34.725  5871  6207 V OsAgent : broadcastSystemEvent - 7
06-19 10:27:34.725  3813  5772 V WindowManagerShell: onTransitionReady(transaction=11901354382587)
06-19 10:27:34.725  2771  2882 I WindowManager: Cancelling animation restarting=true, leash=Surface(name=Surface(name=5abfef9 StatusBar)/@0x217cafa - animation-leash of insets_animation)/@0x9ef1742
06-19 10:27:34.725  2771  2882 I WindowManager: Reparenting to original parent: Surface(name=WindowToken{c52d1c0 type=2000 android.os.BinderProxy@f7a24f2})/@0xb55c8ab, destroy=false, surface=Surface(name=5abfef9 StatusBar)/@0x217cafa
06-19 10:27:34.725  3813  3868 V WindowManagerShell: onTransitionReady (#58) android.os.BinderProxy@8d24fa5: {id=58 t=OPEN f=0x0 trk=0 r=[0@Point(0, 0)] c=[
06-19 10:27:34.725  3813  3868 V WindowManagerShell:         {m=OPEN f=NONE leash=Surface(name=Task=334)/@0x1a892a6 sb=Rect(0, 0 - 1080, 2340) eb=Rect(0, 0 - 1080, 2340) epz=Point(1080, 2340) d=0 taskParent=-1 inset=Rect(0, 81 - 0, 45) dim=true},
06-19 10:27:34.725  3813  3868 V WindowManagerShell:         {m=TO_BACK f=SHOW_WALLPAPER|EDGE_EXTENSION_RESTRICTION leash=Surface(name=Task=1)/@0x3d934e7 sb=Rect(0, 0 - 1080, 2340) eb=Rect(0, 0 - 1080, 2340) epz=Point(1080, 2340) d=0 taskParent=-1 inset=Rect(0, 81 - 0, 45)},
06-19 10:27:34.725  3813  3868 V WindowManagerShell:         {m=TO_BACK f=IS_WALLPAPER|IS_FIXED_PORTRAIT p=WCT{android.window.IWindowContainerToken$Stub$Proxy@73b3332} leash=Surface(name=WallpaperWindowToken{fcfc1ca showWhenLocked=false})/@0x3441894 sb=Rect(0, 0 - 1080, 2340) eb=Rect(0, 0 - 1080, 2340) epz=Point(1080, 2340) d=0 inset=Rect(0, 0 - 0, 0)}
06-19 10:27:34.725  3813  3868 V WindowManagerShell:     ]}
06-19 10:27:34.725  2771  2882 I WindowManager: Reparenting to leash, surface=Surface(name=5abfef9 StatusBar)/@0x217cafa, leashParent=Surface(name=WindowToken{c52d1c0 type=2000 android.os.BinderProxy@f7a24f2})/@0xb55c8ab
06-19 10:27:34.725  3813  3868 V ShellDesktopMode: DesktopModeLogger: taskInfo map after processing changes 0
06-19 10:27:34.725  3813  3888 D StackScroller: onDisplayChanged for predraw skip to 2
06-19 10:27:34.725  2028  3420 I SurfaceFlinger: id=649 createSurf, flag=24000, Surface(name=5abfef9 StatusBar)/@0x217cafa - animation-leash of insets_animation#649
06-19 10:27:34.725  3813  3868 D ShellDesktopMode: DesktopTaskChangeListener: onTaskOpening for taskId=334, displayId=0
06-19 10:27:34.725  2771  3334 I EventHub: Removing device Monkey touch due to epoll hang-up event.
06-19 10:27:34.725  2771  3334 I EventHub: Removed device: path=/dev/input/event13 name=Monkey touch id=17 fd=849 classes=TOUCH | TOUCH_MT
06-19 10:27:34.725  3813  3868 I SurfaceControlRegistry: hide, t=FinishTransaction_SyncId<58> sc=Task=1, caller=android.view.SurfaceControl$Transaction.hide:3583 com.android.wm.shell.transition.Transitions.dispatchReady:1263 com.android.wm.shell.transition.Transitions.onTransitionReady:251 com.android.wm.shell.transition.Transitions$TransitionPlayerImpl$$ExternalSyntheticLambda0.run:13 android.os.Handler.handleCallback:995 android.os.Handler.dispatchMessage:103 
06-19 10:27:34.725  3813  3868 I SurfaceControlRegistry: show, t=StartTransaction_SyncId<58> sc=Task=334, caller=android.view.SurfaceControl$Transaction.show:3557 com.android.wm.shell.transition.Transitions.dispatchReady:1279 com.android.wm.shell.transition.Transitions.onTransitionReady:251 com.android.wm.shell.transition.Transitions$TransitionPlayerImpl$$ExternalSyntheticLambda0.run:13 android.os.Handler.handleCallback:995 android.os.Handler.dispatchMessage:103 
06-19 10:27:34.725  2771  2876 V WindowManager: Sent Transition (#58) createdAt=06-19 10:27:34.672 via request=TransitionRequestInfo { type = OPEN, triggerTask = TaskInfo{userId=0 taskId=334 effectiveUid=10369 displayId=0 isRunning=true baseIntent=Intent { act=android.intent.action.MAIN cat=[android.intent.category.LAUNCHER] flg=0x10200000 cmp=com.ESC.sobersight/.MainActivity } baseActivity=ComponentInfo{com.ESC.sobersight/com.ESC.sobersight.MainActivity} topActivity=ComponentInfo{com.ESC.sobersight/com.ESC.sobersight.MainActivity} origActivity=null realActivity=ComponentInfo{com.ESC.sobersight/com.ESC.sobersight.MainActivity} numActivities=1 lastActiveTime=40980746 supportsMultiWindow=true resizeMode=1 isResizeable=true minWidth=-1 minHeight=-1 maxWidth=-1 maxHeight=-1 defaultMinSize=220 desktopDefaultMinSize=304 token=WCT{RemoteToken{3fe8ec6 Task{cd72bb7 #334 type=standard A=10369:com.ESC.sobersight}}} topActivityType=1 pictureInPictureParams=null shouldDockBigOverlays=false launchIntoPipHostTaskId=-1 lastParentTaskIdBeforePip=-1 displayCutoutSafeInsets=Rect(0, 81 - 0, 0) topActivityInfo=ActivityInfo{e73c1b4 com.ESC.sobersight.MainActivity} launchCookies=[] positionInParent=Point(0, 0) parentTaskId=-1 isFocused=false isVisible=false isVisibleRequested=false isTopActivityNoDisplay=false isSleeping=false locusId=null displayAreaFeatureId=1 isTopActivityTransparent=false isActivityStackTransparent=false lastNonFullscreenBounds=Rect(81, 603 - 999, 1773) capturedLink=null capturedLinkTimestamp=0 requestedVisibleTypes=-9 topActivityRequestOpenInBrowserEducationTimestamp=0 appCompatTaskInfo=AppCompatTaskInfo { topActivityInSizeCompat=false eligibleForLetterboxEducation= false isLetterboxEducationEnabled= false isLetterboxDoubleTapEnabled= false eligibleForUserAspectRatioButton= false topActivityBoundsLetterboxed= false isFromLetterboxDoubleTap= false topActivityLetterboxVerticalPosition= -1 topActivityLetterboxHorizontalPosition= -1 topActivityLetterboxWidth=-1 topActivityLetterboxHeight=-1 topActivityAppBounds=Rect(0, 0 - 1080, 2340) isUserFullscreenOverrideEnabled=false isSystemFullscreenOverrideEnabled=false hasMinAspectRatioOverride=false topActivityLetterboxBounds=null cameraCompatTaskInfo=CameraCompatTaskInfo { freeformCameraCompatMode=inactive} topActivityBounds=null topActivityInDisplayCompat=false singleTapFromLetterbox=false} topActivityMainWindowFrame=null originallySupportedMultiWindow=true hasWallpaper=false rootAffinity=10369:com.ESC.sobersight isTopTaskInStage=false CoverLauncherWidgetTask=false LaunchedFromAppsCoverLauncherTask=false LaunchedFromMultistarCoverLauncherTask=false isAllowedSeamlessRotation=false isTopTransparentActivity=false isAliasManaged=false hasConfigChanged=false snappingGuideBounds=null isAiKeyRemoveAppTask=false lastDesktopWindowingBounds=null lastExternalDesktopWindowingBounds=null safeCutoutInsets=null}, pipChange = null, remoteTransition = null, displayChange = null, flags = 0, debugId = 58 }
06-19 10:27:34.725  3813  3868 I SurfaceControlRegistry: show, t=FinishTransaction_SyncId<58> sc=Task=334, caller=android.view.SurfaceControl$Transaction.show:3557 com.android.wm.shell.transition.Transitions.dispatchReady:1330 com.android.wm.shell.transition.Transitions.onTransitionReady:251 com.android.wm.shell.transition.Transitions$TransitionPlayerImpl$$ExternalSyntheticLambda0.run:13 android.os.Handler.handleCallback:995 android.os.Handler.dispatchMessage:103 
06-19 10:27:34.725  3813  3868 V WindowManagerShell: Playing animation for (#58) android.os.BinderProxy@8d24fa5@0
06-19 10:27:34.725  2771  2876 V WindowManager:     startWCT=WindowContainerTransaction { changes= {} hops= [] errorCallbackToken=null taskFragmentOrganizer=null }
06-19 10:27:34.725  3813  3868 I SurfaceControlRegistry: show, t=StartTransaction_SyncId<58> sc=Transition Root: Task=334, caller=android.view.SurfaceControl$Transaction.show:3557 com.android.wm.shell.transition.Transitions.playTransition:79 com.android.wm.shell.transition.Transitions.processReadyQueue:239 com.android.wm.shell.transition.Transitions.dispatchReady:1352 com.android.wm.shell.transition.Transitions.onTransitionReady:251 com.android.wm.shell.transition.Transitions$TransitionPlayerImpl$$ExternalSyntheticLambda0.run:13 
06-19 10:27:34.725  3813  3868 D ShellSplitScreen: startAnimation: transition=58 isSplitActive=false
06-19 10:27:34.725  3813  3868 V ShellRecents: RecentsTransitionHandler.startAnimation: no controller found
06-19 10:27:34.725  3813  3868 V ShellDesktopMode: DesktopMixedTransitionHandler: No pending desktop transition
06-19 10:27:34.725  3813  3868 V WindowManagerShell: Transition doesn't have explicit remote, search filters for match for {id=58 t=OPEN f=0x0 trk=0 r=[0@Point(0, 0)] c=[{m=OPEN f=NONE leash=Surface(name=Task=334)/@0x1a892a6 sb=Rect(0, 0 - 1080, 2340) eb=Rect(0, 0 - 1080, 2340) epz=Point(1080, 2340) d=0 taskParent=-1 inset=Rect(0, 81 - 0, 45) dim=true},{m=TO_BACK f=SHOW_WALLPAPER|EDGE_EXTENSION_RESTRICTION leash=Surface(name=Task=1)/@0x3d934e7 sb=Rect(0, 0 - 1080, 2340) eb=Rect(0, 0 - 1080, 2340) epz=Point(1080, 2340) d=0 taskParent=-1 inset=Rect(0, 81 - 0, 45)},{m=TO_BACK f=IS_WALLPAPER|IS_FIXED_PORTRAIT p=WCT{android.window.IWindowContainerToken$Stub$Proxy@73b3332} leash=Surface(name=WallpaperWindowToken{fcfc1ca showWhenLocked=false})/@0x3441894 sb=Rect(0, 0 - 1080, 2340) eb=Rect(0, 0 - 1080, 2340) epz=Point(1080, 2340) d=0 inset=Rect(0, 0 - 0, 0)}]}
06-19 10:27:34.726  3813  3868 V WindowManagerShell:  Checking filter Pair{{types=[] flags=0x0] notFlags=0x100 checks=[{atype=home independent=true modes=[OPEN,TO_FRONT] flags=NONE mustBeTask=false order=TOP topActivity=ComponentInfo{com.sec.android.app.launcher/com.sec.android.app.launcher.Launcher} launchCookie=null windowingMode=undefined},{atype=recents independent=true modes=[CLOSE,TO_BACK] flags=NONE mustBeTask=false order=ANY topActivity=null launchCookie=null windowingMode=undefined}]} RemoteTransition { remoteTransition = android.window.IRemoteTransition$Stub$Proxy@2844e22, appThread = android.app.IApplicationThread$Stub$Proxy@26fd0b3, debugName = QuickstepLaunchHomeFromRecentsflags =NONE }}
06-19 10:27:34.726  3813  3868 V WindowManagerShell:  Checking filter Pair{{types=[] flags=0x0] notFlags=0x100 checks=[{atype=home independent=true modes=[OPEN,TO_FRONT] flags=NONE mustBeTask=false order=TOP topActivity=ComponentInfo{com.sec.android.app.launcher/com.sec.android.app.launcher.Launcher} launchCookie=null windowingMode=undefined},{atype=standard independent=true modes=[CLOSE,TO_BACK] flags=NONE mustBeTask=false order=ANY topActivity=null launchCookie=null windowingMode=undefined}]} RemoteTransition { remoteTransition = android.window.IRemoteTransition$Stub$Proxy@8a49670, appThread = android.app.IApplicationThread$Stub$Proxy@e8a5de9, debugName = QuickstepLaunchHomeflags =NONE }}
06-19 10:27:34.726  3813  3868 V WindowManagerShell:  Delegate animation for (#58) to null
06-19 10:27:34.726  2771  2876 V WindowManager:     info={id=58 t=OPEN f=0x0 trk=0 r=[0@Point(0, 0)] c=[
06-19 10:27:34.726  2771  2876 V WindowManager:         {WCT{RemoteToken{3fe8ec6 Task{cd72bb7 #334 type=standard A=10369:com.ESC.sobersight}}} m=OPEN f=NONE leash=Surface(name=Task=334)/@0xb99dd08 sb=Rect(0, 0 - 1080, 2340) eb=Rect(0, 0 - 1080, 2340) epz=Point(1080, 2340) d=0 taskParent=-1 inset=Rect(0, 81 - 0, 45) dim=true},
06-19 10:27:34.726  2771  2876 V WindowManager:         {WCT{RemoteToken{d33aa23 Task{3147427 #1 type=home}}} m=TO_BACK f=SHOW_WALLPAPER|EDGE_EXTENSION_RESTRICTION leash=Surface(name=Task=1)/@0xeb744c6 sb=Rect(0, 0 - 1080, 2340) eb=Rect(0, 0 - 1080, 2340) epz=Point(1080, 2340) d=0 taskParent=-1 inset=Rect(0, 81 - 0, 45)},
06-19 10:27:34.726  2771  2876 V WindowManager:         {m=TO_BACK f=IS_WALLPAPER|IS_FIXED_PORTRAIT p=WCT{RemoteToken{2be9fe2 RemoteWallpaperAnim:1:1@226585969}} leash=Surface(name=WallpaperWindowToken{fcfc1ca showWhenLocked=false})/@0x8462fc sb=Rect(0, 0 - 1080, 2340) eb=Rect(0, 0 - 1080, 2340) epz=Point(1080, 2340) d=0 inset=Rect(0, 0 - 0, 0)}
06-19 10:27:34.726  2771  2876 V WindowManager:     ]}
06-19 10:27:34.726  3813  3868 V WindowManagerShell: start default transition animation, info = {id=58 t=OPEN f=0x0 trk=0 r=[0@Point(0, 0)] c=[{m=OPEN f=NONE leash=Surface(name=Task=334)/@0x1a892a6 sb=Rect(0, 0 - 1080, 2340) eb=Rect(0, 0 - 1080, 2340) epz=Point(1080, 2340) d=0 taskParent=-1 inset=Rect(0, 81 - 0, 45) dim=true},{m=TO_BACK f=SHOW_WALLPAPER|EDGE_EXTENSION_RESTRICTION leash=Surface(name=Task=1)/@0x3d934e7 sb=Rect(0, 0 - 1080, 2340) eb=Rect(0, 0 - 1080, 2340) epz=Point(1080, 2340) d=0 taskParent=-1 inset=Rect(0, 81 - 0, 45)},{m=TO_BACK f=IS_WALLPAPER|IS_FIXED_PORTRAIT p=WCT{android.window.IWindowContainerToken$Stub$Proxy@73b3332} leash=Surface(name=WallpaperWindowToken{fcfc1ca showWhenLocked=false})/@0x3441894 sb=Rect(0, 0 - 1080, 2340) eb=Rect(0, 0 - 1080, 2340) epz=Point(1080, 2340) d=0 inset=Rect(0, 0 - 0, 0)}]}
06-19 10:27:34.726  2771  2882 D WindowManager: makeSurface duration=1 leash=Surface(name=Surface(name=5abfef9 StatusBar)/@0x217cafa - animation-leash of insets_animation)/@0x18681dd
06-19 10:27:34.726  2771  2882 D InsetsSourceProvider: updateControlForTarget: control=InsetsSourceControl: {daa00000 mType=statusBars initiallyVisible mSurfacePosition=Point(0, 0) mInsetsHint=Insets{left=0, top=81, right=0, bottom=0}}, target=Window{cf3eaa8 u0 Splash Screen com.ESC.sobersight}, from=com.android.server.wm.InsetsStateController.onControlTargetChanged:83 com.android.server.wm.InsetsPolicy.updateBarControlTarget:212 com.android.server.wm.DisplayPolicy.updateSystemBarAttributes:262 com.android.server.wm.DisplayPolicy.finishPostLayoutPolicyLw:17 com.android.server.wm.RootWindowContainer.applySurfaceChangesTransaction$1:195 
06-19 10:27:34.726  2771  2882 I WindowManager: Cancelling animation restarting=true, leash=Surface(name=Surface(name=e35ed82 NavigationBar0)/@0x3ca7d20 - animation-leash of insets_animation)/@0xd5e1189
06-19 10:27:34.726  2771  2882 I WindowManager: Reparenting to original parent: Surface(name=WindowToken{7b6b0cd type=2019 android.os.BinderProxy@d70c7f7})/@0x61736d9, destroy=false, surface=Surface(name=e35ed82 NavigationBar0)/@0x3ca7d20
06-19 10:27:34.726  2771  3334 I InputReader: Device removed: id=12, eventHubId=17, name='Monkey touch', descriptor='e1fe28b90f915c7d1febbd52c1ef84b3c4cbed9f', sources=TOUCHSCREEN
06-19 10:27:34.726  2771  2882 I WindowManager: Reparenting to leash, surface=Surface(name=e35ed82 NavigationBar0)/@0x3ca7d20, leashParent=Surface(name=WindowToken{7b6b0cd type=2019 android.os.BinderProxy@d70c7f7})/@0x61736d9
06-19 10:27:34.726  3813  3868 V WindowManagerShell: loadAnimation: anim=android.view.animation.AnimationSet@ce21239 animAttr=0x13 type=OPEN isEntrance=false
06-19 10:27:34.726  3813  3868 V WindowManagerShell:    wallpaperTransit=WALLPAPER_CLOSE translucent=false
06-19 10:27:34.726  3813  3868 V WindowManagerShell:    change={m=TO_BACK f=SHOW_WALLPAPER|EDGE_EXTENSION_RESTRICTION leash=Surface(name=Task=1)/@0x3d934e7 sb=Rect(0, 0 - 1080, 2340) eb=Rect(0, 0 - 1080, 2340) epz=Point(1080, 2340) d=0 taskParent=-1 inset=Rect(0, 81 - 0, 45)}
06-19 10:27:34.726  2028  3420 I SurfaceFlinger: id=650 createSurf, flag=24000, Surface(name=e35ed82 NavigationBar0)/@0x3ca7d20 - animation-leash of insets_animation#650
06-19 10:27:34.726  3813  3868 V WindowManagerShell: loadAnimation: anim=android.view.animation.AnimationSet@3c898f5 animAttr=0x12 type=OPEN isEntrance=true
06-19 10:27:34.726  3813  3868 V WindowManagerShell:    wallpaperTransit=WALLPAPER_CLOSE translucent=false
06-19 10:27:34.726  3813  3868 V WindowManagerShell:    change={m=OPEN f=NONE leash=Surface(name=Task=334)/@0x1a892a6 sb=Rect(0, 0 - 1080, 2340) eb=Rect(0, 0 - 1080, 2340) epz=Point(1080, 2340) d=0 taskParent=-1 inset=Rect(0, 81 - 0, 45) dim=true}
06-19 10:27:34.726  2771  2882 D WindowManager: makeSurface duration=0 leash=Surface(name=Surface(name=e35ed82 NavigationBar0)/@0x3ca7d20 - animation-leash of insets_animation)/@0x6004c23
06-19 10:27:34.727  2771  2882 D InsetsSourceProvider: updateControlForTarget: control=InsetsSourceControl: {d3770001 mType=navigationBars initiallyVisible mSurfacePosition=Point(0, 2196) mInsetsHint=Insets{left=0, top=0, right=0, bottom=45}}, target=Window{cf3eaa8 u0 Splash Screen com.ESC.sobersight}, from=com.android.server.wm.InsetsStateController.onControlTargetChanged:83 com.android.server.wm.InsetsPolicy.updateBarControlTarget:225 com.android.server.wm.DisplayPolicy.updateSystemBarAttributes:262 com.android.server.wm.DisplayPolicy.finishPostLayoutPolicyLw:17 com.android.server.wm.RootWindowContainer.applySurfaceChangesTransaction$1:195 
06-19 10:27:34.727  3813  3868 I SurfaceControlRegistry: apply, t=StartTransaction_SyncId<58>, caller=android.view.SurfaceControl$Transaction.apply:3459 android.view.SurfaceControl$Transaction.apply:3447 android.view.SurfaceControl$Transaction.apply:3397 com.android.wm.shell.transition.DefaultTransitionHandler.startAnimation:3387 com.android.wm.shell.transition.Transitions.dispatchTransition:90 com.android.wm.shell.transition.Transitions.playTransition:774 
06-19 10:27:34.727  2771  2882 D WindowManager: updateSystemBarAttributes: displayId=0, focusedCanBeNavColorWin=false, win=Window{cf3eaa8 u0 Splash Screen com.ESC.sobersight}, navColorWin=Window{cf3eaa8 u0 Splash Screen com.ESC.sobersight}, caller=com.android.server.wm.DisplayPolicy.finishPostLayoutPolicyLw:17 com.android.server.wm.RootWindowContainer.applySurfaceChangesTransaction$1:195 com.android.server.wm.RootWindowContainer.performSurfacePlacementNoTrace:59 
06-19 10:27:34.727  2771  2882 D WindowManager: updateSystemBarAttributes, bhv=1, apr=24, statusBarAprRegions=[AppearanceRegion{LIGHT_STATUS_BARS bounds=[0,0][1080,2340]}], requestedVisibilities=-9
06-19 10:27:34.727  3813  3868 V WindowManagerShell:  animated by com.android.wm.shell.transition.DefaultTransitionHandler@a1a1313
06-19 10:27:34.727  2771  2882 D SurfaceComposerClient: setCornerRadius ## cf3eaa8 Splash Screen com.ESC.sobersight#646 cornerRadius=0.000000
06-19 10:27:34.728  3813  3877 D SurfaceComposerClient: setCornerRadius ## Task=334#644 cornerRadius=102.000000
06-19 10:27:34.728  2771  3271 D WifiDisplayAdapter: isFitToActiveDisplayLocked : false
06-19 10:27:34.728  4323 15198 I HoneySpace.RecentTasks: onRunningTaskAppeared
06-19 10:27:34.729  4323 15196 I HoneySpace.RecentTasks: onRecentTasksChanged
06-19 10:27:34.729 16215 16215 I .ESC.sobersight: Using generational CollectorTypeCMC GC.
06-19 10:27:34.731  3813  3813 W RefactorFlag: New code path expects SceneContainerFlag to be enabled.
06-19 10:27:34.731  3813  3877 D SurfaceComposerClient: setCornerRadius ## Task=334#644 cornerRadius=102.000000
06-19 10:27:34.734  2771  3334 E WindowManager: Display reconfigured outside of a transition: Display{#0 state=ON size=1080x2340 ROTATION_0}
06-19 10:27:34.734  2771  3334 D TspStateManager: updateCustomValue customSetting=
06-19 10:27:34.734  4323 15198 I HoneySpace.InputDeviceSourceRepositoryImpl: onInputDeviceRemoved 12
06-19 10:27:34.734 16215 16215 D nativeloader: Load libframework-connectivity-tiramisu-jni.so using APEX ns com_android_tethering for caller /apex/com.android.tethering/javalib/framework-connectivity-t.jar: ok
06-19 10:27:34.734  4323 15196 I HoneySpace.InputDeviceSourceRepositoryImpl: onInputDeviceRemoved 12
06-19 10:27:34.735  2771  3334 I EventHub: Removing device '/dev/input/event13' due to inotify event
06-19 10:27:34.735  4323  4323 I HoneySpace.RecentscreenPot: createLayoutStyle: PhoneLayoutStyle(ScreenLayoutStyle(insets=Insets{left=0, top=81, right=0, bottom=45}))
06-19 10:27:34.735 21036 21036 I HBD     : b isPhysicalKeyboard() isPhysicalKeyboard false: deviceId=-1, isVirtual=true, keyboardType=2, isKeyboardTypedMouse=false 
06-19 10:27:34.735  4323  4323 I HoneySpace.TaskListPot[e485b6b]: navigationButtonVisible observe: 8
06-19 10:27:34.735 21036 21036 I HBD     : b isPhysicalKeyboard() isPhysicalKeyboard false: deviceId=2, isVirtual=false, keyboardType=1, isKeyboardTypedMouse=false 
06-19 10:27:34.735 21036 21036 I HBD     : b isPhysicalKeyboard() isPhysicalKeyboard false: deviceId=3, isVirtual=false, keyboardType=1, isKeyboardTypedMouse=false 
06-19 10:27:34.735  4323  4323 I HoneySpace.TaskListContainerView: isLastItemOutOfScreen null
06-19 10:27:34.735 21036 21036 I HBD     : b isPhysicalKeyboard() isPhysicalKeyboard false: deviceId=4, isVirtual=false, keyboardType=1, isKeyboardTypedMouse=false 
06-19 10:27:34.735  4323  4323 I HoneySpace.TaskListContainerView: updateNavigationButtonVisible gone
06-19 10:27:34.735 21036 21036 I HBD     : b isPhysicalKeyboard() isPhysicalKeyboard false: deviceId=5, isVirtual=false, keyboardType=0, isKeyboardTypedMouse=false 
06-19 10:27:34.735 16215 16215 D ActivityThread: setConscryptValidator
06-19 10:27:34.735 21036 21036 I HBD     : b isPhysicalKeyboard() isPhysicalKeyboard false: deviceId=6, isVirtual=false, keyboardType=0, isKeyboardTypedMouse=false 
06-19 10:27:34.735 21036 21036 I HBD     : b isPhysicalKeyboard() isPhysicalKeyboard false: deviceId=7, isVirtual=false, keyboardType=1, isKeyboardTypedMouse=false 
06-19 10:27:34.735 16215 16215 D ActivityThread: setConscryptValidator - put
06-19 10:27:34.735  3813  3813 D Navbar.Store: handleEvent(0) OnRotationLockedChanged(rotationLocked=false) [Module] NavBarStoreImpl
06-19 10:27:34.735 21036 21036 I HBD     : b isPhysicalKeyboard() isPhysicalKeyboard false: deviceId=8, isVirtual=false, keyboardType=1, isKeyboardTypedMouse=false 
06-19 10:27:34.735 21036 21036 I HBD     : b currentConnectionState : false 
06-19 10:27:34.737  2028  2028 I SurfaceFlinger: finalizeDisplayModeChange 4630947232161729154
06-19 10:27:34.737  2028  2028 I SurfaceFlinger: RequestedLayer [cf3eaa8 Splash Screen com.ESC.sobersight#646] hidden!! flag  from(1) --> to(0)
06-19 10:27:34.737  2028  2028 I SurfaceFlinger: RequestedLayer [Splash Screen com.ESC.sobersight$_3813#647] hidden!! flag  from(1) --> to(0)
06-19 10:27:34.737  2028  2028 I SurfaceFlinger: RequestedLayer [Task=334#644] hidden!! flag  from(1) --> to(0)
06-19 10:27:34.737  2028  2028 E SurfaceFlinger: alpha changed 1.000 -> 0.000 - Task=334#644
06-19 10:27:34.737  2028  2028 I SurfaceFlinger: RequestedLayer [Transition Root: Task=334#648] hidden!! flag  from(1) --> to(0)
06-19 10:27:34.737  2028  2028 I SurfaceFlinger: RequestedLayer [ActivityRecord{196862646 u0 com.ESC.sobersight/.MainActivity t334}#645] hidden!! flag  from(1) --> to(0)
06-19 10:27:34.737  2028  2028 E SurfaceFlinger: alpha changed 0.000 -> 0.000 - Task=334#644
06-19 10:27:34.737  2028  2028 E SurfaceFlinger: alpha changed 0.000 -> 0.000 - Task=334#644
06-19 10:27:34.737  2028  2028 I SurfaceFlinger: [LayerHierarchy{RequestedLayerState{Task=1#53 parentId=648 z=3} 2 children}] reparent to LayerHierarchy{RequestedLayerState{Transition Root: Task=334#648 parentId=10 z=5} 1 children}
06-19 10:27:34.737  2028  2028 I SurfaceFlinger: [LayerHierarchy{RequestedLayerState{Task=334#644 parentId=648 z=7} 1 children}] reparent to LayerHierarchy{RequestedLayerState{Transition Root: Task=334#648 parentId=10 z=5} 2 children}
06-19 10:27:34.737  2028  2028 I SurfaceFlinger: [Splash Screen com.ESC.sobersight$_3813#647] attach to parent LayerHierarchy{RequestedLayerState{cf3eaa8 Splash Screen com.ESC.sobersight#646 parentId=645 z=2147483647} 1 children}
06-19 10:27:34.738  2028  2028 I SurfaceFlinger: [Transition Root: Task=334#648] attach to parent LayerHierarchy{RequestedLayerState{DefaultTaskDisplayArea_d0#10 parentId=9} 7 children}
06-19 10:27:34.738  2028  2028 I SurfaceFlinger: [Surface(name=5abfef9 StatusBar)/@0x217cafa - animation-leash of insets_animation#649] attach to parent LayerHierarchy{RequestedLayerState{WindowToken{c52d1c0 type=2000 android.os.BinderProxy@f7a24f2}#103 parentId=17} 2 children}
06-19 10:27:34.738  2028  2028 I SurfaceFlinger: [Surface(name=e35ed82 NavigationBar0)/@0x3ca7d20 - animation-leash of insets_animation#650] attach to parent LayerHierarchy{RequestedLayerState{WindowToken{7b6b0cd type=2019 android.os.BinderProxy@d70c7f7}#89 parentId=34} 2 children}
06-19 10:27:34.738  2028  3420 I SurfaceFlinger: id=651 createSurf, flag=84000, 630b378 ActivityRecordInputSink com.ESC.sobersight/.MainActivity#651
06-19 10:27:34.738  3813  3813 D SettingsHelper: onChange() COMPLETED elapsed= 1
06-19 10:27:34.738  3813  3813 D SRotationLockTile:  OnChangedCallback : 
06-19 10:27:34.738  2028  2028 I BpBinder: onLastStrongRef automatically unlinking death recipients: 
06-19 10:27:34.738  3813  3813 D SecQSCommonTileView: handleStateChanged state.spec = RotationLock, parent = com.android.systemui.qs.tileimpl.NoLabelTileView{1e131d2 VFE...CL. ......I. 0,0-0,0}, iconFrame = @47c62a3 V, icon = @c15d9a0 V, common = @f5c9959
06-19 10:27:34.740  3813  3888 D SRotationLockTile:  mRotationLocked: false handleUpdateState: true orientation = true
06-19 10:27:34.741  2771  4411 I ActivityManager: Changes in 10369 19 to 2, 0 to 255
06-19 10:27:34.741  3813  3813 D SecQSCommonTileView: handleStateChanged state.spec = RotationLock, parent = LabelTileView{@d19d353, #7f0a0df0, app:id/tile_label V, label = @d19d353, #7f0a0df0, app:id/tile_label V, iconFrame = @101da24 V, icon = @da03742 V, common = @deadf27}, labelContainer = @7947490, #7f0a0661, app:id/label_group V, label = @d19d353, #7f0a0df0, app:id/tile_label V, iconFrame = @101da24 V, icon = @da03742 V, common = @deadf27
06-19 10:27:34.741  3813  3813 D DisplayLifecycle: updateDisplay id = 0
06-19 10:27:34.741  3813  3888 D SRotationLockTile:  mRotationLocked: false handleUpdateState: true orientation = true
06-19 10:27:34.741  2771  6598 D InputDispatcher: Focus left window (0): c854ba7 com.sec.android.app.launcher/com.sec.android.app.launcher.activities.LauncherActivity
06-19 10:27:34.742  4323  4323 I ImeFocusController: onPreWindowFocus: skipped hasWindowFocus=false mHasImeFocus=true
06-19 10:27:34.742  3813  3813 D SamsungLightBarControlHelper: updateStatusBar (BLACK icon) numStacks:1, StatusBarMode:MODE_TRANSPARENT, lightBarBounds:[Rect(0, 0 - 1080, 2340)], StatusBarState:SHADE, packageName:, isWhiteKeyguardStatusBar:true
06-19 10:27:34.742  2771  2877 D SGM:GameManager: identifyForegroundApp. com.sec.android.app.launcher, mCurrentUserId: 0, callerUserId: 0
06-19 10:27:34.742  2771  2877 D SGM:SemGameManager: isForegroundGame(), ret=false
06-19 10:27:34.742  2771  3626 D BackgroundInstallControlService: Package event received: 0
06-19 10:27:34.742  3813  3813 D SamsungLightBarControlHelper: onStatusBarAppearanceChanged() -  sbModeChanged:false, statusBarMode:0, barState:MODE_TRANSPARENT, isKeyguardShowing:false, navbarColorManagedByIme:false, (AppearanceRegion{LIGHT_STATUS_BARS bounds=[0,0][1080,2340]}, )
06-19 10:27:34.742  3813  3813 D NavigationBar: onSystemBarAttributesChanged() -  displayId:0, appearance:24, packageName: com.ESC.sobersight (APPEARANCE_LIGHT_STATUS_BARS APPEARANCE_LIGHT_NAVIGATION_BARS ), navbarColorManagedByIme:false
06-19 10:27:34.742  2771  3271 I InputMethodManagerService: isAccessoryKeyboard 0
06-19 10:27:34.743  4323  4323 I ImeFocusController: onPostWindowFocus: skipped hasWindowFocus=false mHasImeFocus=true
06-19 10:27:34.743  2771  3548 V NetworkPolicy: getFirewallRuleWifi UID:10369 policy:0
06-19 10:27:34.743  2771  2877 D SGM:GameManager: identifyForegroundApp. com.sec.android.app.launcher, mCurrentUserId: 0, callerUserId: 0
06-19 10:27:34.743  2771  2877 D SGM:SemGameManager: isForegroundGame(), ret=false
06-19 10:27:34.743  2771  2877 D NetworkPolicy: already checked 10369
06-19 10:27:34.743  4323 15196 I HoneySpace.SystemUiRepository: systemUiFlags: a11y_click|a11y_long_click|allow_gesture|awake
06-19 10:27:34.743  4323 15198 I HoneySpace.KeyguardStateRepositoryImpl: KEYGUARD_GOING_AWAY: false
06-19 10:27:34.743  4323  4426 I HoneySpace.TaskbarEventTracker: invokeEvent() called with: event = SystemUiStateChanged(stateFlags=268566576)
06-19 10:27:34.743  2771  2877 D PkgPredictorService-SecIpmManagerServiceImpl: onForegroundActivitiesChanged pid:16215 uid:10369
06-19 10:27:34.744  5210  5324 I Rubin   : [79] A8.b.A(SourceFile:28) : Notify com.samsung.android.rubin.inferenceengine.contextanalytics.engine.loggers.AppUsageLogger's database is updated.
06-19 10:27:34.745  5871  6207 V OsAgent : broadcastSystemEvent - 7
06-19 10:27:34.746  2771  3271 D SGM:GameManager: identifyGamePackage. com.ESC.sobersight, mCurrentUserId: 0, callingMethodInfo: com.samsung.android.game.IGameManagerService$Stub.onTransact(IGameManagerService.java:247)
06-19 10:27:34.747  2028  2296 I VSyncReactor: Current= 24, Period= 120, hwcPeriod= 120
06-19 10:27:34.749 16215 16215 D nativeloader: Configuring clns-9 for other apk /system/framework/sec_camerax_impl.jar. target_sdk_version=36, uses_libraries=ALL, library_path=/data/app/~~xxf8fW7R5Gf_BXZWMNPT0g==/com.ESC.sobersight-_sMlBI2Y3P49HMMgJAExyQ==/lib/arm64:/data/app/~~xxf8fW7R5Gf_BXZWMNPT0g==/com.ESC.sobersight-_sMlBI2Y3P49HMMgJAExyQ==/base.apk!/lib/arm64-v8a, permitted_path=/data:/mnt/expand:/data/user/0/com.ESC.sobersight
06-19 10:27:34.749 16215 16215 D nativeloader: Extending system_exposed_libraries: libhumantracking.arcsoft.so:libPortraitDistortionCorrection.arcsoft.so:libPortraitDistortionCorrectionCali.arcsoft.so:libface_landmark.arcsoft.so:libFacialStickerEngine.arcsoft.so:libfrtracking_engine.arcsoft.so:libFaceRecognition.arcsoft.so:libveengine.arcsoft.so:lib_pet_detection.arcsoft.so:libae_bracket_hdr.arcsoft.so:libhybrid_high_dynamic_range.arcsoft.so:libimage_enhancement.arcsoft.so:liblow_light_hdr.arcsoft.so:libhigh_dynamic_range.arcsoft.so:libsuperresolution_raw.arcsoft.so:libFacialAttributeDetection.arcsoft.so:libobjectcapture_jni.arcsoft.so:libobjectcapture.arcsoft.so:libaudiomirroring_jni.audiomirroring.samsung.so:libBeauty_v4.camera.samsung.so:libexifa.camera.samsung.so:libjpega.camera.samsung.so:libOpenCv.camera.samsung.so:libBestPhoto.camera.samsung.so:libC2paDps.camera.samsung.so:libVideoClassifier.camera.samsung.so:libImageScreener.camera.samsung.so:libMyFilter.camera.samsung.so:libtflite2.myfilters.camera.samsung.so:libHIDTSnapJNI.camera.samsung.so:lib
06-19 10:27:34.751 16215 16215 D nativeloader: Configuring clns-10 for other apk /data/app/~~xxf8fW7R5Gf_BXZWMNPT0g==/com.ESC.sobersight-_sMlBI2Y3P49HMMgJAExyQ==/base.apk. target_sdk_version=36, uses_libraries=, library_path=/data/app/~~xxf8fW7R5Gf_BXZWMNPT0g==/com.ESC.sobersight-_sMlBI2Y3P49HMMgJAExyQ==/lib/arm64:/data/app/~~xxf8fW7R5Gf_BXZWMNPT0g==/com.ESC.sobersight-_sMlBI2Y3P49HMMgJAExyQ==/base.apk!/lib/arm64-v8a, permitted_path=/data:/mnt/expand:/data/user/0/com.ESC.sobersight
06-19 10:27:34.754 16215 16215 V GraphicsEnvironment: Currently set values for:
06-19 10:27:34.754 16215 16215 V GraphicsEnvironment:   angle_gl_driver_selection_pkgs=[]
06-19 10:27:34.754 16215 16215 V GraphicsEnvironment:   angle_gl_driver_selection_values=[]
06-19 10:27:34.754 16215 16215 V GraphicsEnvironment: com.ESC.sobersight is not listed in per-application setting
06-19 10:27:34.754 16215 16215 V GraphicsEnvironment: ANGLE allowlist from config: 
06-19 10:27:34.754 16215 16215 V GraphicsEnvironment: com.ESC.sobersight is not listed in ANGLE allowlist or settings, returning default
06-19 10:27:34.754 16215 16215 V GraphicsEnvironment: App is not on the allowlist for updatable production driver.
06-19 10:27:34.756  2028  2028 I SurfaceFlinger: [LayerHierarchy{RequestedLayerState{ImeContainer#15 parentId=124 relativeParentId=124 z=1} 1 children}] RelativeParent to null
06-19 10:27:34.756  2028  2028 I SurfaceFlinger: [LayerHierarchy{RequestedLayerState{e35ed82 NavigationBar0#90 parentId=650} 1 children}] reparent to LayerHierarchy{RequestedLayerState{Surface(name=e35ed82 NavigationBar0)/@0x3ca7d20 - animation-leash of insets_animation#650 parentId=89} 1 children}
06-19 10:27:34.756  2028  2028 I SurfaceFlinger: [LayerHierarchy{RequestedLayerState{5abfef9 StatusBar#104 parentId=649} 1 children}] reparent to LayerHierarchy{RequestedLayerState{Surface(name=5abfef9 StatusBar)/@0x217cafa - animation-leash of insets_animation#649 parentId=103} 1 children}
06-19 10:27:34.756  2028  2028 I SurfaceFlinger: [LayerHierarchy{RequestedLayerState{Surface(name=5abfef9 StatusBar)/@0x217cafa - animation-leash of insets_animation#640} no children}] reparent to OffscreenRoot
06-19 10:27:34.756  2028  2028 I SurfaceFlinger: [LayerHierarchy{RequestedLayerState{Surface(name=5abfef9 StatusBar)/@0x217cafa - animation-leash of insets_animation#640} no children}] RelativeParent to null
06-19 10:27:34.756  2028  2028 I SurfaceFlinger: [LayerHierarchy{RequestedLayerState{Surface(name=e35ed82 NavigationBar0)/@0x3ca7d20 - animation-leash of insets_animation#641} no children}] reparent to OffscreenRoot
06-19 10:27:34.756  2028  2028 I SurfaceFlinger: [LayerHierarchy{RequestedLayerState{Surface(name=e35ed82 NavigationBar0)/@0x3ca7d20 - animation-leash of insets_animation#641} no children}] RelativeParent to null
06-19 10:27:34.756  2028  2028 I SurfaceFlinger: [630b378 ActivityRecordInputSink com.ESC.sobersight/.MainActivity#651] attach to parent LayerHierarchy{RequestedLayerState{ActivityRecord{196862646 u0 com.ESC.sobersight/.MainActivity t334}#645 parentId=644} 2 children}
06-19 10:27:34.757  3813  3877 D SurfaceComposerClient: setCornerRadius ## Task=334#644 cornerRadius=102.000000
06-19 10:27:34.757  2771  2882 I WindowManager: notifyInsetsControlChanged, removed=false, win=Window{cf3eaa8 u0 Splash Screen com.ESC.sobersight}, caller=com.android.server.wm.InsetsStateController$$ExternalSyntheticLambda1.run:137 com.android.server.wm.WindowAnimator$$ExternalSyntheticLambda2.onTransactionCommitted:26 android.view.SurfaceControl$Transaction$$ExternalSyntheticLambda4.run:0 android.os.Handler.handleCallback:995 android.os.Handler.dispatchMessage:103 android.os.Looper.loopOnce:273 
06-19 10:27:34.758  3813  3813 W RefactorFlag: New code path expects SceneContainerFlag to be enabled.
06-19 10:27:34.759  2028  3420 I SurfaceFlinger: id=640 Removed Surface(name=5abfef9 StatusBar)/@0x217cafa - animation-leash of insets_animation#640 (138)
06-19 10:27:34.759  2028  2628 I SurfaceFlinger: id=641 Removed Surface(name=e35ed82 NavigationBar0)/@0x3ca7d20 - animation-leash of insets_animation#641 (138)
06-19 10:27:34.764  2028  2028 E SurfaceFlinger: alpha changed 0.000 -> 0.260 - Task=334#644
06-19 10:27:34.764  2028  2028 I SurfaceFlinger: destroyed Surface(name=5abfef9 StatusBar)/@0x217cafa - animation-leash of insets_animation#640 form LifecycleManager
06-19 10:27:34.764  2028  2028 I SurfaceFlinger: destroyed Surface(name=e35ed82 NavigationBar0)/@0x3ca7d20 - animation-leash of insets_animation#641 form LifecycleManager
06-19 10:27:34.764  2028  2028 I SurfaceFlinger: id=640 onLayerDestroyed from LayerHierarchyBuilder(RequestedLayerState{Surface(name=5abfef9 StatusBar)/@0x217cafa - animation-leash of insets_animation#640 !handle})
06-19 10:27:34.764  2028  2028 I SurfaceFlinger: id=641 onLayerDestroyed from LayerHierarchyBuilder(RequestedLayerState{Surface(name=e35ed82 NavigationBar0)/@0x3ca7d20 - animation-leash of insets_animation#641 !handle})
06-19 10:27:34.764  2028  2028 I Layer   : id=640 Destroyed Surface(name=5abfef9 StatusBar)/@0x217cafa - animation-leash of insets_animation#640
06-19 10:27:34.764  2028  2028 I Layer   : id=641 Destroyed Surface(name=e35ed82 NavigationBar0)/@0x3ca7d20 - animation-leash of insets_animation#641
06-19 10:27:34.764  3813  3877 D SurfaceComposerClient: setCornerRadius ## Task=334#644 cornerRadius=102.000000
06-19 10:27:34.767  3813  3883 I VRI[sobersight]@1c80a6e: onActiveControlsChanged, removed=false, mAdded=true, caller=android.view.ViewRootImpl.handleInsetsControlChanged:3002 android.view.ViewRootImpl$ViewRootHandler.handleMessageImpl:8352 android.view.ViewRootImpl$ViewRootHandler.handleMessage:8301 android.os.Handler.dispatchMessage:110 android.os.Looper.loopOnce:273 
06-19 10:27:34.767  2028  2028 D SurfaceFlinger: Display 4630947232161729154 HWC layers:
06-19 10:27:34.767  2028  2028 D SurfaceFlinger:        CLIENT |           16376710299656 | 00000100 | RGBA_8888    |    0.0    0.0 1080.0 2340.0 |    0    0 1080 2340 | Wallpaper BBQ wrapper 5_system#100 (1)
06-19 10:27:34.767  2028  2028 D SurfaceFlinger:        CLIENT |           18567143620759 | 00002100 | RGBA_8888    |    0.0    0.0 1080.0 2340.0 |    0    0 1080 2340 | com.sec.android.app.launcher/com.sec[...]ctivities.LauncherActivity$_4323#405 (blurRegions) (1121)
06-19 10:27:34.767  2028  2028 D SurfaceFlinger:        CLIENT |           16376710312272 | 00002100 | RGBA_8888    |    0.0    0.0 1080.0 2340.0 |   71  153 1009 2187 | Splash Screen com.ESC.sobersight$_3813#647 (1)
06-19 10:27:34.767  2028  2028 D SurfaceFlinger:        DEVICE |           16376710312170 | 00002100 | RGBA_8888    |    0.0    0.0 1080.0   81.0 |    0    0 1080   81 | StatusBar$_3813#116 (668)
06-19 10:27:34.767  2028  2028 D SurfaceFlinger:        DEVICE |           18567143620752 | 00002100 | RGBA_8888    |    0.0    0.0   67.0  318.0 | 1013  441 1080  759 | com.sec.android.app.launcher/com.sam[...]nel.app.CocktailBarService$_4323#403 (1)
06-19 10:27:34.767  2028  2028 D SurfaceFlinger:        DEVICE |           16376710312148 | 00002100 | RGBA_8888    |    0.0    0.0 10
06-19 10:27:34.767  2028  2028 D SurfaceFlinger: 80.0  144.0 |    0 2196 1080 2340 | NavigationBar0$_3813#114 (669)
06-19 10:27:34.767  2028  2028 D SurfaceFlinger: 
06-19 10:27:34.767  3813  3883 I InsetsSourceConsumer: applyRequestedVisibilityToControl: visible=true, type=statusBars, host=Splash Screen com.ESC.sobersight
06-19 10:27:34.767  3813  3883 I InsetsSourceConsumer: applyRequestedVisibilityToControl: visible=true, type=navigationBars, host=Splash Screen com.ESC.sobersight
06-19 10:27:34.768 16215 16215 W SoLoader: Initializing SoLoader: 0
06-19 10:27:34.768 16215 16215 W SoLoader: Recording new base apk path: /data/app/~~xxf8fW7R5Gf_BXZWMNPT0g==/com.ESC.sobersight-_sMlBI2Y3P49HMMgJAExyQ==/base.apk
06-19 10:27:34.768 16215 16215 W SoLoader: Previously recorded 0 base apk paths.
06-19 10:27:34.769 16215 16215 I SoLoader: Preparing SO source: DirectorySoSource[root = /vendor/lib64 flags = 2]
06-19 10:27:34.769 16215 16215 I SoLoader: Preparing SO source: DirectorySoSource[root = /system/lib64 flags = 2]
06-19 10:27:34.769 16215 16215 I SoLoader: Preparing SO source: DirectApkSoSource[root = [/data/app/~~xxf8fW7R5Gf_BXZWMNPT0g==/com.ESC.sobersight-_sMlBI2Y3P49HMMgJAExyQ==/base.apk!/lib/arm64-v8a]]
06-19 10:27:34.771 16215 16215 I SoLoader: Preparing SO source: ApplicationSoSource[DirectorySoSource[root = /data/app/~~xxf8fW7R5Gf_BXZWMNPT0g==/com.ESC.sobersight-_sMlBI2Y3P49HMMgJAExyQ==/lib/arm64 flags = 0]]
06-19 10:27:34.771 16215 16215 I SoLoader: init finish: 4 SO sources prepared
06-19 10:27:34.771 16215 16215 W SoLoader: SoLoader initialized: 8
06-19 10:27:34.773  3813  3877 D SurfaceComposerClient: setCornerRadius ## Task=334#644 cornerRadius=102.000000
06-19 10:27:34.774 16215 16215 D nativeloader: Load /data/app/~~xxf8fW7R5Gf_BXZWMNPT0g==/com.ESC.sobersight-_sMlBI2Y3P49HMMgJAExyQ==/base.apk!/lib/arm64-v8a/libc++_shared.so using class loader ns clns-10 (caller=/data/app/~~xxf8fW7R5Gf_BXZWMNPT0g==/com.ESC.sobersight-_sMlBI2Y3P49HMMgJAExyQ==/base.apk!classes3.dex): ok
06-19 10:27:34.776 16215 16215 D nativeloader: Load /data/app/~~xxf8fW7R5Gf_BXZWMNPT0g==/com.ESC.sobersight-_sMlBI2Y3P49HMMgJAExyQ==/base.apk!/lib/arm64-v8a/libjsi.so using class loader ns clns-10 (caller=/data/app/~~xxf8fW7R5Gf_BXZWMNPT0g==/com.ESC.sobersight-_sMlBI2Y3P49HMMgJAExyQ==/base.apk!classes3.dex): ok
06-19 10:27:34.778 16215 16215 D nativeloader: Load /data/app/~~xxf8fW7R5Gf_BXZWMNPT0g==/com.ESC.sobersight-_sMlBI2Y3P49HMMgJAExyQ==/base.apk!/lib/arm64-v8a/libfbjni.so using class loader ns clns-10 (caller=/data/app/~~xxf8fW7R5Gf_BXZWMNPT0g==/com.ESC.sobersight-_sMlBI2Y3P49HMMgJAExyQ==/base.apk!classes3.dex): ok
06-19 10:27:34.780 16215 16215 D nativeloader: Load /data/app/~~xxf8fW7R5Gf_BXZWMNPT0g==/com.ESC.sobersight-_sMlBI2Y3P49HMMgJAExyQ==/base.apk!/lib/arm64-v8a/libreactnative.so using class loader ns clns-10 (caller=/data/app/~~xxf8fW7R5Gf_BXZWMNPT0g==/com.ESC.sobersight-_sMlBI2Y3P49HMMgJAExyQ==/base.apk!classes3.dex): ok
06-19 10:27:34.780 16215 16215 D jni_lib_merge: Entering merged library JNI_OnLoad.
06-19 10:27:34.780 16215 16215 D jni_lib_merge: Preparing 12 pre-merged libs (including stub)
06-19 10:27:34.780 16215 16215 D jni_lib_merge: Preparing to register libfabricjni_so.  onload_func: 0x7524cefedc
06-19 10:27:34.780 16215 16215 D jni_lib_merge: Preparing to register libreact_devsupportjni_so.  onload_func: 0x7524dc0f40
06-19 10:27:34.780 16215 16215 D jni_lib_merge: Preparing to register libreact_featureflagsjni_so.  onload_func: 0x7524dd39f8
06-19 10:27:34.780 16215 16215 D jni_lib_merge: Preparing to register libreact_newarchdefaults_so.  onload_func: 0x7524df8e30
06-19 10:27:34.780 16215 16215 D jni_lib_merge: Preparing to register libreactnativeblob_so.  onload_func: 0x7524e8b5b0
06-19 10:27:34.780 16215 16215 D jni_lib_merge: Preparing to register libreactnativejni_so.  onload_func: 0x7524ea5b24
06-19 10:27:34.780 16215 16215 D jni_lib_merge: Preparing to register libreactnativejni_common_so.  onload_func: 0x7524eac458
06-19 10:27:34.780 16215 16215 D jni_lib_merge: Preparing to register librninstance_so.  onload_func: 0x7524ec8070
06-19 10:27:34.780 16215 16215 D jni_lib_merge: Preparing to register libturbomodulejsijni_so.  onload_func: 0x7524f601a4
06-19 10:27:34.780 16215 16215 D jni_lib_merge: Preparing to register libuimanagerjni_so.  onload_func: 0x7524f677e0
06-19 10:27:34.780 16215 16215 D jni_lib_merge: Preparing to register libyoga_so.  onload_func: 0x7524f6eda4
06-19 10:27:34.780 16215 16215 D jni_lib_merge: About to register 11 actual methods.
06-19 10:27:34.781  3813  3877 D SurfaceComposerClient: setCornerRadius ## Task=334#644 cornerRadius=102.000000
06-19 10:27:34.785 16215 16215 D nativeloader: Load /data/app/~~xxf8fW7R5Gf_BXZWMNPT0g==/com.ESC.sobersight-_sMlBI2Y3P49HMMgJAExyQ==/base.apk!/lib/arm64-v8a/libreact_codegen_rnscreens.so using class loader ns clns-10 (caller=/data/app/~~xxf8fW7R5Gf_BXZWMNPT0g==/com.ESC.sobersight-_sMlBI2Y3P49HMMgJAExyQ==/base.apk!classes3.dex): ok
06-19 10:27:34.785 16215 16215 D jni_lib_merge: Entering merged library JNI_OnLoad.
06-19 10:27:34.785 16215 16215 D jni_lib_merge: Preparing 12 pre-merged libs (including stub)
06-19 10:27:34.785 16215 16215 D jni_lib_merge: Preparing to register libfabricjni_so.  onload_func: 0x7524cefedc
06-19 10:27:34.785 16215 16215 D jni_lib_merge: Preparing to register libreact_devsupportjni_so.  onload_func: 0x7524dc0f40
06-19 10:27:34.785 16215 16215 D jni_lib_merge: Preparing to register libreact_featureflagsjni_so.  onload_func: 0x7524dd39f8
06-19 10:27:34.785 16215 16215 D jni_lib_merge: Preparing to register libreact_newarchdefaults_so.  onload_func: 0x7524df8e30
06-19 10:27:34.785 16215 16215 D jni_lib_merge: Preparing to register libreactnativeblob_so.  onload_func: 0x7524e8b5b0
06-19 10:27:34.785 16215 16215 D jni_lib_merge: Preparing to register libreactnativejni_so.  onload_func: 0x7524ea5b24
06-19 10:27:34.785 16215 16215 D jni_lib_merge: Preparing to register libreactnativejni_common_so.  onload_func: 0x7524eac458
06-19 10:27:34.785 16215 16215 D jni_lib_merge: Preparing to register librninstance_so.  onload_func: 0x7524ec8070
06-19 10:27:34.785 16215 16215 D jni_lib_merge: Preparing to register libturbomodulejsijni_so.  onload_func: 0x7524f601a4
06-19 10:27:34.785 16215 16215 D jni_lib_merge: Preparing to register libuimanagerjni_so.  onload_func: 0x7524f677e0
06-19 10:27:34.785 16215 16215 D jni_lib_merge: Preparing to register libyoga_so.  onload_func: 0x7524f6eda4
06-19 10:27:34.785 16215 16215 D jni_lib_merge: About to register 11 actual methods.
06-19 10:27:34.787 16215 16215 D nativeloader: Load /data/app/~~xxf8fW7R5Gf_BXZWMNPT0g==/com.ESC.sobersight-_sMlBI2Y3P49HMMgJAExyQ==/base.apk!/lib/arm64-v8a/libreact_codegen_safeareacontext.so using class loader ns clns-10 (caller=/data/app/~~xxf8fW7R5Gf_BXZWMNPT0g==/com.ESC.sobersight-_sMlBI2Y3P49HMMgJAExyQ==/base.apk!classes3.dex): ok
06-19 10:27:34.788 16215 16215 D nativeloader: Load /data/app/~~xxf8fW7R5Gf_BXZWMNPT0g==/com.ESC.sobersight-_sMlBI2Y3P49HMMgJAExyQ==/base.apk!/lib/arm64-v8a/libappmodules.so using class loader ns clns-10 (caller=/data/app/~~xxf8fW7R5Gf_BXZWMNPT0g==/com.ESC.sobersight-_sMlBI2Y3P49HMMgJAExyQ==/base.apk!classes3.dex): ok
06-19 10:27:34.789  3813  3877 D SurfaceComposerClient: setCornerRadius ## Task=334#644 cornerRadius=102.000000
06-19 10:27:34.789 10934 10934 I bzcx    : onPause
06-19 10:27:34.790  2771  3271 V WindowManager: Computed rotation=ROTATION_0 (0) for display id=0 based on lastOrientation=SCREEN_ORIENTATION_PORTRAIT (1) and oldRotation=ROTATION_0 (0), caller=com.android.server.wm.DisplayRotation.updateOrientation:79 com.android.server.wm.DisplayContent.updateOrientation:41 com.android.server.wm.DisplayContent.updateOrientationAndComputeConfig:48 com.android.server.wm.RootWindowContainer.ensureVisibilityAndConfig:7 com.android.server.wm.ActivityTaskSupervisor.realStartActivityLocked:182 com.android.server.wm.RootWindowContainer.attachApplication:92 
06-19 10:27:34.790  2771  3271 D SGM:FgCheckThread: notifyAppCreated(), packageName: com.ESC.sobersight, userId: 0, sendRet: true
06-19 10:27:34.791  2771  3357 D SGM:FgCheckThread: onLooperPrepared(), msg: MSG_APP_CREATE, pkgName: com.ESC.sobersight, userId: 0
06-19 10:27:34.791  2771  3271 D SGM:FgCheckThread: TaskStackListener.onTaskFocusChanged(), taskId=319, focused=false
06-19 10:27:34.791  2771  3271 D SGM:FgCheckThread: TaskStackListener.onTaskFocusChanged(), taskId=334, focused=true
06-19 10:27:34.791  2771  3271 D SGM:FgCheckThread:   sendRunningComponentFocus(), pkgName: com.ESC.sobersight, userId: 0
06-19 10:27:34.791  2771  3271 D InputDispatcher: Focused application(0): ActivityRecord{196862646 u0 com.ESC.sobersight/.MainActivity t334}
06-19 10:27:34.791  2771  3357 D SGM:FgCheckThread: onLooperPrepared(), msg: MSG_TASK_FOCUSED, pkgName: com.ESC.sobersight, userId: 0
06-19 10:27:34.791  2771  3357 D SGM:FgCheckThread: handleTaskFocused().
06-19 10:27:34.791  2771  3357 D SGM:FgCheckThread:   handleTaskFocused(), pkgName: com.ESC.sobersight, userID:0
06-19 10:27:34.791  2771  3357 D SGM:FgCheckThread: handleResume().
06-19 10:27:34.791  2771  3271 D ActivityTaskManager: scheduleTopResumedActivityChanged, onTop=true, r=ActivityRecord{196862646 u0 com.ESC.sobersight/.MainActivity t334}, caller=com.android.server.wm.ActivityTaskSupervisor.scheduleTopResumedActivityStateIfNeeded:18 com.android.server.wm.ActivityTaskSupervisor.updateTopResumedActivityIfNeeded:54 com.android.server.wm.TaskFragment.setResumedActivity:30 com.android.server.wm.ActivityRecord.setState:100 com.android.server.wm.ActivityTaskSupervisor.realStartActivityLocked:477 com.android.server.wm.RootWindowContainer.attachApplication:92 
06-19 10:27:34.791  2771  3357 D SGM:FgCheckThread: sendFocusOutConditionally() - mPrevNotiPkg: (unknown), userId: 0
06-19 10:27:34.791  2771  3357 D SGM:FgCheckThread:   handleResume(). pkgName: com.ESC.sobersight, userId: 0, category: non-game
06-19 10:27:34.791  2771  3357 D SGM:FgCheckThread: notifyFocusInOut(). of pkg: com.ESC.sobersight, type: 4, isSecGameFamily: false, userId: 0
06-19 10:27:34.791  2771  3357 D SGM:FgCheckThread:   notifyFocusInOut(). unexpected mPrevNotiType: -1
06-19 10:27:34.792  2771  3357 D SGM:SystemHelper: callReleaseBlock needReleaseBlock:false
06-19 10:27:34.793  2771  3586 D AS.MultiSoundManager: mForegroundUid = 10369
06-19 10:27:34.793  2771  6608 D GraphicsStatsService: requestRenderEngineFor(com.ESC.sobersight)
06-19 10:27:34.793 16215 16215 D ActivityThread: com.ESC.sobersight will use render engine as VK
06-19 10:27:34.793 16215 16215 D HWUI    : HWUI - treat SMPTE_170M as sRGB
06-19 10:27:34.793  5819  6454 I SDHMS:k : onTaskStackChanged
06-19 10:27:34.794  5819  6340 I SDHMS:k : no app is Resumed!!! mResumedPackages.size = 0
06-19 10:27:34.794  4323  4427 I HoneySpace.TopTaskSource: onTaskFocusChanged(): taskId = 334
06-19 10:27:34.794  4323 12581 I HoneySpace.RecentTasks: onRecentTasksChanged
06-19 10:27:34.794  2771  3617 I CocktailBarManagerServiceContainer: handleMessage: entry what = 5
06-19 10:27:34.794  2771  3626 D BackgroundInstallControlService: Package event received: 0
06-19 10:27:34.795 16215 16233 I DisplayManager: Choreographer implicitly registered for the refresh rate.
06-19 10:27:34.795  4323  4323 I HoneySpace.EdgePanel.CocktailHostRepositoryImpl: onNoteResume
06-19 10:27:34.795  4323  4323 I HoneySpace.EdgePanel.EdgePanelContainerViewModel: cocktailHostRepository.edgePanelOperation NoteResumeComponent(componentName=ComponentInfo{com.ESC.sobersight/com.ESC.sobersight.MainActivity})
06-19 10:27:34.796  4323  4323 I HoneySpace.EdgePanel.ActivityUtils: HomePackage : com.sec.android.app.launcher, resumePackageName : com.ESC.sobersight, className : com.ESC.sobersight.MainActivity
06-19 10:27:34.796 16215 16233 D HWUI    : CacheManager constructor. deviceInfo=(1080, 1920)
06-19 10:27:34.796 16215 16233 I AdrenoGLES-0: QUALCOMM build                   : 0c393b63cf, I94e2bd5684
06-19 10:27:34.796 16215 16233 I AdrenoGLES-0: Build Date                       : 05/02/25
06-19 10:27:34.796 16215 16233 I AdrenoGLES-0: OpenGL ES Shader Compiler Version: EV031.36.08.33
06-19 10:27:34.796 16215 16233 I AdrenoGLES-0: Local Branch                     : 
06-19 10:27:34.796 16215 16233 I AdrenoGLES-0: Remote Branch                    : refs/tags/AU_LINUX_ANDROID_LA.VENDOR.1.0.R1.11.00.00.816.269
06-19 10:27:34.796 16215 16233 I AdrenoGLES-0: Remote Branch                    : NONE
06-19 10:27:34.796 16215 16233 I AdrenoGLES-0: Reconstruct Branch               : NOTHING
06-19 10:27:34.796 16215 16233 I AdrenoGLES-0: Build Config                     : S P 12.1.1 AArch64
06-19 10:27:34.796 16215 16233 I AdrenoGLES-0: Driver Path                      : /vendor/lib64/egl/libGLESv2_adreno.so
06-19 10:27:34.796 16215 16233 I AdrenoGLES-0: Driver Version                   : 0615.98
06-19 10:27:34.797  3813  3877 W Choreographer: Frame time is 0.082395 ms in the future!  Check that graphics HAL is generating vsync timestamps using the correct timebase.
06-19 10:27:34.797  2771  2881 D SGM:GameManager: identifyGamePackage. com.ESC.sobersight, mCurrentUserId: 0, callingMethodInfo: com.samsung.android.game.SemGameManager.isGamePackage(SemGameManager.java:106)
06-19 10:27:34.797  2771  2881 D SGM:SemGameManager: isGamePackage(), pkgName=com.ESC.sobersight, ret=false
06-19 10:27:34.798  3813  3877 D SurfaceComposerClient: setCornerRadius ## Task=334#644 cornerRadius=102.000000
06-19 10:27:34.798  2771  2881 D SGM:FgCheckThread: noteResumeComponent(), received pkgName: com.ESC.sobersight, userId: 0
06-19 10:27:34.798  2771  3357 D SGM:FgCheckThread: onLooperPrepared(), msg: MSG_APP_RESUME, pkgName: com.ESC.sobersight, userid: 0
06-19 10:27:34.798  2771  3357 D SGM:FgCheckThread: handleResume().
06-19 10:27:34.798 16215 16215 D AppCompatDelegate: Checking for metadata for AppLocalesMetadataHolderService : Service not found
06-19 10:27:34.798  2771  3357 D SGM:FgCheckThread: sendFocusOutConditionally() - mPrevNotiPkg: (unknown), userId: 0
06-19 10:27:34.798  2771  3357 D SGM:FgCheckThread:   handleResume(). pkgName: com.ESC.sobersight, userId: 0, category: non-game
06-19 10:27:34.798  2771  3357 D SGM:FgCheckThread: notifyFocusInOut(). of pkg: com.ESC.sobersight, type: 4, isSecGameFamily: false, userId: 0
06-19 10:27:34.798  2771  3357 D SGM:FgCheckThread:   notifyFocusInOut(). unexpected mPrevNotiType: -1
06-19 10:27:34.798  2771  3357 D SGM:SystemHelper: callReleaseBlock needReleaseBlock:false
06-19 10:27:34.799  5819  5858 I SDHMS:k : handleResumeComponent : put = com.ESC.sobersight, userid = 0 instanceid =3611277
06-19 10:27:34.799  2771  3626 D BackgroundInstallControlService: Package event received: 0
06-19 10:27:34.801 16215 16215 E ashmem  : Pinning is deprecated since Android Q. Please use trim or other methods.
06-19 10:27:34.801  3813  3813 I {OngoingActivityController}: onTaskFocusChanged but OA data is empty
06-19 10:27:34.802 16215 16233 I AdrenoGLES-0: PFP: 0x01730181, ME: 0x00000000
06-19 10:27:34.804   803   803 I hwservicemanager: getTransport: Cannot find entry vendor.qti.qspmhal@1.0::IQspmhal/default in either framework or device VINTF manifest.
06-19 10:27:34.805 16215 16233 W Adreno-AppProfiles: Could not find QSPM HAL service. Skipping adreno profile processing.
06-19 10:27:34.806 16215 16215 D CompatChangeReporter: Compat change id reported: 377864165; UID 10369; state: ENABLED
06-19 10:27:34.806  3813  3877 D SurfaceComposerClient: setCornerRadius ## Task=334#644 cornerRadius=102.000000
06-19 10:27:34.807 16215 16215 D DesktopModeFlags: Toggle override initialized to: OVERRIDE_UNSET
06-19 10:27:34.808 16215 16215 I DecorView: setWindowBackground: isPopOver=false color=fffafafa d=android.graphics.drawable.ColorDrawable@f9cd798
06-19 10:27:34.815  3813  3877 D SurfaceComposerClient: setCornerRadius ## Task=334#644 cornerRadius=102.000000
06-19 10:27:34.816 16215 16215 W unknown:BridgelessReact: ReactHost{0}.startSurface(surfaceId = 0): Schedule
06-19 10:27:34.816 16215 16215 W unknown:BridgelessReact: ReactHost{0}.attachSurface(surfaceId = 0)
06-19 10:27:34.817 16215 16215 D PhoneWindow: forceLight changed to false [] from com.android.internal.policy.PhoneWindow.updateForceLightNavigationBar:4584 com.android.internal.policy.PhoneWindow.setNavigationBarColor:4275 com.facebook.react.views.view.WindowUtilKt.enableEdgeToEdge:116 java.lang.reflect.Method.invoke:-2 expo.modules.kotlin.edgeToEdge.EdgeToEdgePackage$createReactActivityLifecycleListeners$1.onCreate:113 
06-19 10:27:34.817 16215 16236 W unknown:BridgelessReact: ReactHost{0}.getOrCreateReactInstanceTask()
06-19 10:27:34.817 16215 16236 W unknown:BridgelessReact: ReactHost{0}.getOrCreateReactInstanceTask(): Start
06-19 10:27:34.817 16215 16236 W unknown:BridgelessReact: ReactHost{0}.getJSBundleLoader()
06-19 10:27:34.818 16215 16236 W unknown:BridgelessReact: ReactHost{0}.getOrCreateReactContext(): Creating BridgelessReactContext
06-19 10:27:34.818 16215 16236 W unknown:BridgelessReact: ReactHost{0}.getOrCreateReactInstanceTask(): Creating ReactInstance
06-19 10:27:34.818 16215 16215 W WindowOnBackDispatcher: OnBackInvokedCallback is not enabled for the application.
06-19 10:27:34.818 16215 16215 W WindowOnBackDispatcher: Set 'android:enableOnBackInvokedCallback="true"' in the application manifest.
06-19 10:27:34.820 16215 16215 W unknown:BridgelessReact: ReactHost{0}.onHostResume(activity)
06-19 10:27:34.820 16215 16215 W unknown:BridgelessReact: ReactContext.onHostResume()
06-19 10:27:34.822 16215 16215 D ViewRootImpl: desktopMode is false
06-19 10:27:34.824  3813  3877 D SurfaceComposerClient: setCornerRadius ## Task=334#644 cornerRadius=102.000000
06-19 10:27:34.825 16215 16215 I ViewRootImpl: dVRR is disabled
06-19 10:27:34.825 16215 16215 D HardwareRenderer: onDisplayChanged. displayId=0 current wxh=1080x2340 mLargest wxh=0x0
06-19 10:27:34.825 16215 16215 D HardwareRenderer: Set largestWidth and largestHeight as logical resolution. (1080x2340)
06-19 10:27:34.825 16215 16233 D HWUI    : setMaxSurfaceArea requested wxh=(1080,2340) requestedSurfaceArea(2527200) mMaxSurfaceArea(2073600)
06-19 10:27:34.826 16215 16236 D nativeloader: Load /data/app/~~xxf8fW7R5Gf_BXZWMNPT0g==/com.ESC.sobersight-_sMlBI2Y3P49HMMgJAExyQ==/base.apk!/lib/arm64-v8a/libhermes.so using class loader ns clns-10 (caller=/data/app/~~xxf8fW7R5Gf_BXZWMNPT0g==/com.ESC.sobersight-_sMlBI2Y3P49HMMgJAExyQ==/base.apk!classes3.dex): ok
06-19 10:27:34.826 16215 16233 D NativeCustomFrequencyManager: [NativeCFMS] BpCustomFrequencyManager::BpCustomFrequencyManager()
06-19 10:27:34.827 16215 16236 D nativeloader: Load /data/app/~~xxf8fW7R5Gf_BXZWMNPT0g==/com.ESC.sobersight-_sMlBI2Y3P49HMMgJAExyQ==/base.apk!/lib/arm64-v8a/libhermestooling.so using class loader ns clns-10 (caller=/data/app/~~xxf8fW7R5Gf_BXZWMNPT0g==/com.ESC.sobersight-_sMlBI2Y3P49HMMgJAExyQ==/base.apk!classes3.dex): ok
06-19 10:27:34.827 16215 16236 D jni_lib_merge: Entering merged library JNI_OnLoad.
06-19 10:27:34.827 16215 16236 D jni_lib_merge: Preparing 4 pre-merged libs (including stub)
06-19 10:27:34.827 16215 16236 D jni_lib_merge: Preparing to register libhermes_executor_so.  onload_func: 0x75183da4b0
06-19 10:27:34.827 16215 16236 D jni_lib_merge: Preparing to register libhermesinstancejni_so.  onload_func: 0x75183e1900
06-19 10:27:34.827 16215 16236 D jni_lib_merge: Preparing to register libjsijniprofiler_so.  onload_func: 0x75183e20ec
06-19 10:27:34.827 16215 16236 D jni_lib_merge: About to register 3 actual methods.
06-19 10:27:34.829  2771  4795 D InputTransport: Input channel constructed: '7d14e6f', fd=1089
06-19 10:27:34.829  2771  4795 D InputTransport: Input channel constructed: '7d14e6f', fd=1090
06-19 10:27:34.829  2771  4795 D InputTransport: Input channel constructed: '7d14e6f', fd=1106
06-19 10:27:34.829  2771  4795 D InputTransport: Input channel destroyed: '7d14e6f', fd=1090
06-19 10:27:34.829  2028  2628 I SurfaceFlinger: id=652 createSurf, flag=84004, 7d14e6f com.ESC.sobersight/com.ESC.sobersight.MainActivity#652
06-19 10:27:34.830  2771  4795 D RestrictionPolicy: isScreenCaptureEnabled : ret=true userId=0
06-19 10:27:34.830  2771  4795 D RestrictionPolicy: isScreenCaptureEnabled : ret=true userId=0
06-19 10:27:34.830  2771  4795 D InputTransport: Input channel destroyed: '7d14e6f', fd=1106
06-19 10:27:34.830 16215 16215 D InputTransport: Input channel constructed: '7d14e6f', fd=115
06-19 10:27:34.831 16215 16215 I InsetsController: onStateChanged: host=com.ESC.sobersight/com.ESC.sobersight.MainActivity, from=android.view.ViewRootImpl.onInsetsStateChanged:3026, state=InsetsState: {mDisplayFrame=Rect(0, 0 - 1080, 2340), mDisplayCutout=DisplayCutout{insets=Rect(0, 81 - 0, 0) waterfall=Insets{left=0, top=0, right=0, bottom=0} boundingRect={Bounds=[Rect(0, 0 - 0, 0), Rect(512, 0 - 568, 81), Rect(0, 0 - 0, 0), Rect(0, 0 - 0, 0)]} cutoutPathParserInfo={CutoutPathParserInfo{displayWidth=1080 displayHeight=2340 physicalDisplayWidth=1080 physicalDisplayHeight=2340 density={3.0} cutoutSpec={M 0,0 H -9.333333333333333 V 27 H 9.333333333333333 V 0 H 0 Z @dp} rotation={0} scale={1.0} physicalPixelDisplaySizeRatio={1.0}}} sideOverrides={}}, mRoundedCorners=RoundedCorners{[RoundedCorner{position=TopLeft, radius=102, center=Point(102, 102)}, RoundedCorner{position=TopRight, radius=102, center=Point(978, 102)}, RoundedCorner{position=BottomRight, radius=102, center=Point(978, 2238)}, RoundedCorner{position=BottomLeft, radius=102, center=Point(102, 2238)}]}  mRoundedCornerFrame=Rect(0, 0 - 1080, 2340), mPrivacyIndicatorBounds=PrivacyIndicatorBounds {static bounds=Rect(948, 0 - 1080, 81) rotation=0}, mDisplayShape=DisplayShape{ spec=-311912193 displayWidth=1080 displayHeight=2340 physicalPixelDisplaySizeRatio=1.0 rotation=0 offsetX=0 offsetY=0 scale=1.0}, mSources= { InsetsSource: {d3770001 mType=navigationBars mFrame=[0,2295][1080,2340] mVisible=true mFlags=SUPPRESS_SCRIM mSideHint=BOTTOM mBoundingRects=null}, InsetsSource: {d3770004 mType=systemGestures mFrame=[0,0][90,2340] mVisible=true mFlags= mSideHint=LEFT mBoundingRects=null}, InsetsSource: {d3770005 mType=mandatorySystemGestures mFrame=[0,2244][1080,2340] mVisible=true mFlags= mSideHint=BOTTOM mBoundingRects=null}, InsetsSource: {d3770006 mType=tappableElement mFrame=[0,0][0,0] mVisible=true mFlags= mSideHint=NONE mBoundingRects=null}, InsetsSource: {d3770024 mType=systemGestures mFrame=[990,0][1080,2340] mVisible=true mFlags= mSideHint=RIGHT mBoundingRects=null}, InsetsSource: {daa00000 mType=statusBars mFrame=[0,0][1080,81] mVisible=true mFlags= mSideHint=TOP mBoundingRects=null}, InsetsSource: {daa00005 mType=mandatorySystemGestures mFrame=[0,0][1080,117] mVisible=true mFlags= mSideHint=TOP mBoundingRects=null}, InsetsSource: {daa00006 mType=tappableElement mFrame=[0,0][1080,81] mVisible=true mFlags= mSideHint=TOP mBoundingRects=null}, InsetsSource: {3 mType=ime mFrame=[0,0][0,0] mVisible=false mFlags= mSideHint=NONE mBoundingRects=null}, InsetsSource: {27 mType=displayCutout mFrame=[0,0][1080,81] mVisible=true mFlags= mSideHint=TOP mBoundingRects=null} }
06-19 10:27:34.831  2028  2028 I SurfaceFlinger: [7d14e6f com.ESC.sobersight/com.ESC.sobersight.MainActivity#652] attach to parent LayerHierarchy{RequestedLayerState{ActivityRecord{196862646 u0 com.ESC.sobersight/.MainActivity t334}#645 parentId=644} 3 children}
06-19 10:27:34.831 16215 16215 I VRI[MainActivity]@d63d1b1: synced displayState. AttachInfo displayState=2
06-19 10:27:34.831  3813  3877 D SurfaceComposerClient: setCornerRadius ## Task=334#644 cornerRadius=102.000000
06-19 10:27:34.832 16215 16215 I VRI[MainActivity]@d63d1b1: setView = com.android.internal.policy.DecorView@a0ad0f IsHRR=false mFlingFrameRateChange=0 TM=true
06-19 10:27:34.833 16215 16215 I IDS_TAG : Starting IDS observe window
06-19 10:27:34.833 16215 16215 I IDS_TAG : Getting Shared Preference for com.ESC.sobersight.MainApplication@4a0ea4e uid = 10369
06-19 10:27:34.834 16215 16215 I IDS_TAG : App com.ESC.sobersight.MainApplication@4a0ea4e has not finished training
06-19 10:27:34.834 16215 16233 D HWUI    : HWUI - treat SMPTE_170M as sRGB
06-19 10:27:34.834 16215 16215 I IDS_TAG : Closing IDS observe window
06-19 10:27:34.834 16215 16215 I IDS_TAG : Getting Shared Preference for com.ESC.sobersight.MainApplication@4a0ea4e uid = 10369
06-19 10:27:34.835 16215 16215 I IDS_TAG : IDS count updated to 1 for com.ESC.sobersight.MainApplication@4a0ea4e
06-19 10:27:34.836  2771  4795 D CoreBackPreview: Window{7d14e6f u0 com.ESC.sobersight/com.ESC.sobersight.MainActivity}: Setting back callback OnBackInvokedCallbackInfo{mCallback=android.window.IOnBackInvokedCallback$Stub$Proxy@fcd205a, mPriority=0, mIsAnimationCallback=false, mOverrideBehavior=0}
06-19 10:27:34.837  2771  4795 I WindowManager: Relayout Window{7d14e6f u0 com.ESC.sobersight/com.ESC.sobersight.MainActivity}: viewVisibility=0 req=1080x2340 ty=1 d0
06-19 10:27:34.837  2028  3395 I SurfaceFlinger: id=653 createSurf, flag=44004, com.ESC.sobersight/com.ESC.sobersight.MainActivity$_16215#653
06-19 10:27:34.837  2771  4795 D WindowManager: makeSurface duration=0 name=com.ESC.sobersight/com.ESC.sobersight.MainActivity$_16215
06-19 10:27:34.838  2771  4795 D SurfaceComposerClient: setCornerRadius ## cf3eaa8 Splash Screen com.ESC.sobersight#646 cornerRadius=0.000000
06-19 10:27:34.838  2771  4795 D SurfaceComposerClient: setCornerRadius ## 7d14e6f com.ESC.sobersight/com.ESC.sobersight.MainActivity#652 cornerRadius=0.000000
06-19 10:27:34.838  2771  4795 D SurfaceComposerClient: setCornerRadius ## cf3eaa8 Splash Screen com.ESC.sobersight#646 cornerRadius=0.000000
06-19 10:27:34.838  2771  4795 D SurfaceComposerClient: setCornerRadius ## 7d14e6f com.ESC.sobersight/com.ESC.sobersight.MainActivity#652 cornerRadius=0.000000
06-19 10:27:34.839  2771  4795 D WindowManager: Changing focus from null to Window{7d14e6f u0 com.ESC.sobersight/com.ESC.sobersight.MainActivity} displayId=0 Callers=com.android.server.wm.WindowManagerService.relayoutWindow:1366 com.android.server.wm.Session.relayout:27 android.view.IWindowSession$Stub.onTransact:829 com.android.server.wm.Session.onTransact:1 
06-19 10:27:34.839  2771  4795 I WindowManager: Cancelling animation restarting=true, leash=Surface(name=Surface(name=5abfef9 StatusBar)/@0x217cafa - animation-leash of insets_animation)/@0x18681dd
06-19 10:27:34.839  2771  4795 I WindowManager: Reparenting to original parent: Surface(name=WindowToken{c52d1c0 type=2000 android.os.BinderProxy@f7a24f2})/@0xb55c8ab, destroy=false, surface=Surface(name=5abfef9 StatusBar)/@0x217cafa
06-19 10:27:34.839  2771  4795 I WindowManager: Reparenting to leash, surface=Surface(name=5abfef9 StatusBar)/@0x217cafa, leashParent=Surface(name=WindowToken{c52d1c0 type=2000 android.os.BinderProxy@f7a24f2})/@0xb55c8ab
06-19 10:27:34.839  2028  3395 I SurfaceFlinger: id=654 createSurf, flag=24000, Surface(name=5abfef9 StatusBar)/@0x217cafa - animation-leash of insets_animation#654
--------- beginning of crash
06-19 10:27:34.839 16215 16236 E AndroidRuntime: FATAL EXCEPTION: pool-5-thread-1
06-19 10:27:34.839 16215 16236 E AndroidRuntime: Process: com.ESC.sobersight, PID: 16215
06-19 10:27:34.839 16215 16236 E AndroidRuntime: java.lang.NoClassDefFoundError: Failed resolution of: Lexpo/modules/kotlin/types/AnyTypeCache;
06-19 10:27:34.839 16215 16236 E AndroidRuntime: 	at expo.modules.asset.AssetModule.definition(AssetModule.kt:125)
06-19 10:27:34.839 16215 16236 E AndroidRuntime: 	at expo.modules.kotlin.ModuleHolder.<init>(ModuleHolder.kt:22)
06-19 10:27:34.839 16215 16236 E AndroidRuntime: 	at expo.modules.kotlin.ModuleRegistry.register(ModuleRegistry.kt:27)
06-19 10:27:34.839 16215 16236 E AndroidRuntime: 	at expo.modules.kotlin.ModuleRegistry.register(ModuleRegistry.kt:47)
06-19 10:27:34.839 16215 16236 E AndroidRuntime: 	at expo.modules.kotlin.AppContext.<init>(AppContext.kt:120)
06-19 10:27:34.839 16215 16236 E AndroidRuntime: 	at expo.modules.kotlin.KotlinInteropModuleRegistry.<init>(KotlinInteropModuleRegistry.kt:23)
06-19 10:27:34.839 16215 16236 E AndroidRuntime: 	at expo.modules.adapters.react.NativeModulesProxy.<init>(NativeModulesProxy.java:45)
06-19 10:27:34.839 16215 16236 E AndroidRuntime: 	at expo.modules.adapters.react.ModuleRegistryAdapter.getOrCreateNativeModulesProxy(ModuleRegistryAdapter.java:135)
06-19 10:27:34.839 16215 16236 E AndroidRuntime: 	at expo.modules.adapters.react.ModuleRegistryAdapter.createNativeModules(ModuleRegistryAdapter.java:64)
06-19 10:27:34.839 16215 16236 E AndroidRuntime: 	at expo.modules.ExpoModulesPackage.createNativeModules(ExpoModulesPackage.kt:35)
06-19 10:27:34.839 16215 16236 E AndroidRuntime: 	at com.facebook.react.ReactPackageTurboModuleManagerDelegate.initialize(ReactPackageTurboModuleManagerDelegate.kt:87)
06-19 10:27:34.839 16215 16236 E AndroidRuntime: 	at com.facebook.react.ReactPackageTurboModuleManagerDelegate.<init>(ReactPackageTurboModuleManagerDelegate.kt:45)
06-19 10:27:34.839 16215 16236 E AndroidRuntime: 	at com.facebook.react.defaults.DefaultTurboModuleManagerDelegate.<init>(DefaultTurboModuleManagerDelegate.kt:35)
06-19 10:27:34.839 16215 16236 E AndroidRuntime: 	at com.facebook.react.defaults.DefaultTurboModuleManagerDelegate.<init>(DefaultTurboModuleManagerDelegate.kt:0)
06-19 10:27:34.839 16215 16236 E AndroidRuntime: 	at com.facebook.react.defaults.DefaultTurboModuleManagerDelegate$Builder.build(DefaultTurboModuleManagerDelegate.kt:62)
06-19 10:27:34.839 16215 16236 E AndroidRuntime: 	at com.facebook.react.defaults.DefaultTurboModuleManagerDelegate$Builder.build(DefaultTurboModuleManagerDelegate.kt:42)
06-19 10:27:34.839 16215 16236 E AndroidRuntime: 	at com.facebook.react.ReactPackageTurboModuleManagerDelegate$Builder.build(ReactPackageTurboModuleManagerDelegate.kt:241)
06-19 10:27:34.839 16215 16236 E AndroidRuntime: 	at com.facebook.react.runtime.ReactInstance.<init>(ReactInstance.kt:168)
06-19 10:27:34.839 16215 16236 E AndroidRuntime: 	at com.facebook.react.runtime.ReactHostImpl.getOrCreateReactInstanceTask$lambda$41$lambda$38(ReactHostImpl.kt:920)
06-19 10:27:34.839 16215 16236 E AndroidRuntime: 	at com.facebook.react.runtime.ReactHostImpl.$r8$lambda$LQY77bFECGrnkUqd7Ku55sJ721A(ReactHostImpl.kt:0)
06-19 10:27:34.839 16215 16236 E AndroidRuntime: 	at com.facebook.react.runtime.ReactHostImpl$$ExternalSyntheticLambda11.then(D8$$SyntheticClass:0)
06-19 10:27:34.839 16215 16236 E AndroidRuntime: 	at com.facebook.react.runtime.internal.bolts.Task$Companion.completeImmediately$lambda$3(Task.kt:356)
06-19 10:27:34.839 16215 16236 E AndroidRuntime: 	at com.facebook.react.runtime.internal.bolts.Task$Companion.$r8$lambda$b7MTC0ufkn_2TjF4BGcNqGR9qK0(Task.kt:0)
06-19 10:27:34.839 16215 16236 E AndroidRuntime: 	at com.facebook.react.runtime.internal.bolts.Task$Companion$$ExternalSyntheticLambda3.run(D8$$SyntheticClass:0)
06-19 10:27:34.839 16215 16236 E AndroidRuntime: 	at com.facebook.react.runtime.internal.bolts.Executors$ImmediateExecutor.execute(Executors.kt:41)
06-19 10:27:34.839 16215 16236 E AndroidRuntime: 	at com.facebook.react.runtime.internal.bolts.Task$Companion.completeImmediately(Task.kt:354)
06-19 10:27:34.839 16215 16236 E AndroidRuntime: 	at com.facebook.react.runtime.internal.bolts.Task$Companion.access$completeImmediately(Task.kt:250)
06-19 10:27:34.839 16215 16236 E AndroidRuntime: 	at com.facebook.react.runtime.internal.bolts.Task.continueWith(Task.kt:132)
06-19 10:27:34.839 16215 16236 E AndroidRuntime: 	at com.facebook.react.runtime.internal.bolts.Task.continueWith$default(Task.kt:117)
06-19 10:27:34.839 16215 16236 E AndroidRuntime: 	at com.facebook.react.runtime.internal.bolts.Task.onSuccess$lambda$12(Task.kt:174)
06-19 10:27:34.839 16215 16236 E AndroidRuntime: 	at com.facebook.react.runtime.internal.bolts.Task.$r8$lambda$l0wwo5AvbHxlwfI1R7CH_codxoo(Task.kt:0)
06-19 10:27:34.839 16215 16236 E AndroidRuntime: 	at com.facebook.react.runtime.internal.bolts.Task$$ExternalSyntheticLambda2.then(D8$$SyntheticClass:0)
06-19 10:27:34.839 16215 16236 E AndroidRuntime: 	at com.facebook.react.runtime.internal.bolts.Task$Companion.completeAfterTask$lambda$5(Task.kt:390)
06-19 10:27:34.839 16215 16236 E AndroidRuntime: 	at com.facebook.react.runtime.internal.bolts.Task$Companion.$r8$lambda$IPpysnehFwANEiW061YzapkMdoE(Task.kt:0)
06-19 10:27:34.839 16215 16236 E AndroidRuntime: 	at com.facebook.react.runtime.internal.bolts.Task$Companion$$ExternalSyntheticLambda4.run(D8$$SyntheticClass:0)
06-19 10:27:34.839 16215 16236 E AndroidRuntime: 	at java.util.concurrent.ThreadPoolExecutor.runWorker(ThreadPoolExecutor.java:1100)
06-19 10:27:34.839 16215 16236 E AndroidRuntime: 	at java.util.concurrent.ThreadPoolExecutor$Worker.run(ThreadPoolExecutor.java:624)
06-19 10:27:34.839 16215 16236 E AndroidRuntime: 	at java.lang.Thread.run(Thread.java:1572)
06-19 10:27:34.839 16215 16236 E AndroidRuntime: Caused by: java.lang.ClassNotFoundException: expo.modules.kotlin.types.AnyTypeCache
06-19 10:27:34.839 16215 16236 E AndroidRuntime: 	... 38 more
06-19 10:27:34.839  2771  4795 D WindowManager: makeSurface duration=0 leash=Surface(name=Surface(name=5abfef9 StatusBar)/@0x217cafa - animation-leash of insets_animation)/@0x1687f68
06-19 10:27:34.839  2028  2028 I SurfaceFlinger: RequestedLayer [7d14e6f com.ESC.sobersight/com.ESC.sobersight.MainActivity#652] hidden!! flag  from(1) --> to(0)
06-19 10:27:34.840  2771  4795 D InsetsSourceProvider: updateControlForTarget: control=InsetsSourceControl: {daa00000 mType=statusBars initiallyVisible mSurfacePosition=Point(0, 0) mInsetsHint=Insets{left=0, top=81, right=0, bottom=0}}, target=Window{7d14e6f u0 com.ESC.sobersight/com.ESC.sobersight.MainActivity}, from=com.android.server.wm.InsetsStateController.onControlTargetChanged:83 com.android.server.wm.InsetsPolicy.updateBarControlTarget:212 com.android.server.wm.DisplayPolicy.updateSystemBarAttributes:262 com.android.server.wm.WindowManagerService.updateFocusedWindowLocked:372 com.android.server.wm.WindowManagerService.relayoutWindow:1366 
06-19 10:27:34.840  2028  2028 I SurfaceFlinger: [com.ESC.sobersight/com.ESC.sobersight.MainActivity$_16215#653] attach to parent LayerHierarchy{RequestedLayerState{7d14e6f com.ESC.sobersight/com.ESC.sobersight.MainActivity#652 parentId=645} 1 children}
06-19 10:27:34.840  2028  2028 I SurfaceFlinger: [Surface(name=5abfef9 StatusBar)/@0x217cafa - animation-leash of insets_animation#654] attach to parent LayerHierarchy{RequestedLayerState{WindowToken{c52d1c0 type=2000 android.os.BinderProxy@f7a24f2}#103 parentId=17} 2 children}
06-19 10:27:34.840  2771  4795 I WindowManager: Cancelling animation restarting=true, leash=Surface(name=Surface(name=e35ed82 NavigationBar0)/@0x3ca7d20 - animation-leash of insets_animation)/@0x6004c23
06-19 10:27:34.840  2771  4795 I WindowManager: Reparenting to original parent: Surface(name=WindowToken{7b6b0cd type=2019 android.os.BinderProxy@d70c7f7})/@0x61736d9, destroy=false, surface=Surface(name=e35ed82 NavigationBar0)/@0x3ca7d20
06-19 10:27:34.840  2771  4795 I WindowManager: Reparenting to leash, surface=Surface(name=e35ed82 NavigationBar0)/@0x3ca7d20, leashParent=Surface(name=WindowToken{7b6b0cd type=2019 android.os.BinderProxy@d70c7f7})/@0x61736d9
06-19 10:27:34.840  2028  2628 I SurfaceFlinger: id=655 createSurf, flag=24000, Surface(name=e35ed82 NavigationBar0)/@0x3ca7d20 - animation-leash of insets_animation#655
06-19 10:27:34.840  3813  3877 D SurfaceComposerClient: setCornerRadius ## Task=334#644 cornerRadius=102.000000
06-19 10:27:34.840  2771  4795 D WindowManager: makeSurface duration=0 leash=Surface(name=Surface(name=e35ed82 NavigationBar0)/@0x3ca7d20 - animation-leash of insets_animation)/@0x42ce826
06-19 10:27:34.840  2771  4795 D InsetsSourceProvider: updateControlForTarget: control=InsetsSourceControl: {d3770001 mType=navigationBars initiallyVisible mSurfacePosition=Point(0, 2196) mInsetsHint=Insets{left=0, top=0, right=0, bottom=45}}, target=Window{7d14e6f u0 com.ESC.sobersight/com.ESC.sobersight.MainActivity}, from=com.android.server.wm.InsetsStateController.onControlTargetChanged:83 com.android.server.wm.InsetsPolicy.updateBarControlTarget:225 com.android.server.wm.DisplayPolicy.updateSystemBarAttributes:262 com.android.server.wm.WindowManagerService.updateFocusedWindowLocked:372 com.android.server.wm.WindowManagerService.relayoutWindow:1366 
06-19 10:27:34.840  2771  4795 D WindowManager: updateSystemBarAttributes: displayId=0, focusedCanBeNavColorWin=false, win=Window{7d14e6f u0 com.ESC.sobersight/com.ESC.sobersight.MainActivity}, navColorWin=Window{cf3eaa8 u0 Splash Screen com.ESC.sobersight}, caller=com.android.server.wm.WindowManagerService.updateFocusedWindowLocked:372 com.android.server.wm.WindowManagerService.relayoutWindow:1366 com.android.server.wm.Session.relayout:27 
06-19 10:27:34.840  2771  4795 D WindowManager: updateSystemBarAttributes, bhv=1, apr=16, statusBarAprRegions=[AppearanceRegion{LIGHT_STATUS_BARS bounds=[0,0][1080,2340]}], requestedVisibilities=-9
06-19 10:27:34.840  2771  4795 V SystemKeyManager: updateFocusedWindow() is called, com.ESC.sobersight/com.ESC.sobersight.MainActivity
06-19 10:27:34.841  2771  4795 I WindowManager: Relayout hash=7d14e6f, pid=16215, syncId=-1: mAttrs={(0,0)(fillxfill) sim={adjust=resize forwardNavigation} layoutInDisplayCutoutMode=always ty=BASE_APPLICATION wanim=0x1030317
06-19 10:27:34.841  2771  4795 I WindowManager:   fl=81810100
06-19 10:27:34.841  2771  4795 I WindowManager:   pfl=100088c0
06-19 10:27:34.841  2771  4795 I WindowManager:   vsysui=10
06-19 10:27:34.841  2771  4795 I WindowManager:   apr=10
06-19 10:27:34.841  2771  4795 I WindowManager:   bhv=1
06-19 10:27:34.841  2771  4795 I WindowManager:   fitSides=0
06-19 10:27:34.841  2771  4795 I WindowManager:   frameRateBoostOnTouch=true
06-19 10:27:34.841  2771  4795 I WindowManager:   dvrrWindowFrameRateHint=true naviIconColor=0}
06-19 10:27:34.841 16215 16215 E .ESC.sobersight: Unable to open libpenguin.so: dlopen failed: library "libpenguin.so" not found.
06-19 10:27:34.841 16215 16215 W libc    : Access denied finding property "vendor.display.enable_optimal_refresh_rate"
06-19 10:27:34.842 16215 16215 I BufferQueueProducer: [](id:3f5700000000,api:0,p:1630876112,c:16215) setDequeueTimeout:2077252342
06-19 10:27:34.842 16215 16215 I BLASTBufferQueue_Java: new BLASTBufferQueue, mName= VRI[MainActivity]@d63d1b1 mNativeObject= 0xb400007601367340 caller= android.view.ViewRootImpl.updateBlastSurfaceIfNeeded:3585 android.view.ViewRootImpl.relayoutWindow:11685 android.view.ViewRootImpl.performTraversals:4804 android.view.ViewRootImpl.doTraversal:3924 android.view.ViewRootImpl$TraversalRunnable.run:12903 android.view.Choreographer$CallbackRecord.run:1901 android.view.Choreographer$CallbackRecord.run:1910 android.view.Choreographer.doCallbacks:1367 android.view.Choreographer.doFrame:1292 android.view.Choreographer$FrameDisplayEventReceiver.run:1870 
06-19 10:27:34.842 16215 16215 I BLASTBufferQueue_Java: update, w= 1080 h= 2340 mName = VRI[MainActivity]@d63d1b1 mNativeObject= 0xb400007601367340 sc.mNativeObject= 0xb40000763133f750 format= -1 caller= android.view.ViewRootImpl.updateBlastSurfaceIfNeeded:3590 android.view.ViewRootImpl.relayoutWindow:11685 android.view.ViewRootImpl.performTraversals:4804 android.view.ViewRootImpl.doTraversal:3924 android.view.ViewRootImpl$TraversalRunnable.run:12903 android.view.Choreographer$CallbackRecord.run:1901 
06-19 10:27:34.842 16215 16215 W libc    : Access denied finding property "vendor.display.enable_optimal_refresh_rate"
06-19 10:27:34.842 16215 16215 I VRI[MainActivity]@d63d1b1: Relayout returned: old=(0,0,1080,2340) new=(0,0,1080,2340) relayoutAsync=false req=(1080,2340)0 dur=4 res=0x3 s={true 0xb40000768135fd90} ch=true seqId=0
06-19 10:27:34.843 16215 16215 I VRI[MainActivity]@d63d1b1: performConfigurationChange setNightDimText nightDimLevel=0
06-19 10:27:34.843  2771  6578 D Debug   : low && ship && 3rdparty app crash, do not dump
06-19 10:27:34.843 16215 16215 D VRI[MainActivity]@d63d1b1: mThreadedRenderer.initialize() mSurface={isValid=true 0xb40000768135fd90} hwInitialized=true
06-19 10:27:34.843  3813  3813 D NavigationBar: onSystemBarAttributesChanged() -  displayId:0, appearance:16, packageName: com.ESC.sobersight (APPEARANCE_LIGHT_NAVIGATION_BARS ), navbarColorManagedByIme:false
06-19 10:27:34.844  2771 16252 W ActivityManager: crash : com.ESC.sobersight,10369
06-19 10:27:34.844 16215 16215 D VRI[MainActivity]@d63d1b1: reportNextDraw android.view.ViewRootImpl.performTraversals:5443 android.view.ViewRootImpl.doTraversal:3924 android.view.ViewRootImpl$TraversalRunnable.run:12903 android.view.Choreographer$CallbackRecord.run:1901 android.view.Choreographer$CallbackRecord.run:1910 
06-19 10:27:34.844 16215 16215 D VRI[MainActivity]@d63d1b1: Canceling draw. cancelDueToPreDrawListener=true cancelDueToSync=false
06-19 10:27:34.844  2771  6578 W ActivityTaskManager:   Force finishing activity com.ESC.sobersight/.MainActivity
06-19 10:27:34.844  2771  6578 D WindowManager: Transition is created, t=TransitionRecord{1fa2a14 id=-1 type=CLOSE flags=0x10}, caller=com.android.server.wm.Transition.<init>:182 com.android.server.wm.TransitionController.createTransition:17 com.android.server.wm.TransitionController.requestTransitionIfNeeded:48 com.android.server.wm.RootWindowContainer$$ExternalSyntheticLambda34.accept:176 com.android.server.wm.Task.forAllLeafTasks:6 
06-19 10:27:34.844  2771  6578 D BLASTSyncEngine: SyncGroup is created, id=59, name=Transition-CLOSE, caller=com.android.server.wm.BLASTSyncEngine$SyncGroup.<init>:52 com.android.server.wm.TransitionController.moveToCollecting:79 com.android.server.wm.TransitionController.createTransition:46 com.android.server.wm.TransitionController.requestTransitionIfNeeded:48 com.android.server.wm.RootWindowContainer$$ExternalSyntheticLambda34.accept:176 com.android.server.wm.Task.forAllLeafTasks:6 com.android.server.wm.WindowContainer.forAllLeafTasks:4 
06-19 10:27:34.844  2771  6578 W BLASTSyncEngine: setSyncMethod, id=59, method=0, caller=com.android.server.wm.TransitionController.moveToCollecting:91 com.android.server.wm.TransitionController.createTransition:46 com.android.server.wm.TransitionController.requestTransitionIfNeeded:48 
06-19 10:27:34.844  2771  6578 V WindowManager: Start collecting in Transition: TransitionRecord{1fa2a14 id=59 type=CLOSE flags=0x10}, caller=com.android.server.wm.TransitionController.createTransition:46 com.android.server.wm.TransitionController.requestTransitionIfNeeded:48 com.android.server.wm.RootWindowContainer$$ExternalSyntheticLambda34.accept:176 com.android.server.wm.Task.forAllLeafTasks:6 com.android.server.wm.WindowContainer.forAllLeafTasks:4 
06-19 10:27:34.844  2771  6578 V WindowManager: Requesting StartTransition: TransitionRecord{1fa2a14 id=59 type=CLOSE flags=0x10}, caller=com.android.server.wm.TransitionController.requestTransitionIfNeeded:56 com.android.server.wm.RootWindowContainer$$ExternalSyntheticLambda34.accept:176 com.android.server.wm.Task.forAllLeafTasks:6 com.android.server.wm.WindowContainer.forAllLeafTasks:4 com.android.server.wm.DisplayArea.forAllLeafTasks:4 
06-19 10:27:34.845  2771  6578 V WindowManager: Collecting in transition 59: Task{cd72bb7 #334 type=standard A=10369:com.ESC.sobersight}, caller=com.android.server.wm.Transition.collectExistenceChange:40 com.android.server.wm.Transition.collectClose:7 com.android.server.wm.ActivityRecord.finishIfPossible:50 com.android.server.wm.ActivityRecord.finishIfPossible:1 com.android.server.wm.RootWindowContainer$$ExternalSyntheticLambda34.accept:179 
06-19 10:27:34.845  2771  6578 D WindowManager: prepareSync <SYNC_STATE_WAITING_FOR_DRAW>, mPrepareSyncSeqId=0, win=Window{cf3eaa8 u0 Splash Screen com.ESC.sobersight}
06-19 10:27:34.845  2771  6578 D WindowManager: prepareSync <SYNC_STATE_WAITING_FOR_DRAW>, mPrepareSyncSeqId=0, win=Window{7d14e6f u0 com.ESC.sobersight/com.ESC.sobersight.MainActivity}
06-19 10:27:34.845  3813  3868 V WindowManagerShell: Transition requested (#59): android.os.BinderProxy@8172033 TransitionRequestInfo { type = CLOSE, triggerTask = TaskInfo{userId=0 taskId=334 effectiveUid=10369 displayId=0 isRunning=true baseIntent=Intent { act=android.intent.action.MAIN cat=[android.intent.category.LAUNCHER] flg=0x10200000 cmp=com.ESC.sobersight/.MainActivity } baseActivity=ComponentInfo{com.ESC.sobersight/com.ESC.sobersight.MainActivity} topActivity=ComponentInfo{com.ESC.sobersight/com.ESC.sobersight.MainActivity} origActivity=null realActivity=ComponentInfo{com.ESC.sobersight/com.ESC.sobersight.MainActivity} numActivities=1 lastActiveTime=40980856 supportsMultiWindow=true resizeMode=1 isResizeable=true minWidth=-1 minHeight=-1 maxWidth=-1 maxHeight=-1 defaultMinSize=220 desktopDefaultMinSize=304 token=WCT{android.window.IWindowContainerToken$Stub$Proxy@81a6ff0} topActivityType=1 pictureInPictureParams=null shouldDockBigOverlays=false launchIntoPipHostTaskId=-1 lastParentTaskIdBeforePip=-1 displayCutoutSafeInsets=Rect(0, 0 - 0, 0) topActivityInfo=ActivityInfo{4fcf969 com.ESC.sobersight.MainActivity} launchCookies=[] positionInParent=Point(0, 0) parentTaskId=-1 isFocused=true isVisible=true isVisibleRequested=true isTopActivityNoDisplay=false isSleeping=false locusId=null displayAreaFeatureId=1 isTopActivityTransparent=false isActivityStackTransparent=false lastNonFullscreenBounds=Rect(81, 603 - 999, 1773) capturedLink=null capturedLinkTimestamp=0 requestedVisibleTypes=-9 topActivityRequestOpenInBrowserEducationTimestamp=0 appCompatTaskInfo=AppCompatTaskInfo { topActivityInSizeCompat=false eligibleForLetterboxEducation= false isLetterboxEducationEnabled= false isLetterboxDoubleTapEnabled= false eligibleForUserAspectRatioButton= false topActivityBoundsLetterboxed= false isFromLetterboxDoubleTap= false topActivityLetterboxVerticalPosition= -1 topActivityLetterboxHorizontalPosition= -1 topActivityLetterboxWidth=-1 topActivityLetterboxHeight=-1 topActivityAppBounds=Rect(0, 0 - 1080, 2340) isUserFullscreenOverrideEnabled=false isSystemFullscreenOverrideEnabled=false hasMinAspectRatioOverride=false topActivityLetterboxBounds=null cameraCompatTaskInfo=CameraCompatTaskInfo { freeformCameraCompatMode=inactive} topActivityBounds=null topActivityInDisplayCompat=false singleTapFromLetterbox=false} topActivityMainWindowFrame=null originallySupportedMultiWindow=true hasWallpaper=false rootAffinity=10369:com.ESC.sobersight isTopTaskInStage=false CoverLauncherWidgetTask=false LaunchedFromAppsCoverLauncherTask=false LaunchedFromMultistarCoverLauncherTask=false isAllowedSeamlessRotation=false isTopTransparentActivity=false isAliasManaged=false hasConfigChanged=false snappingGuideBounds=null isAiKeyRemoveAppTask=false lastDesktopWindowingBounds=null lastExternalDesktopWindowingBounds=null safeCutoutInsets=null}, pipChange = null, remoteTransition = null, displayChange = null, flags = 16, debugId = 59 }
06-19 10:27:34.845  3813  3868 V ShellDesktopMode: DesktopTasksController: isDesktopModeShowing: hasVisibleTasks=false hasTopTransparentFullscreenTask=false
06-19 10:27:34.845  3813  3868 V ShellDesktopMode: DesktopTasksController: isDesktopModeShowing: hasVisibleTasks=false hasTopTransparentFullscreenTask=false
06-19 10:27:34.845  3813  3868 D ShellDesktopMode: handleRequest: TransitionRequestInfo {type=2, tid=334, f=16, debugId=59}
06-19 10:27:34.845  3813  3868 V ShellDesktopMode: DesktopTasksController: skipping handleRequest reason=transition type not handled (2)
06-19 10:27:34.845  2771  6578 D ActivityTaskManager: scheduleTopResumedActivityChanged, onTop=false, r=ActivityRecord{196862646 u0 com.ESC.sobersight/.MainActivity t334 f}}, caller=com.android.server.wm.ActivityTaskSupervisor.scheduleTopResumedActivityStateLossIfNeeded:19 com.android.server.wm.ActivityTaskSupervisor.updateTopResumedActivityIfNeeded:20 com.android.server.wm.TaskDisplayArea.positionChildAt:252 com.android.server.wm.WindowContainer.positionChildAt:84 com.android.server.wm.Task.positionChildAt:19 com.android.server.wm.Task.moveToFront:40 
06-19 10:27:34.846  2771  6578 V WindowManager: Collecting in transition 59: ActivityRecord{196862646 u0 com.ESC.sobersight/.MainActivity t334 f}}, caller=com.android.server.wm.TransitionController.collect:7 com.android.server.wm.ActivityRecord.setVisibility:132 com.android.server.wm.ActivityRecord.finishIfPossible:87 com.android.server.wm.ActivityRecord.finishIfPossible:1 com.android.server.wm.RootWindowContainer$$ExternalSyntheticLambda34.accept:179 
06-19 10:27:34.847  2771  6578 V WindowManager: Collecting in transition 59: ActivityRecord{33401934 u0 com.sec.android.app.launcher/.activities.LauncherActivity t319}, caller=com.android.server.wm.TransitionController.collect:7 com.android.server.wm.ActivityRecord.setVisibility:132 com.android.server.wm.ActivityRecord.makeVisibleIfNeeded:36 com.android.server.wm.EnsureActivitiesVisibleHelper.process:538 com.android.server.wm.TaskFragment.updateActivityVisibilities:12 
06-19 10:27:34.847  2771  6578 D WindowManager: prepareSync <SYNC_STATE_WAITING_FOR_DRAW>, mPrepareSyncSeqId=0, win=Window{c854ba7 u0 com.sec.android.app.launcher/com.sec.android.app.launcher.activities.LauncherActivity}
06-19 10:27:34.847  2771  6578 V WindowManager: Collecting in transition 59: WallpaperWindowToken{fcfc1ca showWhenLocked=false}_<system>, caller=com.android.server.wm.TransitionController.collect:7 com.android.server.wm.WallpaperWindowToken.setVisibility:55 com.android.server.wm.WallpaperController.adjustWallpaperWindows:857 com.android.server.wm.RootWindowContainer.applySurfaceChangesTransaction$1:141 com.android.server.wm.RootWindowContainer.performSurfacePlacementNoTrace:59 
06-19 10:27:34.847  2771  6578 D SurfaceComposerClient: setCornerRadius ## c854ba7 com.sec.android.app.launcher/com.sec.android.app.launcher.activities.LauncherActivity#129 cornerRadius=0.000000
06-19 10:27:34.848  2028  2028 I SurfaceFlinger: [LayerHierarchy{RequestedLayerState{e35ed82 NavigationBar0#90 parentId=655} 1 children}] reparent to LayerHierarchy{RequestedLayerState{Surface(name=e35ed82 NavigationBar0)/@0x3ca7d20 - animation-leash of insets_animation#655 parentId=89} 1 children}
06-19 10:27:34.848  2028  2028 I SurfaceFlinger: [LayerHierarchy{RequestedLayerState{5abfef9 StatusBar#104 parentId=654} 1 children}] reparent to LayerHierarchy{RequestedLayerState{Surface(name=5abfef9 StatusBar)/@0x217cafa - animation-leash of insets_animation#654 parentId=103} 1 children}
06-19 10:27:34.848  2028  2028 I SurfaceFlinger: [LayerHierarchy{RequestedLayerState{Surface(name=e35ed82 NavigationBar0)/@0x3ca7d20 - animation-leash of insets_animation#650} no children}] reparent to OffscreenRoot
06-19 10:27:34.848  2028  2028 I SurfaceFlinger: [LayerHierarchy{RequestedLayerState{Surface(name=e35ed82 NavigationBar0)/@0x3ca7d20 - animation-leash of insets_animation#650} no children}] RelativeParent to null
06-19 10:27:34.848  2028  2028 I SurfaceFlinger: [LayerHierarchy{RequestedLayerState{Surface(name=5abfef9 StatusBar)/@0x217cafa - animation-leash of insets_animation#649} no children}] reparent to OffscreenRoot
06-19 10:27:34.848  2028  2028 I SurfaceFlinger: [LayerHierarchy{RequestedLayerState{Surface(name=5abfef9 StatusBar)/@0x217cafa - animation-leash of insets_animation#649} no children}] RelativeParent to null
06-19 10:27:34.848  2028  2028 I SurfaceFlinger: [Surface(name=e35ed82 NavigationBar0)/@0x3ca7d20 - animation-leash of insets_animation#655] attach to parent LayerHierarchy{RequestedLayerState{WindowToken{7b6b0cd type=2019 android.os.BinderProxy@d70c7f7}#89 parentId=34} 1 children}
06-19 10:27:34.848  2771  6578 D WindowManager: updateSystemBarAttributes: displayId=0, focusedCanBeNavColorWin=false, win=Window{7d14e6f u0 com.ESC.sobersight/com.ESC.sobersight.MainActivity}, navColorWin=Window{c854ba7 u0 com.sec.android.app.launcher/com.sec.android.app.launcher.activities.LauncherActivity}, caller=com.android.server.wm.DisplayPolicy.finishPostLayoutPolicyLw:17 com.android.server.wm.RootWindowContainer.applySurfaceChangesTransaction$1:195 com.android.server.wm.RootWindowContainer.performSurfacePlacementNoTrace:59 
06-19 10:27:34.848  3813  3877 D SurfaceComposerClient: setCornerRadius ## Task=334#644 cornerRadius=102.000000
06-19 10:27:34.848  2771  6578 D WindowManager: updateSystemBarAttributes, bhv=1, apr=0, statusBarAprRegions=[AppearanceRegion{ bounds=[0,0][1080,2340]}], requestedVisibilities=-9
06-19 10:27:34.848  2771  6578 D SurfaceComposerClient: setCornerRadius ## c854ba7 com.sec.android.app.launcher/com.sec.android.app.launcher.activities.LauncherActivity#129 cornerRadius=0.000000
06-19 10:27:34.850  2771  2882 I WindowManager: notifyInsetsControlChanged, removed=false, win=Window{cf3eaa8 u0 Splash Screen com.ESC.sobersight}, caller=com.android.server.wm.InsetsStateController$$ExternalSyntheticLambda1.run:137 com.android.server.wm.WindowAnimator$$ExternalSyntheticLambda2.onTransactionCommitted:26 android.view.SurfaceControl$Transaction$$ExternalSyntheticLambda4.run:0 android.os.Handler.handleCallback:995 android.os.Handler.dispatchMessage:103 android.os.Looper.loopOnce:273 
06-19 10:27:34.850 16215 16236 I Process : Sending signal. PID: 16215 SIG: 9
06-19 10:27:34.851  4323  4427 I HoneySpace.TopTaskSource: onTaskMovedToFront : taskId = 319, displayId = 0
06-19 10:27:34.851  2771  2877 D ActivityManager: !@AM_BOOT_PROGRESS , ensureBootCompleted booting:false /enableScreen:false /caller:com.android.server.am.ActivityManagerService.ensureBootCompleted:47 com.android.server.am.ActivityManagerService$UiHandler.handleMessage$com$android$server$am$ActivityManagerService$UiHandler:614 
06-19 10:27:34.851  2771  4411 V WindowManager: Starting Transition 59, caller=com.android.server.wm.WindowOrganizerController.startTransition:47 com.android.server.wm.WindowOrganizerController.startTransition:1 android.window.IWindowOrganizerController$Stub.onTransact:259 
06-19 10:27:34.852  2028  2361 D SurfaceFlinger: [input] setFocusedWindow: 7d14e6f com.ESC.sobersight/com.ESC.sobersight.MainActivity
06-19 10:27:34.852  4323  4429 I HoneySpace.TopTaskUseCase: topTasks 319 ComponentInfo{com.sec.android.app.launcher/com.sec.android.app.launcher.Launcher}[displayId=0]
06-19 10:27:34.853  4323 12581 I HoneySpace.RecentTasks: onRecentTasksChanged
06-19 10:27:34.853  2771  4795 D InputDispatcher: Once focus requested (0): 7d14e6f com.ESC.sobersight/com.ESC.sobersight.MainActivity
06-19 10:27:34.853  2771  4795 D InputDispatcher: Focus request (0): 7d14e6f com.ESC.sobersight/com.ESC.sobersight.MainActivity but waiting because NOT_VISIBLE
06-19 10:27:34.853  3813  3813 D SamsungLightBarControlHelper: updateStatusBar (WHITE icon) numStacks:1, StatusBarMode:MODE_TRANSPARENT, lightBarBounds:[], StatusBarState:SHADE, packageName:, isWhiteKeyguardStatusBar:true
06-19 10:27:34.853  3813  3813 D SamsungLightBarControlHelper: onStatusBarAppearanceChanged() -  sbModeChanged:false, statusBarMode:0, barState:MODE_TRANSPARENT, isKeyguardShowing:false, navbarColorManagedByIme:false, (AppearanceRegion{ bounds=[0,0][1080,2340]}, )
06-19 10:27:34.853  3813  3813 D NavigationBar: onSystemBarAttributesChanged() -  displayId:0, appearance:0, packageName: com.ESC.sobersight, navbarColorManagedByIme:false
06-19 10:27:34.853  3813  3883 I VRI[sobersight]@1c80a6e: onActiveControlsChanged, removed=false, mAdded=true, caller=android.view.ViewRootImpl.handleInsetsControlChanged:3002 android.view.ViewRootImpl$ViewRootHandler.handleMessageImpl:8352 android.view.ViewRootImpl$ViewRootHandler.handleMessage:8301 android.os.Handler.dispatchMessage:110 android.os.Looper.loopOnce:273 
06-19 10:27:34.854  2028  2628 I SurfaceFlinger: id=649 Removed Surface(name=5abfef9 StatusBar)/@0x217cafa - animation-leash of insets_animation#649 (140)
06-19 10:27:34.854  2028  3395 I SurfaceFlinger: id=650 Removed Surface(name=e35ed82 NavigationBar0)/@0x3ca7d20 - animation-leash of insets_animation#650 (140)
06-19 10:27:34.856  2028  2028 I SurfaceFlinger: destroyed Surface(name=e35ed82 NavigationBar0)/@0x3ca7d20 - animation-leash of insets_animation#650 form LifecycleManager
06-19 10:27:34.856  2028  2028 I SurfaceFlinger: destroyed Surface(name=5abfef9 StatusBar)/@0x217cafa - animation-leash of insets_animation#649 form LifecycleManager
06-19 10:27:34.856  2028  2028 I SurfaceFlinger: id=650 onLayerDestroyed from LayerHierarchyBuilder(RequestedLayerState{Surface(name=e35ed82 NavigationBar0)/@0x3ca7d20 - animation-leash of insets_animation#650 !handle})
06-19 10:27:34.856  2028  2028 I SurfaceFlinger: id=649 onLayerDestroyed from LayerHierarchyBuilder(RequestedLayerState{Surface(name=5abfef9 StatusBar)/@0x217cafa - animation-leash of insets_animation#649 !handle})
06-19 10:27:34.856  3813  3877 D SurfaceComposerClient: setCornerRadius ## Task=334#644 cornerRadius=102.000000
06-19 10:27:34.857  2028  2028 I Layer   : id=650 Destroyed Surface(name=e35ed82 NavigationBar0)/@0x3ca7d20 - animation-leash of insets_animation#650
06-19 10:27:34.857  2028  2028 I Layer   : id=649 Destroyed Surface(name=5abfef9 StatusBar)/@0x217cafa - animation-leash of insets_animation#649
06-19 10:27:34.861  5819  5819 I SDHMS:PowerAnomaly:Gatherer:AppError: update AppError : uid=10369, pkg=com.ESC.sobersight, errorType=crash
06-19 10:27:34.864  2771  3333 D InputTransport: Input channel destroyed: '7d14e6f', fd=1089
06-19 10:27:34.865  2771  5840 I WindowManager: WIN DEATH: Window{7d14e6f u0 com.ESC.sobersight/com.ESC.sobersight.MainActivity}
06-19 10:27:34.865  2771  6614 D InputMethodManagerService: onClientRemovedInternalLocked
06-19 10:27:34.865  2771  5840 V WindowManager: Remove Window{7d14e6f u0 com.ESC.sobersight/com.ESC.sobersight.MainActivity}: mSurfaceControl=Surface(name=com.ESC.sobersight/com.ESC.sobersight.MainActivity$_16215)/@0x96f60b2 mAnimatingExit=false mRemoveOnExit=false mHasSurface=true surfaceShowing=false animating=false app-animation=false callers=com.android.server.wm.Session.binderDied:85 android.os.IBinder$DeathRecipient.binderDied:346 android.os.BinderProxy.sendDeathNotice:848 <bottom of call stack> <bottom of call stack> <bottom of call stack> 
06-19 10:27:34.866  2771  5840 D RestrictionPolicy: isScreenCaptureEnabled : ret=true userId=0
06-19 10:27:34.866  2771  6608 I ActivityManager: Process com.ESC.sobersight (pid 16215) has died: fg  TOP (952,2283)
06-19 10:27:34.866  3813  3877 D SurfaceComposerClient: setCornerRadius ## Task=334#644 cornerRadius=102.000000
06-19 10:27:34.866  1843  1843 I Zygote  : Process 16215 exited due to signal 9 (Killed)
06-19 10:27:34.866  2771  5840 D SurfaceComposerClient: setCornerRadius ## c854ba7 com.sec.android.app.launcher/com.sec.android.app.launcher.activities.LauncherActivity#129 cornerRadius=0.000000
06-19 10:27:34.866  5819  5819 I SDHMS:PowerAnomaly:Analyzer:AppError: analyze app error : uid=10369, pkg=com.ESC.sobersight, appErrorCount=3
06-19 10:27:34.866  2771  2890 I libprocessgroup: Removed cgroup /sys/fs/cgroup/apps/uid_10369/pid_16215
06-19 10:27:34.867  2771  5840 D SurfaceComposerClient: setCornerRadius ## c854ba7 com.sec.android.app.launcher/com.sec.android.app.launcher.activities.LauncherActivity#129 cornerRadius=0.000000
06-19 10:27:34.868  2771  5840 D WindowManager: Changing focus from Window{7d14e6f u0 com.ESC.sobersight/com.ESC.sobersight.MainActivity} to Window{c854ba7 u0 com.sec.android.app.launcher/com.sec.android.app.launcher.activities.LauncherActivity} displayId=0 Callers=com.android.server.wm.WindowState.removeIfPossible:647 com.android.server.wm.Session.binderDied:85 android.os.IBinder$DeathRecipient.binderDied:346 android.os.BinderProxy.sendDeathNotice:848 
06-19 10:27:34.868  2771  5840 I WindowManager: Cancelling animation restarting=true, leash=Surface(name=Surface(name=5abfef9 StatusBar)/@0x217cafa - animation-leash of insets_animation)/@0x1687f68
06-19 10:27:34.868  2771  5840 I WindowManager: Reparenting to original parent: Surface(name=WindowToken{c52d1c0 type=2000 android.os.BinderProxy@f7a24f2})/@0xb55c8ab, destroy=false, surface=Surface(name=5abfef9 StatusBar)/@0x217cafa
06-19 10:27:34.869  2771  5840 I WindowManager: Reparenting to leash, surface=Surface(name=5abfef9 StatusBar)/@0x217cafa, leashParent=Surface(name=WindowToken{c52d1c0 type=2000 android.os.BinderProxy@f7a24f2})/@0xb55c8ab
06-19 10:27:34.869  2028  3395 I SurfaceFlinger: id=656 createSurf, flag=24000, Surface(name=5abfef9 StatusBar)/@0x217cafa - animation-leash of insets_animation#656
06-19 10:27:34.869  2771  5840 D WindowManager: makeSurface duration=0 leash=Surface(name=Surface(name=5abfef9 StatusBar)/@0x217cafa - animation-leash of insets_animation)/@0x4b03db9
06-19 10:27:34.869  2771  5840 D InsetsSourceProvider: updateControlForTarget: control=InsetsSourceControl: {daa00000 mType=statusBars initiallyVisible mSurfacePosition=Point(0, 0) mInsetsHint=Insets{left=0, top=81, right=0, bottom=0}}, target=Window{c854ba7 u0 com.sec.android.app.launcher/com.sec.android.app.launcher.activities.LauncherActivity}, from=com.android.server.wm.InsetsStateController.onControlTargetChanged:83 com.android.server.wm.InsetsPolicy.updateBarControlTarget:212 com.android.server.wm.DisplayPolicy.updateSystemBarAttributes:262 com.android.server.wm.WindowManagerService.updateFocusedWindowLocked:372 com.android.server.wm.WindowState.removeIfPossible:647 
06-19 10:27:34.870  2771  5840 I WindowManager: Cancelling animation restarting=true, leash=Surface(name=Surface(name=e35ed82 NavigationBar0)/@0x3ca7d20 - animation-leash of insets_animation)/@0x42ce826
06-19 10:27:34.870  2771  5840 I WindowManager: Reparenting to original parent: Surface(name=WindowToken{7b6b0cd type=2019 android.os.BinderProxy@d70c7f7})/@0x61736d9, destroy=false, surface=Surface(name=e35ed82 NavigationBar0)/@0x3ca7d20
06-19 10:27:34.870  2771  5840 I WindowManager: Reparenting to leash, surface=Surface(name=e35ed82 NavigationBar0)/@0x3ca7d20, leashParent=Surface(name=WindowToken{7b6b0cd type=2019 android.os.BinderProxy@d70c7f7})/@0x61736d9
06-19 10:27:34.870  2028  3395 I SurfaceFlinger: id=657 createSurf, flag=24000, Surface(name=e35ed82 NavigationBar0)/@0x3ca7d20 - animation-leash of insets_animation#657
06-19 10:27:34.870  2771  5840 D WindowManager: makeSurface duration=0 leash=Surface(name=Surface(name=e35ed82 NavigationBar0)/@0x3ca7d20 - animation-leash of insets_animation)/@0x658b15f
06-19 10:27:34.870  2771  5840 D InsetsSourceProvider: updateControlForTarget: control=InsetsSourceControl: {d3770001 mType=navigationBars initiallyVisible mSurfacePosition=Point(0, 2196) mInsetsHint=Insets{left=0, top=0, right=0, bottom=45}}, target=Window{c854ba7 u0 com.sec.android.app.launcher/com.sec.android.app.launcher.activities.LauncherActivity}, from=com.android.server.wm.InsetsStateController.onControlTargetChanged:83 com.android.server.wm.InsetsPolicy.updateBarControlTarget:225 com.android.server.wm.DisplayPolicy.updateSystemBarAttributes:262 com.android.server.wm.WindowManagerService.updateFocusedWindowLocked:372 com.android.server.wm.WindowState.removeIfPossible:647 
06-19 10:27:34.870  2771  5840 D WindowManager: updateSystemBarAttributes: displayId=0, focusedCanBeNavColorWin=false, win=Window{c854ba7 u0 com.sec.android.app.launcher/com.sec.android.app.launcher.activities.LauncherActivity}, navColorWin=Window{c854ba7 u0 com.sec.android.app.launcher/com.sec.android.app.launcher.activities.LauncherActivity}, caller=com.android.server.wm.WindowManagerService.updateFocusedWindowLocked:372 com.android.server.wm.WindowState.removeIfPossible:647 com.android.server.wm.Session.binderDied:85 
06-19 10:27:34.870  2771  5840 D WindowManager: updateSystemBarAttributes, bhv=2, apr=0, statusBarAprRegions=[AppearanceRegion{ bounds=[0,0][1080,2340]}], requestedVisibilities=-9
06-19 10:27:34.870  2771  5840 V SystemKeyManager: updateFocusedWindow() is called, com.sec.android.app.launcher/com.sec.android.app.launcher.activities.LauncherActivity
06-19 10:27:34.871  2771  4414 W WindowManager: Cannot find window which accessibility connection is added to
06-19 10:27:34.872  2771  6608 V WindowManager: Collecting in transition 59: Task{cd72bb7 #334 type=standard A=10369:com.ESC.sobersight}, caller=com.android.server.wm.Transition.collectClose:12 com.android.server.wm.WindowProcessController.handleAppDied$1:465 com.android.server.am.ActivityManagerService.handleAppDiedLocked:248 com.android.server.am.ActivityManagerService.appDiedLocked:570 com.android.server.am.ActivityManagerService$AppDeathRecipient.binderDied:17 
06-19 10:27:34.872  2771  6608 V WindowManager: Cleaning splash screen token=ActivityRecord{196862646 u0 com.ESC.sobersight/.MainActivity t334 f}}
06-19 10:27:34.872  2771  6608 V WindowManager: Collecting in transition 59: ActivityRecord{196862646 u0 com.ESC.sobersight/.MainActivity t334 f}}, caller=com.android.server.wm.TransitionController.collect:7 com.android.server.wm.ActivityRecord.onRemovedFromDisplay:258 com.android.server.wm.ActivityRecord.removeFromHistory:173 com.android.server.wm.WindowProcessController.handleAppDied$1:507 com.android.server.am.ActivityManagerService.handleAppDiedLocked:248 
06-19 10:27:34.872  2771  6608 D SGM:FgCheckThread: TaskStackListener.onTaskFocusChanged(), taskId=334, focused=false
06-19 10:27:34.872  2771  6608 I SemDvfsHyPerManager: acquire hyper - AMS_APP_HOME/2771@31, type = -999
06-19 10:27:34.872  1922  1959 I HYPER-HAL: [RequestManager.cpp]acquire(): Acquired ID : 3927034  [2771 / 31]    HINT : AMS_APP_HOME    list : 
06-19 10:27:34.872  5819  5819 I SemDvfsHyPerManager: acquire hyper - APP_START_HOME/5819@20, type = -999
06-19 10:27:34.873  2771  6608 D ActivityManagerPerformance: AMP_acquire() HOME
06-19 10:27:34.873  2028  2028 I SurfaceFlinger: [Surface(name=5abfef9 StatusBar)/@0x217cafa - animation-leash of insets_animation#656] attach to parent LayerHierarchy{RequestedLayerState{WindowToken{c52d1c0 type=2000 android.os.BinderProxy@f7a24f2}#103 parentId=17} 2 children}
06-19 10:27:34.873  2028  2028 I SurfaceFlinger: [Surface(name=e35ed82 NavigationBar0)/@0x3ca7d20 - animation-leash of insets_animation#657] attach to parent LayerHierarchy{RequestedLayerState{WindowToken{7b6b0cd type=2019 android.os.BinderProxy@d70c7f7}#89 parentId=34} 2 children}
06-19 10:27:34.873  2771  6608 D SGM:FgCheckThread: TaskStackListener.onTaskFocusChanged(), taskId=319, focused=true
06-19 10:27:34.873  2771  6608 D SGM:FgCheckThread:   sendRunningComponentFocus(), pkgName: com.sec.android.app.launcher, userId: 0
06-19 10:27:34.873  3813  3877 D SurfaceComposerClient: setCornerRadius ## Task=334#644 cornerRadius=102.000000
06-19 10:27:34.873  2771  6608 D InputDispatcher: Focused application(0): ActivityRecord{33401934 u0 com.sec.android.app.launcher/.activities.LauncherActivity t319}
06-19 10:27:34.873  2771  3586 D AS.MultiSoundManager: mForegroundUid = 10153
06-19 10:27:34.874  2771  3357 D SGM:FgCheckThread: onLooperPrepared(), msg: MSG_TASK_FOCUSED, pkgName: com.sec.android.app.launcher, userId: 0
06-19 10:27:34.874  2771  3357 D SGM:FgCheckThread: handleTaskFocused().
06-19 10:27:34.874  2771  3357 D SGM:FgCheckThread: sendFocusOutConditionally() - mPrevNotiPkg: (unknown), userId: 0
06-19 10:27:34.874  2771  3357 D SGM:FgCheckThread:   handleTaskFocused(), pkgName: com.sec.android.app.launcher, userID:0 mResumedPkgMap does not containsKey.
06-19 10:27:34.874  2771  6608 V WindowManager: rotationForOrientation(orient=SCREEN_ORIENTATION_UNSPECIFIED (-1), last=ROTATION_0 (0)); user=ROTATION_0 (0) 
06-19 10:27:34.874  2771  6608 D WindowManager: rotationForOrientation, orientationSource=ActivityRecord{33401934 u0 com.sec.android.app.launcher/.activities.LauncherActivity t319}
06-19 10:27:34.874  2771  6608 V WindowManager: Computed rotation=ROTATION_0 (0) for display id=0 based on lastOrientation=SCREEN_ORIENTATION_UNSPECIFIED (-1) and oldRotation=ROTATION_0 (0), caller=com.android.server.wm.DisplayRotation.updateOrientation:79 com.android.server.wm.DisplayContent.updateOrientation:41 com.android.server.wm.DisplayContent.updateOrientationAndComputeConfig:48 com.android.server.wm.RootWindowContainer.ensureVisibilityAndConfig:7 com.android.server.wm.TaskFragment.resumeTopActivity:1724 com.android.server.wm.Task.resumeTopActivityInnerLocked:119 
06-19 10:27:34.874  1922  1959 I HYPER-HAL: [RequestManager.cpp]acquire(): Acquired ID : 17049900  [5819 / 20]    HINT : APP_START    list : [KERNEL_APP_START_NOTIFY / 0] [TIMEOUT / 1500] 
06-19 10:27:34.875  2771  6608 D BLASTSyncEngine: SyncGroup 59: Set ready true, caller=com.android.server.wm.BLASTSyncEngine.setReady:32 com.android.server.wm.Transition.applyReady:54 com.android.server.wm.Transition.setReady:72 com.android.server.wm.TransitionController.setReady:6 com.android.server.wm.DisplayContent.executeAppTransition:4 com.android.server.wm.ActivityRecord.completeResumeLocked:115 
06-19 10:27:34.875  2771  6608 D WindowManagerServiceExt: updateTaskbarTargetIfNeeded: reset
06-19 10:27:34.875  2771  6608 D SurfaceComposerClient: setCornerRadius ## c854ba7 com.sec.android.app.launcher/com.sec.android.app.launcher.activities.LauncherActivity#129 cornerRadius=0.000000
06-19 10:27:34.875  2771  6608 D SurfaceComposerClient: setCornerRadius ## c854ba7 com.sec.android.app.launcher/com.sec.android.app.launcher.activities.LauncherActivity#129 cornerRadius=0.000000
06-19 10:27:34.876  2771  6608 V WindowManager: SyncGroup 59: Finished!
06-19 10:27:34.876  2771  6608 D ChangeTransitionController: onTransactionReady: TransitionRecord{1fa2a14 id=59 type=CLOSE flags=0x10 c=[
06-19 10:27:34.876  2771  6608 D ChangeTransitionController:    ChangeInfo{50dfc75 container=ActivityRecord{33401934 u0 com.sec.android.app.launcher/.activities.LauncherActivity t319} flags=0x0}
06-19 10:27:34.876  2771  6608 D ChangeTransitionController:    ChangeInfo{15e540a container=Task{3147427 #1 type=home} flags=0x0}
06-19 10:27:34.876  2771  6608 D ChangeTransitionController:    ChangeInfo{c81047b container=Task{3eaae7c #319 type=home I=com.sec.android.app.launcher/.activities.LauncherActivity} flags=0x0}
06-19 10:27:34.876  2771  6608 D ChangeTransitionController:    ChangeInfo{46e9298 container=Display{#0 state=ON size=1080x2340 ROTATION_0} flags=0x0}
06-19 10:27:34.876  2771  6608 D ChangeTransitionController:    ChangeInfo{d4eeaf1 container=ActivityRecord{196862646 u0 com.ESC.sobersight/.MainActivity t334 f} isExiting} flags=0x0}
06-19 10:27:34.876  2771  6608 D ChangeTransitionController:    ChangeInfo{d95a6d6 container=DefaultTaskDisplayArea_d0@209168339 flags=0x0}
06-19 10:27:34.876  2771  6608 D ChangeTransitionController:    ChangeInfo{1116d57 container=Task{cd72bb7 #334 type=standard A=10369:com.ESC.sobersight} flags=0x0}
06-19 10:27:34.876  2771  6608 D ChangeTransitionController:    ChangeInfo{c064044 container=RemoteWallpaperAnim:1:1@226585969 flags=0x0}
06-19 10:27:34.876  2771  6608 D ChangeTransitionController:    ChangeInfo{ed6452d container=WallpaperWindowToken{fcfc1ca showWhenLocked=false}_<system> flags=0x0}
06-19 10:27:34.876  2771  6608 D ChangeTransitionController: ]
06-19 10:27:34.876  2771  6608 D ChangeTransitionController: }
06-19 10:27:34.876  2771  6608 V WindowManager: Start calculating TransitionInfo based on participants: {ActivityRecord{33401934 u0 com.sec.android.app.launcher/.activities.LauncherActivity t319}, Task{3147427 #1 type=home}, Task{3eaae7c #319 type=home I=com.sec.android.app.launcher/.activities.LauncherActivity}, ActivityRecord{196862646 u0 com.ESC.sobersight/.MainActivity t334 f} isExiting}, Task{cd72bb7 #334 type=standard A=10369:com.ESC.sobersight}, WallpaperWindowToken{fcfc1ca showWhenLocked=false}_<system>}
06-19 10:27:34.876  2771  6608 V WindowManager:   Final targets: [ChangeInfo{15e540a container=Task{3147427 #1 type=home} flags=0x30}, ChangeInfo{1116d57 container=Task{cd72bb7 #334 type=standard A=10369:com.ESC.sobersight} flags=0x10}, ChangeInfo{ed6452d container=WallpaperWindowToken{fcfc1ca showWhenLocked=false}_<system> flags=0x0}]
06-19 10:27:34.876  2028  3395 I SurfaceFlinger: id=658 createSurf, flag=84004, Transition Root: Task=1#658
06-19 10:27:34.877  4323  4323 I HoneySpace.Launcher: !@Boot_EBS_D: Launcher.onResume()
06-19 10:27:34.877  5871  6207 V OsAgent : broadcastSystemEvent - 7
06-19 10:27:34.877  4323 15196 I HoneySpace.SystemUiRepository: systemUiFlags: a11y_click|a11y_long_click|awake
06-19 10:27:34.877  4323 12581 I HoneySpace.KeyguardStateRepositoryImpl: KEYGUARD_GOING_AWAY: false
06-19 10:27:34.878  4323 12581 I HoneySpace.Memory-Monitor: cancelTrimIfNeeded
06-19 10:27:34.878  4323  4323 I HoneySpace.Launcher: updateLauncherShowing false -> true
06-19 10:27:34.878  4323 15196 I HoneySpace.Memory-Monitor: updateMaxHeap isHighScreenSize=false
06-19 10:27:34.878  4323 15196 I HoneySpace.Memory-Monitor: PROPERTY_HOME_MEMORY_CACHE_LEVEL: -1
06-19 10:27:34.878  2771  6608 I SurfaceControlRegistry: show, t=StartTransaction_SyncId<59> sc=ActivityRecord{33401934 u0 com.sec.android.app.launcher/.activities.LauncherActivity t319}, caller=android.view.SurfaceControl$Transaction.show:3557 com.android.server.wm.Transition.onTransactionReady:2048 com.android.server.wm.BLASTSyncEngine$SyncGroup.finishNow:240 com.android.server.wm.BLASTSyncEngine.onSurfacePlacement:263 com.android.server.wm.RootWindowContainer.performSurfacePlacementNoTrace:1083 com.android.server.wm.WindowSurfacePlacer.performSurfacePlacement:166 
06-19 10:27:34.878  4323 15196 I HoneySpace.Memory-Monitor: updateGraphicResourceCache curMemoryCacheLevel=1
06-19 10:27:34.878  2771  6608 I SurfaceControlRegistry: show, t=StartTransaction_SyncId<59> sc=Task=319, caller=android.view.SurfaceControl$Transaction.show:3557 com.android.server.wm.Transition.onTransactionReady:2081 com.android.server.wm.BLASTSyncEngine$SyncGroup.finishNow:240 com.android.server.wm.BLASTSyncEngine.onSurfacePlacement:263 com.android.server.wm.RootWindowContainer.performSurfacePlacementNoTrace:1083 com.android.server.wm.WindowSurfacePlacer.performSurfacePlacement:166 
06-19 10:27:34.878  4323 12581 I HoneySpace.PredictionDataSourceImpl: requestPredictionUpdate 0 true
06-19 10:27:34.878  2771  6608 D SurfaceComposerClient: setCornerRadius ## WallpaperWindowToken{fcfc1ca showWhenLocked=false}#86 cornerRadius=0.000000
06-19 10:27:34.878  2771  6608 D SurfaceComposerClient: setCornerRadius ## Task=334#644 cornerRadius=0.000000
06-19 10:27:34.878  2771  6608 D SurfaceComposerClient: setCornerRadius ## Task=1#53 cornerRadius=0.000000
06-19 10:27:34.878  2771  6608 V WindowManager: Calling onTransitionReady: {id=59 t=CLOSE f=0x10 trk=0 r=[0@Point(0, 0)] c=[
06-19 10:27:34.878  2771  6608 V WindowManager:         {WCT{RemoteToken{d33aa23 Task{3147427 #1 type=home}}} m=TO_FRONT f=SHOW_WALLPAPER|MOVE_TO_TOP|EDGE_EXTENSION_RESTRICTION leash=Surface(name=Task=1)/@0xeb744c6 sb=Rect(0, 0 - 1080, 2340) eb=Rect(0, 0 - 1080, 2340) epz=Point(1080, 2340) d=0 taskParent=-1 inset=Rect(0, 81 - 0, 45)},
06-19 10:27:34.878  2771  6608 V WindowManager:         {WCT{RemoteToken{3fe8ec6 Task{cd72bb7 #334 type=standard A=10369:com.ESC.sobersight}}} m=CLOSE f=NONE leash=Surface(name=Task=334)/@0xb99dd08 sb=Rect(0, 0 - 1080, 2340) eb=Rect(0, 0 - 1080, 2340) epz=Point(1080, 2340) d=0 taskParent=-1 inset=Rect(0, 0 - 0, 0) dim=true},
06-19 10:27:34.878  2771  6608 V WindowManager:         {m=TO_FRONT f=IS_WALLPAPER|IS_FIXED_PORTRAIT p=WCT{RemoteToken{2be9fe2 RemoteWallpaperAnim:1:1@226585969}} leash=Surface(name=WallpaperWindowToken{fcfc1ca showWhenLocked=false})/@0x8462fc sb=Rect(0, 0 - 1080, 2340) eb=Rect(0, 0 - 1080, 2340) epz=Point(1080, 2340) d=0 inset=Rect(0, 0 - 0, 0)}
06-19 10:27:34.878  2771  6608 V WindowManager:     ]}
06-19 10:27:34.879  4323  4323 I HoneySpace.ShellTransitionManager: myHomeResumed
06-19 10:27:34.879  2771  3562 D InetDiagMessage: Destroyed 0 sockets, proto=IPPROTO_TCP, family=AF_INET, states=14
06-19 10:27:34.879  4323  4323 I HoneySpace.ResumeTimer: last resume updated : 3069726
06-19 10:27:34.879  4323 12581 I HoneySpace.PredictionDataSourceImpl: requestPredictionUpdate 1 true
06-19 10:27:34.879  2771  6608 D RestrictionPolicy: isScreenCaptureEnabled : ret=true userId=0
06-19 10:27:34.879  4323  4323 I SearchHoneyPot: onViewCreated: onResume
06-19 10:27:34.879  2771  6608 D ScreenCapture: [Capture_TEST] : setIsScreenShotBySystem false
06-19 10:27:34.879  2771  6608 I SurfaceComposerClient: captureLayers:childrenOnly:1, sync:1
06-19 10:27:34.879  3813  5774 V WindowManagerShell: onTransitionReady(transaction=11901354382599)
06-19 10:27:34.880  3813  3868 V WindowManagerShell: onTransitionReady (#59) android.os.BinderProxy@8172033: {id=59 t=CLOSE f=0x10 trk=0 r=[0@Point(0, 0)] c=[
06-19 10:27:34.880  3813  3868 V WindowManagerShell:         {m=TO_FRONT f=SHOW_WALLPAPER|MOVE_TO_TOP|EDGE_EXTENSION_RESTRICTION leash=Surface(name=Task=1)/@0x6262576 sb=Rect(0, 0 - 1080, 2340) eb=Rect(0, 0 - 1080, 2340) epz=Point(1080, 2340) d=0 taskParent=-1 inset=Rect(0, 81 - 0, 45)},
06-19 10:27:34.880  3813  3868 V WindowManagerShell:         {m=CLOSE f=NONE leash=Surface(name=Task=334)/@0xcec1777 sb=Rect(0, 0 - 1080, 2340) eb=Rect(0, 0 - 1080, 2340) epz=Point(1080, 2340) d=0 taskParent=-1 inset=Rect(0, 0 - 0, 0) dim=true},
06-19 10:27:34.880  3813  3868 V WindowManagerShell:         {m=TO_FRONT f=IS_WALLPAPER|IS_FIXED_PORTRAIT p=WCT{android.window.IWindowContainerToken$Stub$Proxy@472302} leash=Surface(name=WallpaperWindowToken{fcfc1ca showWhenLocked=false})/@0xcb66fe4 sb=Rect(0, 0 - 1080, 2340) eb=Rect(0, 0 - 1080, 2340) epz=Point(1080, 2340) d=0 inset=Rect(0, 0 - 0, 0)}
06-19 10:27:34.880  3813  3868 V WindowManagerShell:     ]}
06-19 10:27:34.880  4323  4426 I HoneySpace.TaskbarEventTracker: invokeEvent() called with: event = SystemUiStateChanged(stateFlags=268435504)
06-19 10:27:34.880  3813  3868 V ShellDesktopMode: DesktopModeLogger: taskInfo map after processing changes 0
06-19 10:27:34.880  3813  3868 D ShellDesktopMode: DesktopTaskChangeListener: onTaskMovingToFront for taskId=1, displayId=0
06-19 10:27:34.880  3813  3868 D ShellDesktopMode: DesktopTaskChangeListener: onTaskClosing for taskId=334, displayId=0
06-19 10:27:34.880  3813  3868 I SurfaceControlRegistry: show, t=StartTransaction_SyncId<59> sc=WallpaperWindowToken{fcfc1ca showWhenLocked=false}, caller=android.view.SurfaceControl$Transaction.show:3557 com.android.wm.shell.transition.Transitions.dispatchReady:687 com.android.wm.shell.transition.Transitions.onTransitionReady:251 com.android.wm.shell.transition.Transitions$TransitionPlayerImpl$$ExternalSyntheticLambda0.run:13 android.os.Handler.handleCallback:995 android.os.Handler.dispatchMessage:103 
06-19 10:27:34.880  3813  3868 I SurfaceControlRegistry: hide, t=FinishTransaction_SyncId<59> sc=Task=334, caller=android.view.SurfaceControl$Transaction.hide:3583 com.android.wm.shell.transition.Transitions.dispatchReady:1263 com.android.wm.shell.transition.Transitions.onTransitionReady:251 com.android.wm.shell.transition.Transitions$TransitionPlayerImpl$$ExternalSyntheticLambda0.run:13 android.os.Handler.handleCallback:995 android.os.Handler.dispatchMessage:103 
06-19 10:27:34.880  3813  3868 I SurfaceControlRegistry: show, t=StartTransaction_SyncId<59> sc=Task=1, caller=android.view.SurfaceControl$Transaction.show:3557 com.android.wm.shell.transition.Transitions.dispatchReady:1279 com.android.wm.shell.transition.Transitions.onTransitionReady:251 com.android.wm.shell.transition.Transitions$TransitionPlayerImpl$$ExternalSyntheticLambda0.run:13 android.os.Handler.handleCallback:995 android.os.Handler.dispatchMessage:103 
06-19 10:27:34.880  3813  3868 I SurfaceControlRegistry: show, t=FinishTransaction_SyncId<59> sc=Task=1, caller=android.view.SurfaceControl$Transaction.show:3557 com.android.wm.shell.transition.Transitions.dispatchReady:1330 com.android.wm.shell.transition.Transitions.onTransitionReady:251 com.android.wm.shell.transition.Transitions$TransitionPlayerImpl$$ExternalSyntheticLambda0.run:13 android.os.Handler.handleCallback:995 android.os.Handler.dispatchMessage:103 
06-19 10:27:34.880  3813  3868 V WindowManagerShell: Transition (#59) android.os.BinderProxy@8172033@0 ready while (#58) android.os.BinderProxy@8d24fa5@0 is still animating. Notify the animating transition in case they can be merged
06-19 10:27:34.880  3813  3877 D SurfaceComposerClient: setCornerRadius ## Task=334#644 cornerRadius=102.000000
06-19 10:27:34.880  2028  3395 I SurfaceFlinger: Capture layer list: 	 Splash Screen com.ESC.sobersight$_3813#647(seamlessTransition:0)
06-19 10:27:34.881 10934 10934 I bzcx    : onResume
06-19 10:27:34.881  3813  3868 V WindowManagerShell: Transition animation finished (aborted=false), notifying core (#58) android.os.BinderProxy@8d24fa5@0
06-19 10:27:34.881  3813  3868 I SurfaceControlRegistry: apply, t=FinishTransaction_SyncId<58>, caller=android.view.SurfaceControl$Transaction.apply:3459 android.view.SurfaceControl$Transaction.apply:3447 android.view.SurfaceControl$Transaction.apply:3397 com.android.wm.shell.transition.Transitions.onFinish:315 com.android.wm.shell.transition.Transitions$$ExternalSyntheticLambda7.onTransitionFinished:12 com.android.wm.shell.transition.DefaultTransitionHandler$$ExternalSyntheticLambda2.run:36 
06-19 10:27:34.881  2028  2187 D RenderEngine: [SEC_SF_EFFECTS] drawLayersInternal,1483, Rendering layer ScreenCaptureFillLayer at index 0
06-19 10:27:34.881  2028  2187 D RenderEngine: [SEC_SF_EFFECTS] drawLayersInternal,1483, Rendering layer Splash Screen com.ESC.sobersight$_3813#647 at index 1
06-19 10:27:34.881  2771  3562 D InetDiagMessage: Destroyed 0 sockets, proto=IPPROTO_TCP, family=AF_INET6, states=14
06-19 10:27:34.881  2771  3562 D InetDiagMessage: Destroyed live tcp sockets for uids={10369} in 9ms
06-19 10:27:34.881  2028  2028 I SurfaceFlinger: RequestedLayer [Task=1#53] hidden!! flag  from(0) --> to(1)
06-19 10:27:34.881  2028  2028 I SurfaceFlinger: [LayerHierarchy{RequestedLayerState{Task=1#53 parentId=10} 2 children}] reparent to LayerHierarchy{RequestedLayerState{DefaultTaskDisplayArea_d0#10 parentId=9} 8 children}
06-19 10:27:34.881  2028  2028 I SurfaceFlinger: [LayerHierarchy{RequestedLayerState{WallpaperWindowToken{fcfc1ca showWhenLocked=false}#86 parentId=8 z=1} 1 children}] reparent to LayerHierarchy{RequestedLayerState{Leaf:1:1#8 parentId=7} 2 children}
06-19 10:27:34.881  2028  2028 I SurfaceFlinger: [LayerHierarchy{RequestedLayerState{Task=334#644 parentId=10 z=5} 1 children}] reparent to LayerHierarchy{RequestedLayerState{DefaultTaskDisplayArea_d0#10 parentId=9} 9 children}
06-19 10:27:34.881  2028  2028 I SurfaceFlinger: [LayerHierarchy{RequestedLayerState{Transition Root: Task=334#648 z=5} no children}] reparent to OffscreenRoot
06-19 10:27:34.881  2028  2028 I SurfaceFlinger: [LayerHierarchy{RequestedLayerState{Transition Root: Task=334#648 z=5} no children}] RelativeParent to null
06-19 10:27:34.881  2028  2028 I SurfaceFlinger: [Transition Root: Task=1#658] attach to parent LayerHierarchy{RequestedLayerState{DefaultTaskDisplayArea_d0#10 parentId=9} 9 children}
06-19 10:27:34.882  3813  3813 D QSClock : onDarkChanged tint=DARK
06-19 10:27:34.883  2028  2028 D SurfaceFlinger: Display 4630947232161729154 HWC layers:
06-19 10:27:34.883  2028  2028 D SurfaceFlinger:        DEVICE |           16376710299656 | 00000100 | RGBA_8888    |    0.0    0.0 1080.0 2340.0 |    0    0 1080 2340 | Wallpaper BBQ wrapper 5_system#100 (1)
06-19 10:27:34.883  2028  2028 D SurfaceFlinger:        DEVICE |           16376710312272 | 00002100 | RGBA_8888    |    0.0    0.0 1080.0 2340.0 |    0    0 1080 2340 | Splash Screen com.ESC.sobersight$_3813#647 (1)
06-19 10:27:34.883  2028  2028 D SurfaceFlinger:        DEVICE |           16376710312190 | 00002100 | RGBA_8888    |    0.0    0.0 1080.0   81.0 |    0    0 1080   81 | StatusBar$_3813#116 (682)
06-19 10:27:34.883  2028  2028 D SurfaceFlinger:        DEVICE |           18567143620752 | 00002100 | RGBA_8888    |    0.0    0.0   67.0  318.0 | 1013  441 1080  759 | com.sec.android.app.launcher/com.sam[...]nel.app.CocktailBarService$_4323#403 (1)
06-19 10:27:34.883  2028  2028 D SurfaceFlinger:        DEVICE |           16376710312148 | 00002100 | RGBA_8888    |    0.0    0.0 1080.0  144.0 |    0 2196 1080 2340 | NavigationBar0$_3813#114 (669)
06-19 10:27:34.883  2028  2028 D SurfaceFlinger: 
06-19 10:27:34.883  2771  6608 D RestrictionPolicy: isScreenCaptureEnabled : ret=true userId=0
06-19 10:27:34.884  2771  2876 V WindowManager: Sent Transition (#59) createdAt=06-19 10:27:34.844 via request=TransitionRequestInfo { type = CLOSE, triggerTask = TaskInfo{userId=0 taskId=334 effectiveUid=10369 displayId=0 isRunning=true baseIntent=Intent { act=android.intent.action.MAIN cat=[android.intent.category.LAUNCHER] flg=0x10200000 cmp=com.ESC.sobersight/.MainActivity } baseActivity=ComponentInfo{com.ESC.sobersight/com.ESC.sobersight.MainActivity} topActivity=ComponentInfo{com.ESC.sobersight/com.ESC.sobersight.MainActivity} origActivity=null realActivity=ComponentInfo{com.ESC.sobersight/com.ESC.sobersight.MainActivity} numActivities=1 lastActiveTime=40980856 supportsMultiWindow=true resizeMode=1 isResizeable=true minWidth=-1 minHeight=-1 maxWidth=-1 maxHeight=-1 defaultMinSize=220 desktopDefaultMinSize=304 token=WCT{RemoteToken{3fe8ec6 Task{cd72bb7 #334 type=standard A=10369:com.ESC.sobersight}}} topActivityType=1 pictureInPictureParams=null shouldDockBigOverlays=false launchIntoPipHostTaskId=-1 lastParentTaskIdBeforePip=-1 displayCutoutSafeInsets=Rect(0, 0 - 0, 0) topActivityInfo=ActivityInfo{e73c1b4 com.ESC.sobersight.MainActivity} launchCookies=[] positionInParent=Point(0, 0) parentTaskId=-1 isFocused=true isVisible=true isVisibleRequested=true isTopActivityNoDisplay=false isSleeping=false locusId=null displayAreaFeatureId=1 isTopActivityTransparent=false isActivityStackTransparent=false lastNonFullscreenBounds=Rect(81, 603 - 999, 1773) capturedLink=null capturedLinkTimestamp=0 requestedVisibleTypes=-9 topActivityRequestOpenInBrowserEducationTimestamp=0 appCompatTaskInfo=AppCompatTaskInfo { topActivityInSizeCompat=false eligibleForLetterboxEducation= false isLetterboxEducationEnabled= false isLetterboxDoubleTapEnabled= false eligibleForUserAspectRatioButton= false topActivityBoundsLetterboxed= false isFromLetterboxDoubleTap= false topActivityLetterboxVerticalPosition= -1 topActivityLetterboxHorizontalPosition= -1 topActivityLetterboxWidth=-1 topActivityLetterboxHeight=-1 topActivityAppBounds=Rect(0, 0 - 1080, 2340) isUserFullscreenOverrideEnabled=false isSystemFullscreenOverrideEnabled=false hasMinAspectRatioOverride=false topActivityLetterboxBounds=null cameraCompatTaskInfo=CameraCompatTaskInfo { freeformCameraCompatMode=inactive} topActivityBounds=null topActivityInDisplayCompat=false singleTapFromLetterbox=false} topActivityMainWindowFrame=null originallySupportedMultiWindow=true hasWallpaper=false rootAffinity=10369:com.ESC.sobersight isTopTaskInStage=false CoverLauncherWidgetTask=false LaunchedFromAppsCoverLauncherTask=false LaunchedFromMultistarCoverLauncherTask=false isAllowedSeamlessRotation=false isTopTransparentActivity=false isAliasManaged=false hasConfigChanged=false snappingGuideBounds=null isAiKeyRemoveAppTask=false lastDesktopWindowingBounds=null lastExternalDesktopWindowingBounds=null safeCutoutInsets=null}, pipChange = null, remoteTransition = null, displayChange = null, flags = 16, debugId = 59 }
06-19 10:27:34.884  2771  2876 V WindowManager:     startWCT=WindowContainerTransaction { changes= {} hops= [] errorCallbackToken=null taskFragmentOrganizer=null }
06-19 10:27:34.884  2771  2876 V WindowManager:     info={id=59 t=CLOSE f=0x10 trk=0 r=[0@Point(0, 0)] c=[
06-19 10:27:34.884  2771  2876 V WindowManager:         {WCT{RemoteToken{d33aa23 Task{3147427 #1 type=home}}} m=TO_FRONT f=SHOW_WALLPAPER|MOVE_TO_TOP|EDGE_EXTENSION_RESTRICTION leash=Surface(name=Task=1)/@0xeb744c6 sb=Rect(0, 0 - 1080, 2340) eb=Rect(0, 0 - 1080, 2340) epz=Point(1080, 2340) d=0 taskParent=-1 inset=Rect(0, 81 - 0, 45)},
06-19 10:27:34.884  2771  2876 V WindowManager:         {WCT{RemoteToken{3fe8ec6 Task{cd72bb7 #334 type=standard A=10369:com.ESC.sobersight}}} m=CLOSE f=NONE leash=Surface(name=Task=334)/@0xb99dd08 sb=Rect(0, 0 - 1080, 2340) eb=Rect(0, 0 - 1080, 2340) epz=Point(1080, 2340) d=0 taskParent=-1 inset=Rect(0, 0 - 0, 0) dim=true},
06-19 10:27:34.884  2771  2876 V WindowManager:         {m=TO_FRONT f=IS_WALLPAPER|IS_FIXED_PORTRAIT p=WCT{RemoteToken{2be9fe2 RemoteWallpaperAnim:1:1@226585969}} leash=Surface(name=WallpaperWindowToken{fcfc1ca showWhenLocked=false})/@0x8462fc sb=Rect(0, 0 - 1080, 2340) eb=Rect(0, 0 - 1080, 2340) epz=Point(1080, 2340) d=0 inset=Rect(0, 0 - 0, 0)}
06-19 10:27:34.884  2771  2876 V WindowManager:     ]}
06-19 10:27:34.884  2771  3562 D InetDiagMessage: Destroyed 0 sockets, proto=IPPROTO_TCP, family=AF_INET, states=14
06-19 10:27:34.884  2771  3562 D InetDiagMessage: Destroyed 0 sockets, proto=IPPROTO_TCP, family=AF_INET6, states=14
06-19 10:27:34.884  2771  3562 D InetDiagMessage: Destroyed live tcp sockets for uids={20369} in 3ms
06-19 10:27:34.885  2771  2881 W ActivityManager: setHasOverlayUi called on unknown pid: 16215
06-19 10:27:34.885  4323  7189 I HoneySpace.SPayHandler: updateSpayHandler, show = false, defaultPage = false
06-19 10:27:34.886  2771  6611 V WindowManager: Finish Transition: TransitionRecord{3b2a51 id=58 type=OPEN flags=0x0 c=[
06-19 10:27:34.886  2771  6611 V WindowManager:    ChangeInfo{35c6fee container=ActivityRecord{33401934 u0 com.sec.android.app.launcher/.activities.LauncherActivity t319} flags=0x0}
06-19 10:27:34.886  2771  6611 V WindowManager:    ChangeInfo{88a5c8f container=Task{3147427 #1 type=home} flags=0x10}
06-19 10:27:34.886  2771  6611 V WindowManager:    ChangeInfo{b72b1c container=Task{3eaae7c #319 type=home I=com.sec.android.app.launcher/.activities.LauncherActivity} flags=0x10}
06-19 10:27:34.886  2771  6611 V WindowManager:    ChangeInfo{c81325 container=WallpaperWindowToken{5acf6d3 showWhenLocked=true}_<lock> flags=0x0}
06-19 10:27:34.886  2771  6611 V WindowManager:    ChangeInfo{9e9daaf container=Display{#0 state=ON size=1080x2340 ROTATION_0} flags=0x0}
06-19 10:27:34.886  2771  6611 V WindowManager:    ChangeInfo{b8d9ebc container=ActivityRecord{196862646 u0 com.ESC.sobersight/.MainActivity t334 f} isExiting} flags=0x0}
06-19 10:27:34.886  2771  6611 V WindowManager:    ChangeInfo{3120e45 container=DefaultTaskDisplayArea_d0@209168339 flags=0x0}
06-19 10:27:34.886  2771  6611 V WindowManager:    ChangeInfo{d67499a container=Task{cd72bb7 #334 type=standard A=10369:com.ESC.sobersight} flags=0x10}
06-19 10:27:34.886  2771  6611 V WindowManager:    ChangeInfo{ea39cfa container=RemoteWallpaperAnim:1:1@226585969 flags=0x0}
06-19 10:27:34.886  2771  6611 V WindowManager:    ChangeInfo{8da32ab container=WallpaperWindowToken{fcfc1ca showWhenLocked=false}_<system> flags=0x0}
06-19 10:27:34.886  2771  6611 V WindowManager: ]
06-19 10:27:34.886  2771  6611 V WindowManager: }, caller=com.android.server.wm.WindowOrganizerController.finishTransitionInner:31 com.android.server.wm.WindowOrganizerController.finishAllTransitions:60 android.window.IWindowOrganizerController$Stub.onTransact:283 
06-19 10:27:34.886  2771  2876 V WindowManager: Finish Transition (#58): created at 06-19 10:27:34.672 collect-started=0.227ms request-sent=10.217ms started=21.213ms ready=49.363ms sent=51.88ms commit=15.296ms finished=214.135ms
06-19 10:27:34.887  2771  6611 D ChangeTransitionController: onTransitionFinished: TransitionRecord{3b2a51 id=58 type=OPEN flags=0x0 c=[
06-19 10:27:34.887  2771  6611 D ChangeTransitionController:    ChangeInfo{35c6fee container=ActivityRecord{33401934 u0 com.sec.android.app.launcher/.activities.LauncherActivity t319} flags=0x0}
06-19 10:27:34.887  2771  6611 D ChangeTransitionController:    ChangeInfo{88a5c8f container=Task{3147427 #1 type=home} flags=0x10}
06-19 10:27:34.887  2771  6611 D ChangeTransitionController:    ChangeInfo{b72b1c container=Task{3eaae7c #319 type=home I=com.sec.android.app.launcher/.activities.LauncherActivity} flags=0x10}
06-19 10:27:34.887  2771  6611 D ChangeTransitionController:    ChangeInfo{c81325 container=WallpaperWindowToken{5acf6d3 showWhenLocked=true}_<lock> flags=0x0}
06-19 10:27:34.887  2771  6611 D ChangeTransitionController:    ChangeInfo{9e9daaf container=Display{#0 state=ON size=1080x2340 ROTATION_0} flags=0x0}
06-19 10:27:34.887  2771  6611 D ChangeTransitionController:    ChangeInfo{b8d9ebc container=ActivityRecord{196862646 u0 com.ESC.sobersight/.MainActivity t334 f} isExiting} flags=0x0}
06-19 10:27:34.887  2771  6611 D ChangeTransitionController:    ChangeInfo{3120e45 container=DefaultTaskDisplayArea_d0@209168339 flags=0x0}
06-19 10:27:34.887  2771  6611 D ChangeTransitionController:    ChangeInfo{d67499a container=Task{cd72bb7 #334 type=standard A=10369:com.ESC.sobersight} flags=0x10}
06-19 10:27:34.887  2771  6611 D ChangeTransitionController:    ChangeInfo{ea39cfa container=RemoteWallpaperAnim:1:1@226585969 flags=0x0}
06-19 10:27:34.887  2771  6611 D ChangeTransitionController:    ChangeInfo{8da32ab container=WallpaperWindowToken{fcfc1ca showWhenLocked=false}_<system> flags=0x0}
06-19 10:27:34.887  2771  6611 D ChangeTransitionController: ]
06-19 10:27:34.887  2771  6611 D ChangeTransitionController: }
06-19 10:27:34.887  3813  3868 V WindowManagerShell: Playing animation for (#59) android.os.BinderProxy@8172033@0
06-19 10:27:34.887  3813  3868 I SurfaceControlRegistry: show, t=StartTransaction_SyncId<59> sc=Transition Root: Task=1, caller=android.view.SurfaceControl$Transaction.show:3557 com.android.wm.shell.transition.Transitions.playTransition:79 com.android.wm.shell.transition.Transitions.processReadyQueue:239 com.android.wm.shell.transition.Transitions.onFinish:528 com.android.wm.shell.transition.Transitions$$ExternalSyntheticLambda7.onTransitionFinished:12 com.android.wm.shell.transition.DefaultTransitionHandler$$ExternalSyntheticLambda2.run:36 
06-19 10:27:34.887  3813  3868 D ShellSplitScreen: startAnimation: transition=59 isSplitActive=false
06-19 10:27:34.887  3813  3868 V ShellRecents: RecentsTransitionHandler.startAnimation: no controller found
06-19 10:27:34.887  3813  3868 V ShellDesktopMode: DesktopMixedTransitionHandler: No pending desktop transition
06-19 10:27:34.887  3813  3868 V WindowManagerShell: Transition doesn't have explicit remote, search filters for match for {id=59 t=CLOSE f=0x10 trk=0 r=[0@Point(0, 0)] c=[{m=TO_FRONT f=SHOW_WALLPAPER|MOVE_TO_TOP|EDGE_EXTENSION_RESTRICTION leash=Surface(name=Task=1)/@0x6262576 sb=Rect(0, 0 - 1080, 2340) eb=Rect(0, 0 - 1080, 2340) epz=Point(1080, 2340) d=0 taskParent=-1 inset=Rect(0, 81 - 0, 45)},{m=CLOSE f=NONE leash=Surface(name=Task=334)/@0xcec1777 sb=Rect(0, 0 - 1080, 2340) eb=Rect(0, 0 - 1080, 2340) epz=Point(1080, 2340) d=0 taskParent=-1 inset=Rect(0, 0 - 0, 0) dim=true},{m=TO_FRONT f=IS_WALLPAPER|IS_FIXED_PORTRAIT p=WCT{android.window.IWindowContainerToken$Stub$Proxy@472302} leash=Surface(name=WallpaperWindowToken{fcfc1ca showWhenLocked=false})/@0xcb66fe4 sb=Rect(0, 0 - 1080, 2340) eb=Rect(0, 0 - 1080, 2340) epz=Point(1080, 2340) d=0 inset=Rect(0, 0 - 0, 0)}]}
06-19 10:27:34.887  3813  3868 V WindowManagerShell:  Checking filter Pair{{types=[] flags=0x0] notFlags=0x100 checks=[{atype=home independent=true modes=[OPEN,TO_FRONT] flags=NONE mustBeTask=false order=TOP topActivity=ComponentInfo{com.sec.android.app.launcher/com.sec.android.app.launcher.Launcher} launchCookie=null windowingMode=undefined},{atype=recents independent=true modes=[CLOSE,TO_BACK] flags=NONE mustBeTask=false order=ANY topActivity=null launchCookie=null windowingMode=undefined}]} RemoteTransition { remoteTransition = android.window.IRemoteTransition$Stub$Proxy@2844e22, appThread = android.app.IApplicationThread$Stub$Proxy@26fd0b3, debugName = QuickstepLaunchHomeFromRecentsflags =NONE }}
06-19 10:27:34.887  3813  3868 V WindowManagerShell:  Checking filter Pair{{types=[] flags=0x0] notFlags=0x100 checks=[{atype=home independent=true modes=[OPEN,TO_FRONT] flags=NONE mustBeTask=false order=TOP topActivity=ComponentInfo{com.sec.android.app.launcher/com.sec.android.app.launcher.Launcher} launchCookie=null windowingMode=undefined},{atype=standard independent=true modes=[CLOSE,TO_BACK] flags=NONE mustBeTask=false order=ANY topActivity=null launchCookie=null windowingMode=undefined}]} RemoteTransition { remoteTransition = android.window.IRemoteTransition$Stub$Proxy@8a49670, appThread = android.app.IApplicationThread$Stub$Proxy@e8a5de9, debugName = QuickstepLaunchHomeflags =NONE }}
06-19 10:27:34.887  3813  3868 D RemoteTransitionHandler: Found filterPair{{types=[] flags=0x0] notFlags=0x100 checks=[{atype=home independent=true modes=[OPEN,TO_FRONT] flags=NONE mustBeTask=false order=TOP topActivity=ComponentInfo{com.sec.android.app.launcher/com.sec.android.app.launcher.Launcher} launchCookie=null windowingMode=undefined},{atype=standard independent=true modes=[CLOSE,TO_BACK] flags=NONE mustBeTask=false order=ANY topActivity=null launchCookie=null windowingMode=undefined}]} RemoteTransition { remoteTransition = android.window.IRemoteTransition$Stub$Proxy@8a49670, appThread = android.app.IApplicationThread$Stub$Proxy@e8a5de9, debugName = QuickstepLaunchHomeflags =NONE }}
06-19 10:27:34.887  3813  3868 V WindowManagerShell:  Delegate animation for (#59) to RemoteTransition { remoteTransition = android.window.IRemoteTransition$Stub$Proxy@8a49670, appThread = android.app.IApplicationThread$Stub$Proxy@e8a5de9, debugName = QuickstepLaunchHomeflags =NONE }
06-19 10:27:34.887  2771  2802 W ActivityTaskManager: Request to remove task ignored for non-existent task 333
06-19 10:27:34.887  3813  3868 V WindowManagerShell:  Excluded change from remote targets at (#59), change={m=TO_FRONT f=IS_WALLPAPER|IS_FIXED_PORTRAIT p=WCT{android.window.IWindowContainerToken$Stub$Proxy@472302} leash=Surface(name=WallpaperWindowToken{fcfc1ca showWhenLocked=false})/@0xcb66fe4 sb=Rect(0, 0 - 1080, 2340) eb=Rect(0, 0 - 1080, 2340) epz=Point(1080, 2340) d=0 inset=Rect(0, 0 - 0, 0)}
06-19 10:27:34.888  2771  3574 D MdnieScenarioControlService:  packageName : com.sec.android.app.launcher    className : com.sec.android.app.launcher.Launcher
06-19 10:27:34.888  2028  3395 I SurfaceFlinger: id=659 createSurf, flag=84000, Surface(name=Task=1)/@0xe3df596_transition-leash#659
06-19 10:27:34.888  3813  3868 V WindowManagerShell:  animated by com.android.wm.shell.transition.RemoteTransitionHandler@5861d67
06-19 10:27:34.889  4323 15325 I SurfaceControlRegistry: show, t=StartTransaction_SyncId<59> sc=Task=1, caller=android.view.SurfaceControl$Transaction.show:3557 S.i.a:152 S.i.u:0 S.i.t:0 com.android.systemui.animation.RemoteAnimationTargetCompat.wrap:48 com.android.systemui.animation.RemoteAnimationTargetCompat.wrapApps:10 
06-19 10:27:34.889  2771  3574 V MdnieScenarioControlService: setUIMode from UI function(3)
06-19 10:27:34.889  2771  2881 D SGM:FgCheckThread: getForegroundApp(), foregroundPkgName=com.sec.android.app.launcher
06-19 10:27:34.889  2771  2881 D SGM:FgCheckThread: pkgName: com.ESC.sobersight is not in foreground
06-19 10:27:34.889  2028  3395 I SurfaceFlinger: id=660 createSurf, flag=84000, Surface(name=Task=334)/@0x5ee0d04_transition-leash#660
06-19 10:27:34.889  2771  2881 D SGM:FgCheckThread: noteStopComponent(), received pkgName: com.ESC.sobersight, focusedPkgName: com.sec.android.app.launcher, userId: 0
06-19 10:27:34.889  2771  3626 D BackgroundInstallControlService: Package event received: 0
06-19 10:27:34.889  4323 15325 I SurfaceControlRegistry: show, t=StartTransaction_SyncId<59> sc=Task=334, caller=android.view.SurfaceControl$Transaction.show:3557 S.i.a:152 S.i.u:0 S.i.t:0 com.android.systemui.animation.RemoteAnimationTargetCompat.wrap:48 com.android.systemui.animation.RemoteAnimationTargetCompat.wrapApps:10 
06-19 10:27:34.889  4323 15325 I SurfaceControlRegistry: apply, t=StartTransaction_SyncId<59>, caller=android.view.SurfaceControl$Transaction.apply:3459 android.view.SurfaceControl$Transaction.apply:3447 android.view.SurfaceControl$Transaction.apply:3397 com.android.systemui.animation.RemoteAnimationRunnerCompat$1.startAnimation:645 android.window.IRemoteTransition$Stub.onTransact:162 android.os.Binder.execTransactInternal:1462 
06-19 10:27:34.890  2028  2028 I SurfaceFlinger: [LayerHierarchy{RequestedLayerState{ImeContainer#15 parentId=124 relativeParentId=129 z=1} 1 children}] RelativeParent to LayerHierarchy{RequestedLayerState{c854ba7 com.sec.android.app.launcher/com.sec.android.app.launcher.activities.LauncherActivity#129 parentId=124} 2 children}
06-19 10:27:34.890  2028  2028 I SurfaceFlinger: [LayerHierarchy{RequestedLayerState{e35ed82 NavigationBar0#90 parentId=657} 1 children}] reparent to LayerHierarchy{RequestedLayerState{Surface(name=e35ed82 NavigationBar0)/@0x3ca7d20 - animation-leash of insets_animation#657 parentId=89} 1 children}
06-19 10:27:34.890  2028  2028 I SurfaceFlinger: [LayerHierarchy{RequestedLayerState{5abfef9 StatusBar#104 parentId=656} 1 children}] reparent to LayerHierarchy{RequestedLayerState{Surface(name=5abfef9 StatusBar)/@0x217cafa - animation-leash of insets_animation#656 parentId=103} 1 children}
06-19 10:27:34.890  2028  2028 I SurfaceFlinger: [LayerHierarchy{RequestedLayerState{Surface(name=e35ed82 NavigationBar0)/@0x3ca7d20 - animation-leash of insets_animation#655} no children}] reparent to OffscreenRoot
06-19 10:27:34.890  2028  2028 I SurfaceFlinger: [LayerHierarchy{RequestedLayerState{Surface(name=e35ed82 NavigationBar0)/@0x3ca7d20 - animation-leash of insets_animation#655} no children}] RelativeParent to null
06-19 10:27:34.890  2028  2028 I SurfaceFlinger: [LayerHierarchy{RequestedLayerState{Transition Root: Task=334#648 z=5} no children}] reparent to OffscreenRoot
06-19 10:27:34.890  2028  2028 I SurfaceFlinger: [LayerHierarchy{RequestedLayerState{Transition Root: Task=334#648 z=5} no children}] RelativeParent to null
06-19 10:27:34.890  2028  2028 I SurfaceFlinger: [LayerHierarchy{RequestedLayerState{Surface(name=5abfef9 StatusBar)/@0x217cafa - animation-leash of insets_animation#654} no children}] reparent to OffscreenRoot
06-19 10:27:34.890  2028  2028 I SurfaceFlinger: [LayerHierarchy{RequestedLayerState{Surface(name=5abfef9 StatusBar)/@0x217cafa - animation-leash of insets_animation#654} no children}] RelativeParent to null
06-19 10:27:34.890  2028  2028 I SurfaceFlinger: [Surface(name=Task=1)/@0xe3df596_transition-leash#659] attach to parent LayerHierarchy{RequestedLayerState{Transition Root: Task=1#658 parentId=10} 1 children}
06-19 10:27:34.890  2028  2028 I SurfaceFlinger: [Surface(name=Task=334)/@0x5ee0d04_transition-leash#660] attach to parent LayerHierarchy{RequestedLayerState{Transition Root: Task=1#658 parentId=10} 2 children}
06-19 10:27:34.890  2771  3617 I CocktailBarManagerServiceContainer: handleMessage: entry what = 5
06-19 10:27:34.890  2028  2028 I SurfaceFlinger: id=648 Removed Transition Root: Task=334#648 (143)
06-19 10:27:34.891  2771  2882 D SurfaceComposerClient: setCornerRadius ## c854ba7 com.sec.android.app.launcher/com.sec.android.app.launcher.activities.LauncherActivity#129 cornerRadius=0.000000
06-19 10:27:34.891  4323  4323 I HoneySpace.EdgePanel.CocktailHostRepositoryImpl: onNoteResume
06-19 10:27:34.891  4323  4323 I HoneySpace.EdgePanel.EdgePanelContainerViewModel: cocktailHostRepository.edgePanelOperation NoteResumeComponent(componentName=ComponentInfo{com.sec.android.app.launcher/com.sec.android.app.launcher.Launcher})
06-19 10:27:34.891  2028  2171 I SurfaceFlinger: id=654 Removed Surface(name=5abfef9 StatusBar)/@0x217cafa - animation-leash of insets_animation#654 (143)
06-19 10:27:34.891  2771  2881 D SGM:GameManager: identifyGamePackage. com.sec.android.app.launcher, mCurrentUserId: 0, callingMethodInfo: com.samsung.android.game.SemGameManager.isGamePackage(SemGameManager.java:106)
06-19 10:27:34.891  2028  2171 I SurfaceFlinger: id=655 Removed Surface(name=e35ed82 NavigationBar0)/@0x3ca7d20 - animation-leash of insets_animation#655 (143)
06-19 10:27:34.891  2771  2881 D SGM:SemGameManager: isGamePackage(), pkgName=com.sec.android.app.launcher, ret=false
06-19 10:27:34.891  2028  2361 D SurfaceFlinger: [input] setFocusedWindow: c854ba7 com.sec.android.app.launcher/com.sec.android.app.launcher.activities.LauncherActivity
06-19 10:27:34.892  4323  4323 I HoneySpace.EdgePanel.ActivityUtils: HomePackage : com.sec.android.app.launcher, resumePackageName : com.sec.android.app.launcher, className : com.sec.android.app.launcher.Launcher
06-19 10:27:34.892  2771  3626 D BackgroundInstallControlService: Package event received: 0
06-19 10:27:34.892  5819  5819 I SDHMS:LOAD: type: LoadsFreqs, value: 0:0:0:0:0:0:0:0:0:0:0:0
06-19 10:27:34.892  2771  2881 D SGM:FgCheckThread: noteResumeComponent(), received pkgName: com.sec.android.app.launcher, userId: 0
06-19 10:27:34.892  2771  3357 D SGM:FgCheckThread: onLooperPrepared(), msg: MSG_APP_RESUME, pkgName: com.sec.android.app.launcher, userid: 0
06-19 10:27:34.892  2771  3357 D SGM:FgCheckThread: handleResume().
06-19 10:27:34.892  2771  5971 D InputDispatcher: Once focus requested (0): c854ba7 com.sec.android.app.launcher/com.sec.android.app.launcher.activities.LauncherActivity
06-19 10:27:34.892  2771  5971 D InputDispatcher: Focus request (0): c854ba7 com.sec.android.app.launcher/com.sec.android.app.launcher.activities.LauncherActivity but waiting because NOT_VISIBLE
06-19 10:27:34.892  5819  6686 I SDHMS:k : handleResumeComponent : put = com.sec.android.app.launcher, userid = 0 instanceid =201212677
06-19 10:27:34.892  2771  3357 D SGM:FgCheckThread: sendFocusOutConditionally() - mPrevNotiPkg: (unknown), userId: 0
06-19 10:27:34.892  2771  3357 D SGM:FgCheckThread:   handleResume(). pkgName: com.sec.android.app.launcher, userId: 0, category: non-game
06-19 10:27:34.892  4323  4427 I HoneySpace.TopTaskSource: onTaskFocusChanged(): taskId = 319
06-19 10:27:34.892  2771  3357 D SGM:FgCheckThread: notifyFocusInOut(). of pkg: com.sec.android.app.launcher, type: 4, isSecGameFamily: false, userId: 0
06-19 10:27:34.892  2771  3357 D SGM:FgCheckThread:   notifyFocusInOut(). unexpected mPrevNotiType: -1
06-19 10:27:34.892  2771  3357 D SGM:SystemHelper: callReleaseBlock needReleaseBlock:false
06-19 10:27:34.893  2771  3626 D BackgroundInstallControlService: Package event received: 0
06-19 10:27:34.893  4323  4323 I InsetsSourceConsumer: applyRequestedVisibilityToControl: visible=true, type=statusBars, host=com.sec.android.app.launcher/com.sec.android.app.launcher.activities.LauncherActivity
06-19 10:27:34.893  4323 15325 I HoneySpace.ShellAnimationRunner: [onAnimationStart] appTarget(0) : taskId-1, mode-0
06-19 10:27:34.893  4323 15325 I HoneySpace.ShellAnimationRunner: cookie: -2147483648
06-19 10:27:34.893  4323 15325 I HoneySpace.ShellAnimationRunner: [onAnimationStart] appTarget(1) : taskId-334, mode-1
06-19 10:27:34.893  3813  3813 I {OngoingActivityController}: onTaskFocusChanged but OA data is empty
06-19 10:27:34.893  4323  4323 I InsetsSourceConsumer: applyRequestedVisibilityToControl: visible=true, type=navigationBars, host=com.sec.android.app.launcher/com.sec.android.app.launcher.activities.LauncherActivity
06-19 10:27:34.893  4323  4323 I HoneySpace.ShellAnimationRunner: this , com.honeyspace.transition.ShellAnimationRunner@ca2ce50
06-19 10:27:34.893  4323  4323 I HoneySpace.ShellAnimationRunner: finishExistingAnimation, null
06-19 10:27:34.893  4323  4323 I HoneySpace.AppCloseAnimationDelegate: onAnimationStart
06-19 10:27:34.894  4323  4323 I HoneySpace.AppCloseAnimationDelegate: findTargetView() called with: targets = com.honeyspace.transition.remote.RemoteAnimationTargets@4d64bb3, centerMostInfo = null
06-19 10:27:34.894  4323  4323 I HoneySpace.AppCloseAnimationDelegate: findTargetValue [cookie--2147483648, pkgName-com.ESC.sobersight]
06-19 10:27:34.894  4323  4323 I HoneySpace.AppListFastRecyclerViewAdapter: findCloseTarget : 2122, ComponentInfo{com.ESC.sobersight/com.ESC.sobersight.MainActivity}
06-19 10:27:34.894  4323  4323 I HoneySpace.AppCloseAnimationDelegate: findTargetView found:Value(view=com.honeyspace.ui.common.iconview.IconViewImpl{4689061 VFED..CL. ........ 498,849-747,1132 #7f0a02ed app:id/icon} - SoberSight, visibility:0, alpha:1.0, badge:0, icon:174x174, iconAlpha:255, iconState:NONE, iconSize:181, forceHideBadge:false, isTransparent:false, x=2, y=3, component=ComponentInfo{com.ESC.sobersight/com.ESC.sobersight.MainActivity}, isTargetShortcut=false), com.honeyspace.ui.common.iconview.IconViewImpl{4689061 VFED..CL. ........ 498,849-747,1132 #7f0a02ed app:id/icon} - SoberSight, visibility:0, alpha:1.0, badge:0, icon:174x174, iconAlpha:255, iconState:NONE, iconSize:181, forceHideBadge:false, isTransparent:false, x=2, y=3
06-19 10:27:34.894  4323  4323 I HoneySpace.AppCloseAnimationDelegate: getCloseAnimator : isGestureClosing-true, target-com.honeyspace.ui.common.iconview.IconViewImpl{4689061 VFED..CL. ........ 498,849-747,1132 #7f0a02ed app:id/icon} - SoberSight, visibility:0, alpha:1.0, badge:0, icon:174x174, iconAlpha:255, iconState:NONE, iconSize:181, forceHideBadge:false, isTransparent:false, x=2, y=3
06-19 10:27:34.894  4323  4323 I HoneySpace.FloatingAnimator: playerCount : 1
06-19 10:27:34.894  4323  4323 I HoneySpace.FloatingAnimator: [Player:A(34.894)] create
06-19 10:27:34.894  4323  4323 I HoneySpace.AppCloseAnimationDelegate: playFloatingIconAnim, appPlayer: A(34.894)
06-19 10:27:34.894  4323  4323 I HoneySpace.TransitionUtils: [getRotationChange] home-0, app-0
06-19 10:27:34.894  4323  4323 I HoneySpace.TransitionUtils: getWindowTargetBounds: Rect(0, 0 - 1080, 2340)
06-19 10:27:34.894  4323  4323 I HoneySpace.FloatingAnimator: [Player:A(34.894)] setup. isLandscape:false, isTranslucent:false, screenSize[1080, 2340], isMultiTargets:false, useCurrentDrawable:false
06-19 10:27:34.895  4323  4323 I HoneySpace.FloatingAnimator: add containerView, com.honeyspace.transition.anim.floating.ContainerView{c4a3b3f V.E...... ......ID 0,0-1080,1080}
06-19 10:27:34.895  4323  4323 I HoneySpace.FloatingAnimator: add positionListener - com.honeyspace.transition.anim.floating.c@85ff00f
06-19 10:27:34.895  4323  4323 I HoneySpace.SpringAnimPlayer: [Player:A(34.894)] spring onAnimationStart
06-19 10:27:34.895  3813  3868 D ShellDesktopMode: [u0] DesktopRepository: Removes freeform task: taskId=333
06-19 10:27:34.896  3813  3868 W ShellDesktopMode: [u0] DesktopRepository: No display id found for task: taskId=333
06-19 10:27:34.896  4323 12521 I HoneySpace.RecentTasks: onRecentTasksChanged
06-19 10:27:34.896  4323  4323 I HoneySpace.ContentsAnimator: from : 0.0
06-19 10:27:34.896  4323  4323 I HoneySpace.HoneyScreenManagerImpl: Close floating task bar
06-19 10:27:34.896  4323  4323 I HoneySpace.ContentsAnimator: ContentsAnimator start [108659336]
06-19 10:27:34.896  4323  4323 I HoneySpace.AnimationResult: setAnimation, animation: false
06-19 10:27:34.896  4323 21991 I HoneySpace.WallpaperAnimator: createWallpaperSurface
06-19 10:27:34.897  4323  4323 I HoneySpace.AppTransitionAnimationAwait: proceed 0
06-19 10:27:34.897  4323  4323 I HoneySpace.AppTransitionAnimationAwait: prepare refCnt:1 timeout:1500
06-19 10:27:34.897  2771  6611 I WindowManager: Reparenting to leash, surface=Surface(name=RemoteWallpaperAnim:1:1)/@0x61e7815, leashParent=Surface(name=OneHanded:0:14)/@0x8cdb72a
06-19 10:27:34.897  2028  3395 I SurfaceFlinger: id=661 createSurf, flag=24000, Surface(name=RemoteWallpaperAnim:1:1)/@0x61e7815 - animation-leash of remote_wallpaper#661
06-19 10:27:34.898  2771  6611 D WindowManager: makeSurface duration=1 leash=Surface(name=Surface(name=RemoteWallpaperAnim:1:1)/@0x61e7815 - animation-leash of remote_wallpaper)/@0xbb6b04f
06-19 10:27:34.898  2028  2028 I SurfaceFlinger: RequestedLayer [Transition Root: Task=1#658] hidden!! flag  from(1) --> to(0)
06-19 10:27:34.898  2028  2028 I SurfaceFlinger: RequestedLayer [Task=1#53] hidden!! flag  from(1) --> to(0)
06-19 10:27:34.898  2028  2028 E SurfaceFlinger: alpha changed 1.000 -> 0.000 - Surface(name=Task=1)/@0xe3df596_transition-leash#659
06-19 10:27:34.898  2028  2028 I SurfaceFlinger: destroyed Surface(name=e35ed82 NavigationBar0)/@0x3ca7d20 - animation-leash of insets_animation#655 form LifecycleManager
06-19 10:27:34.898  2028  2028 I SurfaceFlinger: destroyed Transition Root: Task=334#648 form LifecycleManager
06-19 10:27:34.898  2028  2028 I SurfaceFlinger: destroyed Surface(name=5abfef9 StatusBar)/@0x217cafa - animation-leash of insets_animation#654 form LifecycleManager
06-19 10:27:34.898  2771  6611 D WindowManager: startAnimation for remote wallpaper, leash=Surface(name=Surface(name=RemoteWallpaperAnim:1:1)/@0x61e7815 - animation-leash of remote_wallpaper)/@0xbb6b04f
06-19 10:27:34.898  2028  2028 I SurfaceFlinger: [LayerHierarchy{RequestedLayerState{Task=1#53 parentId=659} 2 children}] reparent to LayerHierarchy{RequestedLayerState{Surface(name=Task=1)/@0xe3df596_transition-leash#659 parentId=658 z=2} 1 children}
06-19 10:27:34.898  2028  2028 I SurfaceFlinger: [Surface(name=RemoteWallpaperAnim:1:1)/@0x61e7815 - animation-leash of remote_wallpaper#661] attach to parent LayerHierarchy{RequestedLayerState{OneHanded:0:14#4 parentId=3} 4 children}
06-19 10:27:34.898  2028  2028 I SurfaceFlinger: [LayerHierarchy{RequestedLayerState{Task=334#644 parentId=660} 1 children}] reparent to LayerHierarchy{RequestedLayerState{Surface(name=Task=334)/@0x5ee0d04_transition-leash#660 parentId=658 z=5} 1 children}
06-19 10:27:34.898  2028  2028 I SurfaceFlinger: [LayerHierarchy{RequestedLayerState{Surface(name=Task=334)/@0x5ee0d04_transition-leash#660 parentId=658 z=5} 1 children}] reparent to LayerHierarchy{RequestedLayerState{Transition Root: Task=1#658 parentId=10} 2 children}
06-19 10:27:34.898  2028  2028 I SurfaceFlinger: [LayerHierarchy{RequestedLayerState{Surface(name=Task=1)/@0xe3df596_transition-leash#659 parentId=658 z=2} 1 children}] reparent to LayerHierarchy{RequestedLayerState{Transition Root: Task=1#658 parentId=10} 2 children}
06-19 10:27:34.898  2028  2028 I SurfaceFlinger: [LayerHierarchy{RequestedLayerState{7d14e6f com.ESC.sobersight/com.ESC.sobersight.MainActivity#652} 1 children}] reparent to OffscreenRoot
06-19 10:27:34.898  2028  2028 I SurfaceFlinger: [LayerHierarchy{RequestedLayerState{7d14e6f com.ESC.sobersight/com.ESC.sobersight.MainActivity#652} 1 children}] RelativeParent to null
06-19 10:27:34.898  2028  2028 I SurfaceFlinger: [LayerHierarchy{RequestedLayerState{com.ESC.sobersight/com.ESC.sobersight.MainActivity$_16215#653} no children}] reparent to OffscreenRoot
06-19 10:27:34.898  2028  2028 I SurfaceFlinger: [LayerHierarchy{RequestedLayerState{com.ESC.sobersight/com.ESC.sobersight.MainActivity$_16215#653} no children}] RelativeParent to null
06-19 10:27:34.898  2028  2028 I SurfaceFlinger: id=655 onLayerDestroyed from LayerHierarchyBuilder(RequestedLayerState{Surface(name=e35ed82 NavigationBar0)/@0x3ca7d20 - animation-leash of insets_animation#655 !handle})
06-19 10:27:34.898  2028  2028 I SurfaceFlinger: id=648 onLayerDestroyed from LayerHierarchyBuilder(RequestedLayerState{Transition Root: Task=334#648 !handle z=5})
06-19 10:27:34.898  2028  2028 I SurfaceFlinger: id=654 onLayerDestroyed from LayerHierarchyBuilder(RequestedLayerState{Surface(name=5abfef9 StatusBar)/@0x217cafa - animation-leash of insets_animation#654 !handle})
06-19 10:27:34.898  2771  6611 D WindowManager: startRemoteWallpaperAnimation, d=0, leash=Surface(name=Surface(name=RemoteWallpaperAnim:1:1)/@0x61e7815 - animation-leash of remote_wallpaper)/@0xbb6b04f
06-19 10:27:34.898  4323  4323 I HoneySpace.FloatingAnimator: [Player:A(34.894)] container x: 0.0, y: 0.0, scale : 1.0
06-19 10:27:34.898  4323  4323 I HoneySpace.FloatingAnimator: [Player:A(34.894)] container x: 0.0, y: 0.0, scale : 1.0
06-19 10:27:34.899  4323  4323 I HoneySpace.FloatingAnimator: [Player:A(34.894)] container x: 0.0, y: 0.0, scale : 1.0
06-19 10:27:34.899  2028  2028 I Layer   : id=655 Destroyed Surface(name=e35ed82 NavigationBar0)/@0x3ca7d20 - animation-leash of insets_animation#655
06-19 10:27:34.899  2028  2028 I Layer   : id=648 Destroyed Transition Root: Task=334#648
06-19 10:27:34.899  2028  2028 I Layer   : id=654 Destroyed Surface(name=5abfef9 StatusBar)/@0x217cafa - animation-leash of insets_animation#654
06-19 10:27:34.899  2771  2882 I SurfaceControl: apply, lowDebugName=startRemoteWallpaperAnimation_43733980, caller=android.view.SurfaceControl$Transaction.apply:3447 android.view.SurfaceControl$Transaction.apply:3397 com.android.server.wm.WindowAnimator.animate:307 com.android.server.wm.WindowAnimator$$ExternalSyntheticLambda1.doFrame:14 android.view.Choreographer$CallbackRecord.run:1899 android.view.Choreographer$CallbackRecord.run:1910 
06-19 10:27:34.899  4323  7129 I VRI[LauncherActivity]@6215e88: mWNT: t=0xb40000767140ea90 mBlastBufferQueue=0xb4000076015602b0 fn= 1122 HdrRenderState mRenderHdrSdrRatio=1.0 caller= com.android.systemui.shared.launcher.ViewRootImplCompat.mergeWithNextTransaction:4 com.honeyspace.transition.utils.SurfaceTransactionApplier.scheduleApply$lambda$1:16 com.honeyspace.transition.utils.SurfaceTransactionApplier.b:0 
06-19 10:27:34.899  4323  7129 I VRI[LauncherActivity]@6215e88: mWNT: t=0xb4000076713fe090 mBlastBufferQueue=0xb4000076015602b0 fn= 1122 HdrRenderState mRenderHdrSdrRatio=1.0 caller= com.android.systemui.shared.launcher.ViewRootImplCompat.mergeWithNextTransaction:4 com.honeyspace.transition.utils.SurfaceTransactionApplier.scheduleApply$lambda$1:16 com.honeyspace.transition.utils.SurfaceTransactionApplier.b:0 
06-19 10:27:34.899  4323  7129 I VRI[LauncherActivity]@6215e88: mWNT: t=0xb400007671426110 mBlastBufferQueue=0xb4000076015602b0 fn= 1122 HdrRenderState mRenderHdrSdrRatio=1.0 caller= com.android.systemui.shared.launcher.ViewRootImplCompat.mergeWithNextTransaction:4 com.honeyspace.transition.utils.SurfaceTransactionApplier.scheduleApply$lambda$1:16 com.honeyspace.transition.utils.SurfaceTransactionApplier.b:0 
06-19 10:27:34.900  2771  6611 V WindowManager: Schedule remove starting ActivityRecord{196862646 u0 com.ESC.sobersight/.MainActivity t334 f} isExiting} startingWindow=Window{cf3eaa8 u0 Splash Screen com.ESC.sobersight} animate=true Callers=com.android.server.wm.ActivityRecord.onSyncTransactionCommitted:16 com.android.server.wm.BLASTSyncEngine$SyncGroup$1CommitCallback.onCommitted:104 com.android.server.wm.BLASTSyncEngine$SyncGroup$$ExternalSyntheticLambda0.onTransactionCommitted:8 android.view.SurfaceControl$Transaction$$ExternalSyntheticLambda4.run:0 com.android.server.SystemServerInitThreadPool$$ExternalSyntheticLambda0.execute:1 
06-19 10:27:34.901  4323  4323 I HoneySpace.IconView: setIconVisible : visible-false, currentForceHideBadge-false
06-19 10:27:34.901  4323  4323 I HoneySpace.IconView: updateInvisibleState false APP_CLOSING current:0 new:2
06-19 10:27:34.901  2028  2028 D SurfaceFlinger: Display 4630947232161729154 HWC layers:
06-19 10:27:34.901  2028  2028 D SurfaceFlinger:        CLIENT |           16376710299656 | 00000100 | RGBA_8888    |    0.0    0.0 1080.0 2340.0 |    0    0 1080 2340 | Wallpaper BBQ wrapper 5_system#100 (1)
06-19 10:27:34.901  2028  2028 D SurfaceFlinger:        DEVICE |           18567143620759 | 00002100 | RGBA_8888    |    0.0    0.0 1080.0 2340.0 |    0    0 1080 2340 | com.sec.android.app.launcher/com.sec[...]ctivities.LauncherActivity$_4323#405 (blurRegions) (1121)
06-19 10:27:34.901  2028  2028 D SurfaceFlinger:        DEVICE |           16376710312272 | 00002100 | RGBA_8888    |    0.0    0.0 1080.0 2340.0 |    0    0 1080 2340 | Splash Screen com.ESC.sobersight$_3813#647 (1)
06-19 10:27:34.901  2028  2028 D SurfaceFlinger:        DEVICE |           16376710312170 | 00002100 | RGBA_8888    |    0.0    0.0 1080.0   81.0 |    0    0 1080   81 | StatusBar$_3813#116 (684)
06-19 10:27:34.901  2028  2028 D SurfaceFlinger:        DEVICE |           18567143620752 | 00002100 | RGBA_8888    |    0.0    0.0   67.0  318.0 | 1013  441 1080  759 | com.sec.android.app.launcher/com.sam[...]nel.app.CocktailBarService$_4323#403 (1)
06-19 10:27:34.901  2028  2028 D SurfaceFlinger:        DEVICE |           16376710312148 | 00002100 | RGBA_8888    |    0.0    0.0 10
06-19 10:27:34.901  2028  2028 D SurfaceFlinger: 80.0  144.0 |    0 2196 1080 2340 | NavigationBar0$_3813#114 (669)
06-19 10:27:34.901  2028  2028 D SurfaceFlinger: 
06-19 10:27:34.901  3813  3868 D ShellTaskOrganizer: removeStartingWindow, removalInfo=StartingWindowRemovalInfo{taskId=334 frame=null playRevealAnimation=false roundedCornerRadius=0.0 deferRemoveMode=0 windowlessSurface=false removeImmediately=false}
06-19 10:27:34.906  2028  2028 E SurfaceFlinger: alpha changed 0.000 -> 1.000 - Surface(name=Task=1)/@0xe3df596_transition-leash#659
06-19 10:27:34.906  2028  2028 I SurfaceFlinger: [LayerHierarchy{RequestedLayerState{RemoteWallpaperAnim:1:1#7 parentId=661 z=1} 1 children}] reparent to LayerHierarchy{RequestedLayerState{Surface(name=RemoteWallpaperAnim:1:1)/@0x61e7815 - animation-leash of remote_wallpaper#661 parentId=4} 1 children}
06-19 10:27:34.907  4323  4323 I HoneySpace.FloatingAnimator: [Player:A(34.894)] container x: 0.0, y: 0.0, scale : 1.0
06-19 10:27:34.907  2771  6611 I WindowManager: Relayout Window{cf3eaa8 u0 Splash Screen com.ESC.sobersight}: viewVisibility=8 req=1080x2340 ty=3 d0
06-19 10:27:34.907  4323  4323 I HoneySpace.FloatingAnimator: [Player:A(34.894)] container x: 0.0, y: 2.2147217, scale : 1.0
06-19 10:27:34.907  4323  4323 I HoneySpace.FloatingAnimator: [Player:A(34.894)] container x: 3.4364624, y: 7.3632216, scale : 0.9932088
06-19 10:27:34.907  4323  4323 I HoneySpace.FloatingAnimator: [Player:A(34.894)] container x: 3.4364624, y: 7.3632216, scale : 0.9932088
06-19 10:27:34.907  2771  6611 D SurfaceComposerClient: setCornerRadius ## c854ba7 com.sec.android.app.launcher/com.sec.android.app.launcher.activities.LauncherActivity#129 cornerRadius=0.000000
06-19 10:27:34.908  2771  6611 D SurfaceComposerClient: setCornerRadius ## c854ba7 com.sec.android.app.launcher/com.sec.android.app.launcher.activities.LauncherActivity#129 cornerRadius=0.000000
06-19 10:27:34.909  4323  7130 I VRI[LauncherActivity]@6215e88: mWNT: t=0xb4000076713f9710 mBlastBufferQueue=0xb4000076015602b0 fn= 1123 HdrRenderState mRenderHdrSdrRatio=1.0 caller= com.android.systemui.shared.launcher.ViewRootImplCompat.mergeWithNextTransaction:4 com.honeyspace.transition.utils.SurfaceTransactionApplier.scheduleApply$lambda$1:16 com.honeyspace.transition.utils.SurfaceTransactionApplier.b:0 
06-19 10:27:34.909  4323  7130 I VRI[LauncherActivity]@6215e88: mWNT: t=0xb40000767135cb50 mBlastBufferQueue=0xb4000076015602b0 fn= 1123 HdrRenderState mRenderHdrSdrRatio=1.0 caller= com.android.systemui.shared.launcher.ViewRootImplCompat.mergeWithNextTransaction:4 com.honeyspace.transition.utils.SurfaceTransactionApplier.scheduleApply$lambda$1:16 com.honeyspace.transition.utils.SurfaceTransactionApplier.b:0 
06-19 10:27:34.909  4323 15198 I AppIconSolution: getThemeIconWithBG called with public API, pkg = com.ESC.sobersight, mode = 48
06-19 10:27:34.909  4323 15198 I AppIconSolution: return adaptive icon for com.ESC.sobersight, isNight = false
06-19 10:27:34.909  4323 15198 I LauncherActivityInfo: packageName: com.ESC.sobersight, useThemeIcon: false, height: 288, width: 288, density: 640
06-19 10:27:34.909  4323  7130 I VRI[LauncherActivity]@6215e88: mWNT: t=0xb400007671411110 mBlastBufferQueue=0xb4000076015602b0 fn= 1123 HdrRenderState mRenderHdrSdrRatio=1.0 caller= com.android.systemui.shared.launcher.ViewRootImplCompat.mergeWithNextTransaction:4 com.honeyspace.transition.utils.SurfaceTransactionApplier.scheduleApply$lambda$1:16 com.honeyspace.transition.utils.SurfaceTransactionApplier.b:0 
06-19 10:27:34.909  4323  7130 I VRI[LauncherActivity]@6215e88: mWNT: t=0xb40000767140af10 mBlastBufferQueue=0xb4000076015602b0 fn= 1123 HdrRenderState mRenderHdrSdrRatio=1.0 caller= com.android.systemui.shared.launcher.ViewRootImplCompat.mergeWithNextTransaction:4 com.honeyspace.transition.utils.SurfaceTransactionApplier.scheduleApply$lambda$1:16 com.honeyspace.transition.utils.SurfaceTransactionApplier.b:0 
06-19 10:27:34.910  2771  5971 D InputDispatcher: Focus entered window (0): c854ba7 com.sec.android.app.launcher/com.sec.android.app.launcher.activities.LauncherActivity
06-19 10:27:34.911  2771  6611 I WindowManager: Relayout hash=cf3eaa8, pid=3813, syncId=-1: mAttrs={(0,0)(fillxfill) sim={adjust=pan} layoutInDisplayCutoutMode=always ty=APPLICATION_STARTING fmt=TRANSLUCENT wanim=0x1030306
06-19 10:27:34.911  2771  6611 I WindowManager:   fl=81030118
06-19 10:27:34.911  2771  6611 I WindowManager:   pfl=10000810
06-19 10:27:34.911  2771  6611 I WindowManager:   apr=18
06-19 10:27:34.911  2771  6611 I WindowManager:   bhv=1
06-19 10:27:34.911  2771  6611 I WindowManager:   fitSides=0
06-19 10:27:34.911  2771  6611 I WindowManager:   frameRateBoostOnTouch=true
06-19 10:27:34.911  2771  6611 I WindowManager:   dvrrWindowFrameRateHint=true naviIconColor=0}
06-19 10:27:34.911  2771  2881 D WindowManager: mRunner#onAnimationStart for remote wallpaper=[android.view.RemoteAnimationTarget@7d7ece5], transaction=startRemoteWallpaperAnimation_43733980
06-19 10:27:34.912  3813  3883 I VRI[sobersight]@1c80a6e: onActiveControlsChanged, removed=false, mAdded=true, caller=android.view.ViewRootImpl.handleInsetsControlChanged:3002 android.view.ViewRootImpl.relayoutWindow:11629 android.view.ViewRootImpl.performTraversals:4804 android.view.ViewRootImpl.doTraversal:3924 android.view.ViewRootImpl$TraversalRunnable.run:12903 
06-19 10:27:34.912  4323  5784 I HoneySpace.WallpaperAnimator: onAnimationStart, wallpapers: Surface(name=Surface(name=RemoteWallpaperAnim:1:1)/@0x61e7815 - animation-leash of remote_wallpaper)/@0x54f7c9
06-19 10:27:34.912  4323  4323 I HoneySpace.WallpaperAnimator: startWallpaperAnimation, isOpen-false, from:1.3, to:1.0, duration:1200
06-19 10:27:34.912  4323  4323 I HoneySpace.WallpaperAnimator: wallpaper animation start [102952654]
06-19 10:27:34.912  3813  3883 I VRI[sobersight]@1c80a6e: Relayout returned: old=(0,0,1080,2340) new=(0,0,1080,2340) relayoutAsync=false req=(1080,2340)8 dur=5 res=0x2 s={false 0x0} ch=true seqId=0
06-19 10:27:34.912  3813  3883 D VRI[sobersight]@1c80a6e: Not drawing due to not visible. Reason=View.GONE
06-19 10:27:34.912  3813  3883 W WindowOnBackDispatcher: sendCancelIfRunning: isInProgress=false callback=android.view.ViewRootImpl$$ExternalSyntheticLambda16@8ba707
06-19 10:27:34.913  2771  6611 D CoreBackPreview: Window{cf3eaa8 u0 Splash Screen com.ESC.sobersight}: Setting back callback null
06-19 10:27:34.913  2267  3269 I CameraService: onUidStateChanged: uid=10044, procState is changed. (1 -> 0)
06-19 10:27:34.913  3813  3883 I VRI[sobersight]@1c80a6e: dispatchDetachedFromWindow
06-19 10:27:34.913  2771  5971 D WindowManager: Starting window removed Window{cf3eaa8 u0 Splash Screen com.ESC.sobersight}
06-19 10:27:34.913  2771  5971 D InputTransport: Input channel destroyed: 'cf3eaa8', fd=931
06-19 10:27:34.913  2771  5971 V WindowManager: Remove Window{cf3eaa8 u0 Splash Screen com.ESC.sobersight}: mSurfaceControl=Surface(name=Splash Screen com.ESC.sobersight$_3813)/@0xf3bd3ba mAnimatingExit=false mRemoveOnExit=false mHasSurface=true surfaceShowing=true animating=false app-animation=false callers=com.android.server.wm.Session.remove:16 android.view.IWindowSession$Stub.onTransact:804 com.android.server.wm.Session.onTransact:1 android.os.Binder.execTransactInternal:1462 android.os.Binder.execTransact:1401 <bottom of call stack> 
06-19 10:27:34.914  2771  5971 D SurfaceComposerClient: setCornerRadius ## c854ba7 com.sec.android.app.launcher/com.sec.android.app.launcher.activities.LauncherActivity#129 cornerRadius=0.000000
06-19 10:27:34.914  2771  5971 D SurfaceComposerClient: setCornerRadius ## c854ba7 com.sec.android.app.launcher/com.sec.android.app.launcher.activities.LauncherActivity#129 cornerRadius=0.000000
06-19 10:27:34.915  3813  3883 D InputTransport: Input channel destroyed: 'cf3eaa8', fd=277
06-19 10:27:34.915  4323  4323 I HoneySpace.FloatingAnimator: [Player:A(34.894)] container x: 3.4364624, y: 14.615664, scale : 0.9932088
06-19 10:27:34.915  4323  4323 I HoneySpace.FloatingAnimator: [Player:A(34.894)] container x: 14.1762085, y: 30.656729, scale : 0.97202104
06-19 10:27:34.915  4323  4323 I HoneySpace.FloatingAnimator: [Player:A(34.894)] container x: 14.836792, y: 30.656729, scale : 0.97202116
06-19 10:27:34.916  4323  7129 I VRI[LauncherActivity]@6215e88: mWNT: t=0xb40000767139fc10 mBlastBufferQueue=0xb4000076015602b0 fn= 1124 HdrRenderState mRenderHdrSdrRatio=1.0 caller= com.android.systemui.shared.launcher.ViewRootImplCompat.mergeWithNextTransaction:4 com.honeyspace.transition.utils.SurfaceTransactionApplier.scheduleApply$lambda$1:16 com.honeyspace.transition.utils.SurfaceTransactionApplier.b:0 
06-19 10:27:34.916  4323  7129 I VRI[LauncherActivity]@6215e88: mWNT: t=0xb4000076713a90d0 mBlastBufferQueue=0xb4000076015602b0 fn= 1124 HdrRenderState mRenderHdrSdrRatio=1.0 caller= com.android.systemui.shared.launcher.ViewRootImplCompat.mergeWithNextTransaction:4 com.honeyspace.transition.utils.SurfaceTransactionApplier.scheduleApply$lambda$1:16 com.honeyspace.transition.utils.SurfaceTransactionApplier.b:0 
06-19 10:27:34.916  4323  7129 I VRI[LauncherActivity]@6215e88: mWNT: t=0xb4000076713a4ad0 mBlastBufferQueue=0xb4000076015602b0 fn= 1124 HdrRenderState mRenderHdrSdrRatio=1.0 caller= com.android.systemui.shared.launcher.ViewRootImplCompat.mergeWithNextTransaction:4 com.honeyspace.transition.utils.SurfaceTransactionApplier.scheduleApply$lambda$1:16 com.honeyspace.transition.utils.SurfaceTransactionApplier.b:0 
06-19 10:27:34.918  2771  6611 I InputMethodManagerService: isAccessoryKeyboard 0
06-19 10:27:34.918  3813  3813 D SystemUIService: SYSUI_RAM_OPTIMIZATION onTrimMemory=20
06-19 10:27:34.918  4323  4323 I InputMethodManager: startInputInner - IInputMethodManagerGlobalInvoker.startInputOrWindowGainedFocus
06-19 10:27:34.918  3813  3813 D CentralSurfaces: SYSUI_RAM_OPTIMIZATION onTrimMemory=20
06-19 10:27:34.919  3813  3945 D HWUI    : CacheManager::trimMemory(20)
06-19 10:27:34.919  2771  3350 V InputMethodManagerService: startInputOrWindowGainedFocusInternalLocked: reason=WINDOW_FOCUS_GAIN client=android.os.BinderProxy@16e203c inputContext=null editorInfo=android.view.inputmethod.EditorInfo@77d1c8 startInputFlags=VIEW_HAS_FOCUS|INITIAL_CONNECTION softInputMode=STATE_UNSPECIFIED|ADJUST_NOTHING windowFlags=#81910100 unverifiedTargetSdkVersion=36 bindingController=com.android.server.inputmethod.InputMethodBindingController@3225513 imeDispatcher=android.window.ImeOnBackInvokedDispatcher@d9f7261 cs=ClientState{246949 mUid=10153 mPid=4323 mSelfReportedDisplayId=0} imeRequestedVisible=false
06-19 10:27:34.920  2771  3350 V InputMethodManagerService: setWindowStateInner, windowToken=android.os.BinderProxy@caaecc1, state=ImeTargetWindowState{ imeToken null imeFocusChanged false hasEditorFocused false requestedImeVisible false imeDisplayId 0 softInputModeState STATE_UNSPECIFIED|ADJUST_NOTHING isStartInputByGainFocus true}
06-19 10:27:34.920  2771  3350 V InputMethodManagerService: Same window without editor will hide input
06-19 10:27:34.920  2771  3350 I ImeTracker: com.sec.android.app.launcher:18256a1f: onRequestHide at ORIGIN_SERVER reason HIDE_SAME_WINDOW_FOCUSED_WITHOUT_EDITOR fromUser false
06-19 10:27:34.920  2771  3350 V InputMethodManagerService: applyImeVisibility state=5
06-19 10:27:34.921  4323  4323 I InputMethodManager: handleMessage: setImeVisibility visible=false
06-19 10:27:34.921  2771  3350 D SemInputMethodManagerServiceUtil: restorePreviousUsedInputMethod : failed to return the previous ime becuase the stored info is null or do not need restore
06-19 10:27:34.921  2771  3350 V InputMethodManagerService: semComputeImeDisplayIdForTarget: displayToShowIme=0
06-19 10:27:34.921  4323  4323 I ImeTracker: com.sec.android.app.launcher:18256a1f: onCancelled at PHASE_CLIENT_ALREADY_HIDDEN
06-19 10:27:34.921  2771  3350 V InputMethodManagerService: Creating new accessibility sessions for client ClientState{246949 mUid=10153 mPid=4323 mSelfReportedDisplayId=0}
06-19 10:27:34.921  2771  3350 D InputMethodManagerService: isImeSwitcherDisabledPackage : false
06-19 10:27:34.921  2771  3350 D InputMethodManagerService: shouldShowImeSwitcherLocked : checking vis : 3
06-19 10:27:34.921  2771  3350 D InputMethodManagerService: checkDisplayOfStartInputAndUpdateKeyboard: displayId=0, mFocusedDisplayId=0
06-19 10:27:34.921  2771  3350 D InputTransport: Input channel constructed: 'ClientS', fd=849
06-19 10:27:34.921  2771  3350 D InputTransport: Input channel destroyed: 'ClientS', fd=849
06-19 10:27:34.922  2771  4688 D ActivityManager: unpendingScheduleServiceRestart: u=10338, drop=false
06-19 10:27:34.922 21036 21036 I HBD     : HoneyBoardService onFinishInput 
06-19 10:27:34.922 21036 21036 I HBD     : a IC have been unbinding,  RemoteInputConnection{idHash=#4ab9321}
06-19 10:27:34.922 21036 21036 I HBD     : HoneyBoardService [PF_CL][onFinishInput]  0 ms 
06-19 10:27:34.922 21036 21036 I HBD     : HoneyBoardService [IMI] onStartInput - caller pid : 4323 , caller uid : 10153 
06-19 10:27:34.922 21036 21036 I HBD     : r updateConfigs 
06-19 10:27:34.922 21036 21036 I HBD     : r isEnabledNightMode : false 
06-19 10:27:34.922 21036 21036 I HBD     : a IC have been binding, RemoteInputConnection{idHash=#4ab9321} 
06-19 10:27:34.923 21036 21036 I HBD     : h [EditorInputType]setPrivateImeOptionsToTable privateImeOptions ( null )
06-19 10:27:34.923 21036 21036 I HBD     : b incognitoMode : false 
06-19 10:27:34.923 21036 21036 I HBD     : f needOff = true , isForceOff = false, isNullInputClass : true 
06-19 10:27:34.923 21036 21036 I HBD     : h getDefaultInputRange : UNKNOWN 
06-19 10:27:34.923 21036 21036 I HBD     : h getDefaultInputRange : UNKNOWN 
06-19 10:27:34.923 21036 21036 I HBD     : h getDefaultInputRange : UNKNOWN 
06-19 10:27:34.923  2028  2028 I SurfaceFlinger: [LayerHierarchy{RequestedLayerState{cf3eaa8 Splash Screen com.ESC.sobersight#646 z=2147483647} 1 children}] reparent to OffscreenRoot
06-19 10:27:34.923  2028  2028 I SurfaceFlinger: [LayerHierarchy{RequestedLayerState{cf3eaa8 Splash Screen com.ESC.sobersight#646 z=2147483647} 1 children}] RelativeParent to null
06-19 10:27:34.923  2028  2028 I SurfaceFlinger: [LayerHierarchy{RequestedLayerState{Splash Screen com.ESC.sobersight$_3813#647} no children}] reparent to OffscreenRoot
06-19 10:27:34.923  2028  2028 I SurfaceFlinger: [LayerHierarchy{RequestedLayerState{Splash Screen com.ESC.sobersight$_3813#647} no children}] RelativeParent to null
06-19 10:27:34.923  4323  4323 I HoneySpace.FloatingAnimator: [Player:A(34.894)] container x: 14.836792, y: 40.644463, scale : 0.97202116
06-19 10:27:34.924  2028  2028 I SurfaceFlinger: id=647 Removed Splash Screen com.ESC.sobersight$_3813#647 (141)
06-19 10:27:34.924  4323  4323 I HoneySpace.FloatingAnimator: [Player:A(34.894)] container x: 28.949005, y: 61.65011, scale : 0.944261
06-19 10:27:34.924 21036 21036 I HBD     : f needOff = true , isForceOff = false, isNullInputClass : true 
06-19 10:27:34.924  4323  4323 I HoneySpace.FloatingAnimator: [Player:A(34.894)] container x: 30.52597, y: 61.65011, scale : 0.9442609
06-19 10:27:34.924 21036 21036 I HBD     : f update cached prediction status : false 
06-19 10:27:34.924 21036 21036 I HBD     : h getDefaultInputRange : UNKNOWN 
06-19 10:27:34.924 21036 21036 I HBD     : a currentState : 0 
06-19 10:27:34.924 21036 21036 I HBD     : a [UpdatePolicy] [post] a: 0 cl: 65537 kit: [0/0] vt: 0 ir: 1 
06-19 10:27:34.925  4323  7130 I VRI[LauncherActivity]@6215e88: mWNT: t=0xb40000767139d750 mBlastBufferQueue=0xb4000076015602b0 fn= 1125 HdrRenderState mRenderHdrSdrRatio=1.0 caller= com.android.systemui.shared.launcher.ViewRootImplCompat.mergeWithNextTransaction:4 com.honeyspace.transition.utils.SurfaceTransactionApplier.scheduleApply$lambda$1:16 com.honeyspace.transition.utils.SurfaceTransactionApplier.b:0 
06-19 10:27:34.925  4323  7130 I VRI[LauncherActivity]@6215e88: mWNT: t=0xb4000076713a6890 mBlastBufferQueue=0xb4000076015602b0 fn= 1125 HdrRenderState mRenderHdrSdrRatio=1.0 caller= com.android.systemui.shared.launcher.ViewRootImplCompat.mergeWithNextTransaction:4 com.honeyspace.transition.utils.SurfaceTransactionApplier.scheduleApply$lambda$1:16 com.honeyspace.transition.utils.SurfaceTransactionApplier.b:0 
06-19 10:27:34.925  4323  7130 I VRI[LauncherActivity]@6215e88: mWNT: t=0xb4000076713a66d0 mBlastBufferQueue=0xb4000076015602b0 fn= 1125 HdrRenderState mRenderHdrSdrRatio=1.0 caller= com.android.systemui.shared.launcher.ViewRootImplCompat.mergeWithNextTransaction:4 com.honeyspace.transition.utils.SurfaceTransactionApplier.scheduleApply$lambda$1:16 com.honeyspace.transition.utils.SurfaceTransactionApplier.b:0 
06-19 10:27:34.926  2028  2028 D SurfaceFlinger: Display 4630947232161729154 HWC layers:
06-19 10:27:34.926  2028  2028 D SurfaceFlinger:        CLIENT |           16376710299656 | 00000100 | RGBA_8888    |  125.0  270.0  955.0 2070.0 |    0    0 1080 2340 | Wallpaper BBQ wrapper 5_system#100 (1)
06-19 10:27:34.926  2028  2028 D SurfaceFlinger:        DEVICE |           18567143620756 | 00002100 | RGBA_8888    |    0.0    0.0 1080.0 2340.0 |    0    0 1080 2340 | com.sec.android.app.launcher/com.sec[...]ctivities.LauncherActivity$_4323#405 (blurRegions) (1124)
06-19 10:27:34.926  2028  2028 D SurfaceFlinger:        DEVICE |           16376710312187 | 00002100 | RGBA_8888    |    0.0    0.0 1080.0   81.0 |    0    0 1080   81 | StatusBar$_3813#116 (687)
06-19 10:27:34.926  2028  2028 D SurfaceFlinger:        DEVICE |           18567143620752 | 00002100 | RGBA_8888    |    0.0    0.0   67.0  318.0 | 1013  441 1080  759 | com.sec.android.app.launcher/com.sam[...]nel.app.CocktailBarService$_4323#403 (1)
06-19 10:27:34.926  2028  2028 D SurfaceFlinger:        DEVICE |           16376710312148 | 00002100 | RGBA_8888    |    0.0    0.0 1080.0  144.0 |    0 2196 1080 2340 | NavigationBar0$_3813#114 (669)
06-19 10:27:34.926  2028  2028 D SurfaceFlinger: 
06-19 10:27:34.931  2028  2028 I SurfaceFlinger: destroyed Splash Screen com.ESC.sobersight$_3813#647 form LifecycleManager
06-19 10:27:34.932  2028  2028 I SurfaceFlinger: id=647 onLayerDestroyed from LayerHierarchyBuilder(RequestedLayerState{Splash Screen com.ESC.sobersight$_3813#647 !handle})
06-19 10:27:34.932  4323  4323 I HoneySpace.FloatingAnimator: [Player:A(34.894)] container x: 30.52597, y: 76.14675, scale : 0.9442609
06-19 10:27:34.932  4323  4323 I HoneySpace.FloatingAnimator: [Player:A(34.894)] container x: 50.06375, y: 105.11224, scale : 0.9059805
06-19 10:27:34.932  2028  2028 I Layer   : id=647 Destroyed Splash Screen com.ESC.sobersight$_3813#647
06-19 10:27:34.932  4323  4323 I HoneySpace.FloatingAnimator: [Player:A(34.894)] container x: 52.762115, y: 105.11224, scale : 0.9059805
06-19 10:27:34.933  4323  7129 I VRI[LauncherActivity]@6215e88: mWNT: t=0xb400007671424190 mBlastBufferQueue=0xb4000076015602b0 fn= 1126 HdrRenderState mRenderHdrSdrRatio=1.0 caller= com.android.systemui.shared.launcher.ViewRootImplCompat.mergeWithNextTransaction:4 com.honeyspace.transition.utils.SurfaceTransactionApplier.scheduleApply$lambda$1:16 com.honeyspace.transition.utils.SurfaceTransactionApplier.b:0 
06-19 10:27:34.933 21036 21036 I HBD     : a [NRIC] resetNoResponseState 
06-19 10:27:34.933 21036 21036 I HBD     : f needOff = true , isForceOff = false, isNullInputClass : true 
06-19 10:27:34.933 21036 21036 I HBD     : f update cached prediction status : false 
06-19 10:27:34.933 21036 21036 I HBD     : b [AiWriter] setContact : com.sec.android.app.launcher
06-19 10:27:34.933  4323  7129 I VRI[LauncherActivity]@6215e88: mWNT: t=0xb4000076713a7a10 mBlastBufferQueue=0xb4000076015602b0 fn= 1126 HdrRenderState mRenderHdrSdrRatio=1.0 caller= com.android.systemui.shared.launcher.ViewRootImplCompat.mergeWithNextTransaction:4 com.honeyspace.transition.utils.SurfaceTransactionApplier.scheduleApply$lambda$1:16 com.honeyspace.transition.utils.SurfaceTransactionApplier.b:0 
06-19 10:27:34.933  4323  7129 I VRI[LauncherActivity]@6215e88: mWNT: t=0xb40000767139ff90 mBlastBufferQueue=0xb4000076015602b0 fn= 1126 HdrRenderState mRenderHdrSdrRatio=1.0 caller= com.android.systemui.shared.launcher.ViewRootImplCompat.mergeWithNextTransaction:4 com.honeyspace.transition.utils.SurfaceTransactionApplier.scheduleApply$lambda$1:16 com.honeyspace.transition.utils.SurfaceTransactionApplier.b:0 
06-19 10:27:34.934 21036 21036 I HBD     : HoneyBoardService [PF_OP][onStartInput]  12 ms 
06-19 10:27:34.940  4323  4323 I HoneySpace.FloatingAnimator: [Player:A(34.894)] container x: 52.762115, y: 120.345764, scale : 0.9059805
06-19 10:27:34.940  4323  4323 I HoneySpace.FloatingAnimator: [Player:A(34.894)] container x: 72.36209, y: 149.27194, scale : 0.867756
06-19 10:27:34.941  4323  4323 I HoneySpace.FloatingAnimator: [Player:A(34.894)] container x: 75.43765, y: 149.27194, scale : 0.867756
06-19 10:27:34.942  4323  7130 I VRI[LauncherActivity]@6215e88: mWNT: t=0xb4000076713a5c50 mBlastBufferQueue=0xb4000076015602b0 fn= 1127 HdrRenderState mRenderHdrSdrRatio=1.0 caller= com.android.systemui.shared.launcher.ViewRootImplCompat.mergeWithNextTransaction:4 com.honeyspace.transition.utils.SurfaceTransactionApplier.scheduleApply$lambda$1:16 com.honeyspace.transition.utils.SurfaceTransactionApplier.b:0 
06-19 10:27:34.942  4323  7130 I VRI[LauncherActivity]@6215e88: mWNT: t=0xb4000076713a6190 mBlastBufferQueue=0xb4000076015602b0 fn= 1127 HdrRenderState mRenderHdrSdrRatio=1.0 caller= com.android.systemui.shared.launcher.ViewRootImplCompat.mergeWithNextTransaction:4 com.honeyspace.transition.utils.SurfaceTransactionApplier.scheduleApply$lambda$1:16 com.honeyspace.transition.utils.SurfaceTransactionApplier.b:0 
06-19 10:27:34.942  4323  7130 I VRI[LauncherActivity]@6215e88: mWNT: t=0xb40000767136de10 mBlastBufferQueue=0xb4000076015602b0 fn= 1127 HdrRenderState mRenderHdrSdrRatio=1.0 caller= com.android.systemui.shared.launcher.ViewRootImplCompat.mergeWithNextTransaction:4 com.honeyspace.transition.utils.SurfaceTransactionApplier.scheduleApply$lambda$1:16 com.honeyspace.transition.utils.SurfaceTransactionApplier.b:0 
06-19 10:27:34.949  4323  4323 I HoneySpace.FloatingAnimator: [Player:A(34.894)] container x: 75.43765, y: 166.2537, scale : 0.867756
06-19 10:27:34.949  4323  4323 I HoneySpace.FloatingAnimator: [Player:A(34.894)] container x: 96.36145, y: 197.00471, scale : 0.8271459
06-19 10:27:34.949  4323  4323 I HoneySpace.FloatingAnimator: [Player:A(34.894)] container x: 99.952515, y: 197.00471, scale : 0.8271459
06-19 10:27:34.950  4323  7129 I VRI[LauncherActivity]@6215e88: mWNT: t=0xb40000767139ee10 mBlastBufferQueue=0xb4000076015602b0 fn= 1128 HdrRenderState mRenderHdrSdrRatio=1.0 caller= com.android.systemui.shared.launcher.ViewRootImplCompat.mergeWithNextTransaction:4 com.honeyspace.transition.utils.SurfaceTransactionApplier.scheduleApply$lambda$1:16 com.honeyspace.transition.utils.SurfaceTransactionApplier.b:0 
06-19 10:27:34.950  4323  7129 I VRI[LauncherActivity]@6215e88: mWNT: t=0xb40000767141a090 mBlastBufferQueue=0xb4000076015602b0 fn= 1128 HdrRenderState mRenderHdrSdrRatio=1.0 caller= com.android.systemui.shared.launcher.ViewRootImplCompat.mergeWithNextTransaction:4 com.honeyspace.transition.utils.SurfaceTransactionApplier.scheduleApply$lambda$1:16 com.honeyspace.transition.utils.SurfaceTransactionApplier.b:0 
06-19 10:27:34.950  4323  7129 I VRI[LauncherActivity]@6215e88: mWNT: t=0xb4000076713c0910 mBlastBufferQueue=0xb4000076015602b0 fn= 1128 HdrRenderState mRenderHdrSdrRatio=1.0 caller= com.android.systemui.shared.launcher.ViewRootImplCompat.mergeWithNextTransaction:4 com.honeyspace.transition.utils.SurfaceTransactionApplier.scheduleApply$lambda$1:16 com.honeyspace.transition.utils.SurfaceTransactionApplier.b:0 
06-19 10:27:34.957  4323  4323 I HoneySpace.FloatingAnimator: [Player:A(34.894)] container x: 99.952515, y: 217.71236, scale : 0.8271459
06-19 10:27:34.957  4323  4323 I HoneySpace.FloatingAnimator: [Player:A(34.894)] container x: 124.333954, y: 253.36182, scale : 0.780081
06-19 10:27:34.957  4323  4323 I HoneySpace.FloatingAnimator: [Player:A(34.894)] container x: 128.86118, y: 253.36182, scale : 0.780081
06-19 10:27:34.958  4323  7130 I VRI[LauncherActivity]@6215e88: mWNT: t=0xb4000076713a7690 mBlastBufferQueue=0xb4000076015602b0 fn= 1129 HdrRenderState mRenderHdrSdrRatio=1.0 caller= com.android.systemui.shared.launcher.ViewRootImplCompat.mergeWithNextTransaction:4 com.honeyspace.transition.utils.SurfaceTransactionApplier.scheduleApply$lambda$1:16 com.honeyspace.transition.utils.SurfaceTransactionApplier.b:0 
06-19 10:27:34.959  4323  7130 I VRI[LauncherActivity]@6215e88: mWNT: t=0xb400007671343e10 mBlastBufferQueue=0xb4000076015602b0 fn= 1129 HdrRenderState mRenderHdrSdrRatio=1.0 caller= com.android.systemui.shared.launcher.ViewRootImplCompat.mergeWithNextTransaction:4 com.honeyspace.transition.utils.SurfaceTransactionApplier.scheduleApply$lambda$1:16 com.honeyspace.transition.utils.SurfaceTransactionApplier.b:0 
06-19 10:27:34.959  4323  7130 I VRI[LauncherActivity]@6215e88: mWNT: t=0xb4000076713eed50 mBlastBufferQueue=0xb4000076015602b0 fn= 1129 HdrRenderState mRenderHdrSdrRatio=1.0 caller= com.android.systemui.shared.launcher.ViewRootImplCompat.mergeWithNextTransaction:4 com.honeyspace.transition.utils.SurfaceTransactionApplier.scheduleApply$lambda$1:16 com.honeyspace.transition.utils.SurfaceTransactionApplier.b:0 
06-19 10:27:34.965  4323  4323 I HoneySpace.FloatingAnimator: [Player:A(34.894)] container x: 128.86118, y: 272.8125, scale : 0.780081
06-19 10:27:34.965  4323  4323 I HoneySpace.FloatingAnimator: [Player:A(34.894)] container x: 150.76062, y: 304.71564, scale : 0.738042
06-19 10:27:34.966  4323  4323 I HoneySpace.FloatingAnimator: [Player:A(34.894)] container x: 155.11646, y: 304.71564, scale : 0.738042
06-19 10:27:34.967  4323  7129 I VRI[LauncherActivity]@6215e88: mWNT: t=0xb4000076713a8b90 mBlastBufferQueue=0xb4000076015602b0 fn= 1130 HdrRenderState mRenderHdrSdrRatio=1.0 caller= com.android.systemui.shared.launcher.ViewRootImplCompat.mergeWithNextTransaction:4 com.honeyspace.transition.utils.SurfaceTransactionApplier.scheduleApply$lambda$1:16 com.honeyspace.transition.utils.SurfaceTransactionApplier.b:0 
06-19 10:27:34.967  4323  7129 I VRI[LauncherActivity]@6215e88: mWNT: t=0xb40000767142e0d0 mBlastBufferQueue=0xb4000076015602b0 fn= 1130 HdrRenderState mRenderHdrSdrRatio=1.0 caller= com.android.systemui.shared.launcher.ViewRootImplCompat.mergeWithNextTransaction:4 com.honeyspace.transition.utils.SurfaceTransactionApplier.scheduleApply$lambda$1:16 com.honeyspace.transition.utils.SurfaceTransactionApplier.b:0 
06-19 10:27:34.967  4323  7129 I VRI[LauncherActivity]@6215e88: mWNT: t=0xb40000767137f450 mBlastBufferQueue=0xb4000076015602b0 fn= 1130 HdrRenderState mRenderHdrSdrRatio=1.0 caller= com.android.systemui.shared.launcher.ViewRootImplCompat.mergeWithNextTransaction:4 com.honeyspace.transition.utils.SurfaceTransactionApplier.scheduleApply$lambda$1:16 com.honeyspace.transition.utils.SurfaceTransactionApplier.b:0 
06-19 10:27:34.974  4323  4323 I HoneySpace.FloatingAnimator: [Player:A(34.894)] container x: 155.11646, y: 324.83435, scale : 0.738042
06-19 10:27:34.974  4323  4323 I HoneySpace.FloatingAnimator: [Player:A(34.894)] container x: 176.84607, y: 356.272, scale : 0.6965487
06-19 10:27:34.974  4323  4323 I HoneySpace.FloatingAnimator: [Player:A(34.894)] container x: 181.42987, y: 356.272, scale : 0.6965487
06-19 10:27:34.976  4323  7130 I VRI[LauncherActivity]@6215e88: mWNT: t=0xb4000076713b3710 mBlastBufferQueue=0xb4000076015602b0 fn= 1131 HdrRenderState mRenderHdrSdrRatio=1.0 caller= com.android.systemui.shared.launcher.ViewRootImplCompat.mergeWithNextTransaction:4 com.honeyspace.transition.utils.SurfaceTransactionApplier.scheduleApply$lambda$1:16 com.honeyspace.transition.utils.SurfaceTransactionApplier.b:0 
06-19 10:27:34.976  4323  7130 I VRI[LauncherActivity]@6215e88: mWNT: t=0xb400007671380950 mBlastBufferQueue=0xb4000076015602b0 fn= 1131 HdrRenderState mRenderHdrSdrRatio=1.0 caller= com.android.systemui.shared.launcher.ViewRootImplCompat.mergeWithNextTransaction:4 com.honeyspace.transition.utils.SurfaceTransactionApplier.scheduleApply$lambda$1:16 com.honeyspace.transition.utils.SurfaceTransactionApplier.b:0 
06-19 10:27:34.976  4323  7130 I VRI[LauncherActivity]@6215e88: mWNT: t=0xb40000767137da10 mBlastBufferQueue=0xb4000076015602b0 fn= 1131 HdrRenderState mRenderHdrSdrRatio=1.0 caller= com.android.systemui.shared.launcher.ViewRootImplCompat.mergeWithNextTransaction:4 com.honeyspace.transition.utils.SurfaceTransactionApplier.scheduleApply$lambda$1:16 com.honeyspace.transition.utils.SurfaceTransactionApplier.b:0 
06-19 10:27:34.982  4323  4323 I HoneySpace.FloatingAnimator: [Player:A(34.894)] container x: 181.42987, y: 379.37802, scale : 0.6965487
06-19 10:27:34.982  4323  4323 I HoneySpace.FloatingAnimator: [Player:A(34.894)] container x: 205.32361, y: 413.76633, scale : 0.6511753
06-19 10:27:34.982  4323  4323 I HoneySpace.FloatingAnimator: [Player:A(34.894)] container x: 210.6651, y: 413.76633, scale : 0.6511753
06-19 10:27:34.983  2771  3551 D WifiStaIfaceHidlImpl: getCachedScanData is not implemented by HIDL
06-19 10:27:34.983  4323  7129 I VRI[LauncherActivity]@6215e88: mWNT: t=0xb400007671386ed0 mBlastBufferQueue=0xb4000076015602b0 fn= 1132 HdrRenderState mRenderHdrSdrRatio=1.0 caller= com.android.systemui.shared.launcher.ViewRootImplCompat.mergeWithNextTransaction:4 com.honeyspace.transition.utils.SurfaceTransactionApplier.scheduleApply$lambda$1:16 com.honeyspace.transition.utils.SurfaceTransactionApplier.b:0 
06-19 10:27:34.984  4323  7129 I VRI[LauncherActivity]@6215e88: mWNT: t=0xb4000076713acc50 mBlastBufferQueue=0xb4000076015602b0 fn= 1132 HdrRenderState mRenderHdrSdrRatio=1.0 caller= com.android.systemui.shared.launcher.ViewRootImplCompat.mergeWithNextTransaction:4 com.honeyspace.transition.utils.SurfaceTransactionApplier.scheduleApply$lambda$1:16 com.honeyspace.transition.utils.SurfaceTransactionApplier.b:0 
06-19 10:27:34.984  4323  7129 I VRI[LauncherActivity]@6215e88: mWNT: t=0xb4000076713a6f90 mBlastBufferQueue=0xb4000076015602b0 fn= 1132 HdrRenderState mRenderHdrSdrRatio=1.0 caller= com.android.systemui.shared.launcher.ViewRootImplCompat.mergeWithNextTransaction:4 com.honeyspace.transition.utils.SurfaceTransactionApplier.scheduleApply$lambda$1:16 com.honeyspace.transition.utils.SurfaceTransactionApplier.b:0 
06-19 10:27:34.990  2771  5645 D SemWifiUsabilityStatsMonitor: onWifiUsabilityStats - seqNum 213, isSameBssidAndFreq true
06-19 10:27:34.990  4323  4323 I HoneySpace.FloatingAnimator: [Player:A(34.894)] container x: 210.6651, y: 434.47446, scale : 0.6511753
06-19 10:27:34.991  4323  4323 I HoneySpace.FloatingAnimator: [Player:A(34.894)] container x: 231.18057, y: 463.8458, scale : 0.61242837
06-19 10:27:34.991  4323  4323 I HoneySpace.FloatingAnimator: [Player:A(34.894)] container x: 236.02481, y: 463.8458, scale : 0.61242837
06-19 10:27:34.992  4323  7130 I VRI[LauncherActivity]@6215e88: mWNT: t=0xb40000767137ba90 mBlastBufferQueue=0xb4000076015602b0 fn= 1133 HdrRenderState mRenderHdrSdrRatio=1.0 caller= com.android.systemui.shared.launcher.ViewRootImplCompat.mergeWithNextTransaction:4 com.honeyspace.transition.utils.SurfaceTransactionApplier.scheduleApply$lambda$1:16 com.honeyspace.transition.utils.SurfaceTransactionApplier.b:0 
06-19 10:27:34.992  4323  7130 I VRI[LauncherActivity]@6215e88: mWNT: t=0xb4000076713a2290 mBlastBufferQueue=0xb4000076015602b0 fn= 1133 HdrRenderState mRenderHdrSdrRatio=1.0 caller= com.android.systemui.shared.launcher.ViewRootImplCompat.mergeWithNextTransaction:4 com.honeyspace.transition.utils.SurfaceTransactionApplier.scheduleApply$lambda$1:16 com.honeyspace.transition.utils.SurfaceTransactionApplier.b:0 
06-19 10:27:34.992  4323  7130 I VRI[LauncherActivity]@6215e88: mWNT: t=0xb4000076713ae310 mBlastBufferQueue=0xb4000076015602b0 fn= 1133 HdrRenderState mRenderHdrSdrRatio=1.0 caller= com.android.systemui.shared.launcher.ViewRootImplCompat.mergeWithNextTransaction:4 com.honeyspace.transition.utils.SurfaceTransactionApplier.scheduleApply$lambda$1:16 com.honeyspace.transition.utils.SurfaceTransactionApplier.b:0 
06-19 10:27:34.993  2771  3574 V MdnieScenarioControlService: mAclOffEnabled : false
06-19 10:27:34.997  3813  3888 D Tile.WifiTile: handleUpdateState isTransient=false transientEnabling =false cb.isTransient=false state.state = 2 mStateBeforeClick.value =false enabled =true
06-19 10:27:34.999  4323  4323 I HoneySpace.FloatingAnimator: [Player:A(34.894)] container x: 236.02481, y: 484.06433, scale : 0.61242837
06-19 10:27:34.999  4323  4323 I HoneySpace.FloatingAnimator: [Player:A(34.894)] container x: 255.70056, y: 511.80746, scale : 0.5754503
06-19 10:27:34.999  4323  4323 I HoneySpace.FloatingAnimator: [Player:A(34.894)] container x: 260.58008, y: 511.80746, scale : 0.5754503
06-19 10:27:35.000  4323  7129 I VRI[LauncherActivity]@6215e88: mWNT: t=0xb400007671378450 mBlastBufferQueue=0xb4000076015602b0 fn= 1134 HdrRenderState mRenderHdrSdrRatio=1.0 caller= com.android.systemui.shared.launcher.ViewRootImplCompat.mergeWithNextTransaction:4 com.honeyspace.transition.utils.SurfaceTransactionApplier.scheduleApply$lambda$1:16 com.honeyspace.transition.utils.SurfaceTransactionApplier.b:0 
06-19 10:27:35.000  4323  7129 I VRI[LauncherActivity]@6215e88: mWNT: t=0xb4000076713ad6d0 mBlastBufferQueue=0xb4000076015602b0 fn= 1134 HdrRenderState mRenderHdrSdrRatio=1.0 caller= com.android.systemui.shared.launcher.ViewRootImplCompat.mergeWithNextTransaction:4 com.honeyspace.transition.utils.SurfaceTransactionApplier.scheduleApply$lambda$1:16 com.honeyspace.transition.utils.SurfaceTransactionApplier.b:0 
06-19 10:27:35.000  4323  7129 I VRI[LauncherActivity]@6215e88: mWNT: t=0xb4000076713454d0 mBlastBufferQueue=0xb4000076015602b0 fn= 1134 HdrRenderState mRenderHdrSdrRatio=1.0 caller= com.android.systemui.shared.launcher.ViewRootImplCompat.mergeWithNextTransaction:4 com.honeyspace.transition.utils.SurfaceTransactionApplier.scheduleApply$lambda$1:16 com.honeyspace.transition.utils.SurfaceTransactionApplier.b:0 
06-19 10:27:35.007  3813  3813 D QSClock : onDarkChanged tint=WHITE
06-19 10:27:35.007  4323  4323 I HoneySpace.FloatingAnimator: [Player:A(34.894)] container x: 260.58008, y: 534.7997, scale : 0.57661587
06-19 10:27:35.007  4323  4323 I HoneySpace.FloatingAnimator: [Player:A(34.894)] container x: 281.5819, y: 564.18097, scale : 0.5373707
06-19 10:27:35.007  4323  4323 I HoneySpace.FloatingAnimator: [Player:A(34.894)] container x: 287.05707, y: 564.18097, scale : 0.5373707
06-19 10:27:35.008  4323  7130 I VRI[LauncherActivity]@6215e88: mWNT: t=0xb400007671416510 mBlastBufferQueue=0xb4000076015602b0 fn= 1135 HdrRenderState mRenderHdrSdrRatio=1.0 caller= com.android.systemui.shared.launcher.ViewRootImplCompat.mergeWithNextTransaction:4 com.honeyspace.transition.utils.SurfaceTransactionApplier.scheduleApply$lambda$1:16 com.honeyspace.transition.utils.SurfaceTransactionApplier.b:0 
06-19 10:27:35.008  4323  7130 I VRI[LauncherActivity]@6215e88: mWNT: t=0xb4000076713abad0 mBlastBufferQueue=0xb4000076015602b0 fn= 1135 HdrRenderState mRenderHdrSdrRatio=1.0 caller= com.android.systemui.shared.launcher.ViewRootImplCompat.mergeWithNextTransaction:4 com.honeyspace.transition.utils.SurfaceTransactionApplier.scheduleApply$lambda$1:16 com.honeyspace.transition.utils.SurfaceTransactionApplier.b:0 
06-19 10:27:35.008  4323  7130 I VRI[LauncherActivity]@6215e88: mWNT: t=0xb4000076713aa410 mBlastBufferQueue=0xb4000076015602b0 fn= 1135 HdrRenderState mRenderHdrSdrRatio=1.0 caller= com.android.systemui.shared.launcher.ViewRootImplCompat.mergeWithNextTransaction:4 com.honeyspace.transition.utils.SurfaceTransactionApplier.scheduleApply$lambda$1:16 com.honeyspace.transition.utils.SurfaceTransactionApplier.b:0 
06-19 10:27:35.016  4323  4323 I HoneySpace.FloatingAnimator: [Player:A(34.894)] container x: 287.05707, y: 584.2379, scale : 0.5373707
06-19 10:27:35.016  4323  4323 I HoneySpace.FloatingAnimator: [Player:A(34.894)] container x: 304.64438, y: 608.84235, scale : 0.504652
06-19 10:27:35.016  4323  4323 I HoneySpace.FloatingAnimator: [Player:A(34.894)] container x: 309.45584, y: 608.84235, scale : 0.50465226
06-19 10:27:35.017  4323  7129 I VRI[LauncherActivity]@6215e88: mWNT: t=0xb4000076713a3cd0 mBlastBufferQueue=0xb4000076015602b0 fn= 1136 HdrRenderState mRenderHdrSdrRatio=1.0 caller= com.android.systemui.shared.launcher.ViewRootImplCompat.mergeWithNextTransaction:4 com.honeyspace.transition.utils.SurfaceTransactionApplier.scheduleApply$lambda$1:16 com.honeyspace.transition.utils.SurfaceTransactionApplier.b:0 
06-19 10:27:35.017  4323  7129 I VRI[LauncherActivity]@6215e88: mWNT: t=0xb4000076713b3550 mBlastBufferQueue=0xb4000076015602b0 fn= 1136 HdrRenderState mRenderHdrSdrRatio=1.0 caller= com.android.systemui.shared.launcher.ViewRootImplCompat.mergeWithNextTransaction:4 com.honeyspace.transition.utils.SurfaceTransactionApplier.scheduleApply$lambda$1:16 com.honeyspace.transition.utils.SurfaceTransactionApplier.b:0 
06-19 10:27:35.017  4323  7129 I VRI[LauncherActivity]@6215e88: mWNT: t=0xb4000076713ab910 mBlastBufferQueue=0xb4000076015602b0 fn= 1136 HdrRenderState mRenderHdrSdrRatio=1.0 caller= com.android.systemui.shared.launcher.ViewRootImplCompat.mergeWithNextTransaction:4 com.honeyspace.transition.utils.SurfaceTransactionApplier.scheduleApply$lambda$1:16 com.honeyspace.transition.utils.SurfaceTransactionApplier.b:0 
06-19 10:27:35.024  4323  4323 I HoneySpace.FloatingAnimator: [Player:A(34.894)] container x: 309.45584, y: 630.8305, scale : 0.50585634
06-19 10:27:35.024  4323  4323 I HoneySpace.FloatingAnimator: [Player:A(34.894)] container x: 327.97977, y: 656.7453, scale : 0.4715403
06-19 10:27:35.024  4323  4323 I HoneySpace.FloatingAnimator: [Player:A(34.894)] container x: 333.28873, y: 656.7453, scale : 0.4715403
06-19 10:27:35.026  4323  7130 I VRI[LauncherActivity]@6215e88: mWNT: t=0xb4000076713b9750 mBlastBufferQueue=0xb4000076015602b0 fn= 1137 HdrRenderState mRenderHdrSdrRatio=1.0 caller= com.android.systemui.shared.launcher.ViewRootImplCompat.mergeWithNextTransaction:4 com.honeyspace.transition.utils.SurfaceTransactionApplier.scheduleApply$lambda$1:16 com.honeyspace.transition.utils.SurfaceTransactionApplier.b:0 
06-19 10:27:35.026  4323  7130 I VRI[LauncherActivity]@6215e88: mWNT: t=0xb4000076713a5550 mBlastBufferQueue=0xb4000076015602b0 fn= 1137 HdrRenderState mRenderHdrSdrRatio=1.0 caller= com.android.systemui.shared.launcher.ViewRootImplCompat.mergeWithNextTransaction:4 com.honeyspace.transition.utils.SurfaceTransactionApplier.scheduleApply$lambda$1:16 com.honeyspace.transition.utils.SurfaceTransactionApplier.b:0 
06-19 10:27:35.026  4323  7130 I VRI[LauncherActivity]@6215e88: mWNT: t=0xb4000076713ad890 mBlastBufferQueue=0xb4000076015602b0 fn= 1137 HdrRenderState mRenderHdrSdrRatio=1.0 caller= com.android.systemui.shared.launcher.ViewRootImplCompat.mergeWithNextTransaction:4 com.honeyspace.transition.utils.SurfaceTransactionApplier.scheduleApply$lambda$1:16 com.honeyspace.transition.utils.SurfaceTransactionApplier.b:0 
06-19 10:27:35.032  4323  4323 I HoneySpace.FloatingAnimator: [Player:A(34.894)] container x: 333.28873, y: 675.676, scale : 0.47274545
06-19 10:27:35.032  4323  4323 I HoneySpace.FloatingAnimator: [Player:A(34.894)] container x: 348.62106, y: 696.8948, scale : 0.44443712
06-19 10:27:35.033  4323  4323 I HoneySpace.FloatingAnimator: [Player:A(34.894)] container x: 353.21835, y: 696.8948, scale : 0.44443712
06-19 10:27:35.034  4323  7129 I VRI[LauncherActivity]@6215e88: mWNT: t=0xb4000076713a6dd0 mBlastBufferQueue=0xb4000076015602b0 fn= 1138 HdrRenderState mRenderHdrSdrRatio=1.0 caller= com.android.systemui.shared.launcher.ViewRootImplCompat.mergeWithNextTransaction:4 com.honeyspace.transition.utils.SurfaceTransactionApplier.scheduleApply$lambda$1:16 com.honeyspace.transition.utils.SurfaceTransactionApplier.b:0 
06-19 10:27:35.034  4323  7129 I VRI[LauncherActivity]@6215e88: mWNT: t=0xb40000767140d910 mBlastBufferQueue=0xb4000076015602b0 fn= 1138 HdrRenderState mRenderHdrSdrRatio=1.0 caller= com.android.systemui.shared.launcher.ViewRootImplCompat.mergeWithNextTransaction:4 com.honeyspace.transition.utils.SurfaceTransactionApplier.scheduleApply$lambda$1:16 com.honeyspace.transition.utils.SurfaceTransactionApplier.b:0 
06-19 10:27:35.034  4323  7129 I VRI[LauncherActivity]@6215e88: mWNT: t=0xb4000076713a43d0 mBlastBufferQueue=0xb4000076015602b0 fn= 1138 HdrRenderState mRenderHdrSdrRatio=1.0 caller= com.android.systemui.shared.launcher.ViewRootImplCompat.mergeWithNextTransaction:4 com.honeyspace.transition.utils.SurfaceTransactionApplier.scheduleApply$lambda$1:16 com.honeyspace.transition.utils.SurfaceTransactionApplier.b:0 
06-19 10:27:35.041  4323  4323 I HoneySpace.FloatingAnimator: [Player:A(34.894)] container x: 353.21835, y: 715.1704, scale : 0.44443712
06-19 10:27:35.041  4323  4323 I HoneySpace.FloatingAnimator: [Player:A(34.894)] container x: 367.4922, y: 734.5251, scale : 0.41816017
06-19 10:27:35.041  4323  4323 I HoneySpace.FloatingAnimator: [Player:A(34.894)] container x: 371.95233, y: 734.5251, scale : 0.41816017
06-19 10:27:35.042  4323  7130 I VRI[LauncherActivity]@6215e88: mWNT: t=0xb4000076713ab050 mBlastBufferQueue=0xb4000076015602b0 fn= 1139 HdrRenderState mRenderHdrSdrRatio=1.0 caller= com.android.systemui.shared.launcher.ViewRootImplCompat.mergeWithNextTransaction:4 com.honeyspace.transition.utils.SurfaceTransactionApplier.scheduleApply$lambda$1:16 com.honeyspace.transition.utils.SurfaceTransactionApplier.b:0 
06-19 10:27:35.042  4323  7130 I VRI[LauncherActivity]@6215e88: mWNT: t=0xb400007671345a10 mBlastBufferQueue=0xb4000076015602b0 fn= 1139 HdrRenderState mRenderHdrSdrRatio=1.0 caller= com.android.systemui.shared.launcher.ViewRootImplCompat.mergeWithNextTransaction:4 com.honeyspace.transition.utils.SurfaceTransactionApplier.scheduleApply$lambda$1:16 com.honeyspace.transition.utils.SurfaceTransactionApplier.b:0 
06-19 10:27:35.043  4323  7130 I VRI[LauncherActivity]@6215e88: mWNT: t=0xb4000076713717d0 mBlastBufferQueue=0xb4000076015602b0 fn= 1139 HdrRenderState mRenderHdrSdrRatio=1.0 caller= com.android.systemui.shared.launcher.ViewRootImplCompat.mergeWithNextTransaction:4 com.honeyspace.transition.utils.SurfaceTransactionApplier.scheduleApply$lambda$1:16 com.honeyspace.transition.utils.SurfaceTransactionApplier.b:0 
06-19 10:27:35.050  4323  4323 I HoneySpace.FloatingAnimator: [Player:A(34.894)] container x: 371.95233, y: 754.2312, scale : 0.41934344
06-19 10:27:35.050  4323  4323 I HoneySpace.FloatingAnimator: [Player:A(34.894)] container x: 386.77304, y: 774.3275, scale : 0.3921163
06-19 10:27:35.050  4323  4323 I HoneySpace.FloatingAnimator: [Player:A(34.894)] container x: 391.60544, y: 774.3275, scale : 0.3921163
06-19 10:27:35.051  4323  7129 I VRI[LauncherActivity]@6215e88: mWNT: t=0xb4000076713a5390 mBlastBufferQueue=0xb4000076015602b0 fn= 1140 HdrRenderState mRenderHdrSdrRatio=1.0 caller= com.android.systemui.shared.launcher.ViewRootImplCompat.mergeWithNextTransaction:4 com.honeyspace.transition.utils.SurfaceTransactionApplier.scheduleApply$lambda$1:16 com.honeyspace.transition.utils.SurfaceTransactionApplier.b:0 
06-19 10:27:35.051  4323  7129 I VRI[LauncherActivity]@6215e88: mWNT: t=0xb4000076713b2e50 mBlastBufferQueue=0xb4000076015602b0 fn= 1140 HdrRenderState mRenderHdrSdrRatio=1.0 caller= com.android.systemui.shared.launcher.ViewRootImplCompat.mergeWithNextTransaction:4 com.honeyspace.transition.utils.SurfaceTransactionApplier.scheduleApply$lambda$1:16 com.honeyspace.transition.utils.SurfaceTransactionApplier.b:0 
06-19 10:27:35.051  4323  7129 I VRI[LauncherActivity]@6215e88: mWNT: t=0xb4000076713a58d0 mBlastBufferQueue=0xb4000076015602b0 fn= 1140 HdrRenderState mRenderHdrSdrRatio=1.0 caller= com.android.systemui.shared.launcher.ViewRootImplCompat.mergeWithNextTransaction:4 com.honeyspace.transition.utils.SurfaceTransactionApplier.scheduleApply$lambda$1:16 com.honeyspace.transition.utils.SurfaceTransactionApplier.b:0 
06-19 10:27:35.052  1135  1135 D io_stats: !@   8,0 r 844032 33391025 w 302328 8877688 d 99236 11705328 f 0 35116 iot 465648 0 th 0 0 0 pt 0 inp 0 0 3069.899
06-19 10:27:35.057  4323  4323 I HoneySpace.FloatingAnimator: [Player:A(34.894)] container x: 391.60544, y: 790.3217, scale : 0.3921163
06-19 10:27:35.058  4323  4323 I HoneySpace.FloatingAnimator: [Player:A(34.894)] container x: 403.71616, y: 806.34357, scale : 0.36992162
06-19 10:27:35.058  4323  4323 I HoneySpace.FloatingAnimator: [Player:A(34.894)] container x: 407.83218, y: 806.34357, scale : 0.36992168
06-19 10:27:35.059  4323  7130 I VRI[LauncherActivity]@6215e88: mWNT: t=0xb4000076713afb90 mBlastBufferQueue=0xb4000076015602b0 fn= 1141 HdrRenderState mRenderHdrSdrRatio=1.0 caller= com.android.systemui.shared.launcher.ViewRootImplCompat.mergeWithNextTransaction:4 com.honeyspace.transition.utils.SurfaceTransactionApplier.scheduleApply$lambda$1:16 com.honeyspace.transition.utils.SurfaceTransactionApplier.b:0 
06-19 10:27:35.059  4323  7130 I VRI[LauncherActivity]@6215e88: mWNT: t=0xb4000076713a9990 mBlastBufferQueue=0xb4000076015602b0 fn= 1141 HdrRenderState mRenderHdrSdrRatio=1.0 caller= com.android.systemui.shared.launcher.ViewRootImplCompat.mergeWithNextTransaction:4 com.honeyspace.transition.utils.SurfaceTransactionApplier.scheduleApply$lambda$1:16 com.honeyspace.transition.utils.SurfaceTransactionApplier.b:0 
06-19 10:27:35.059  4323  7130 I VRI[LauncherActivity]@6215e88: mWNT: t=0xb40000767138f750 mBlastBufferQueue=0xb4000076015602b0 fn= 1141 HdrRenderState mRenderHdrSdrRatio=1.0 caller= com.android.systemui.shared.launcher.ViewRootImplCompat.mergeWithNextTransaction:4 com.honeyspace.transition.utils.SurfaceTransactionApplier.scheduleApply$lambda$1:16 com.honeyspace.transition.utils.SurfaceTransactionApplier.b:0 
06-19 10:27:35.066  4323  4323 I HoneySpace.FloatingAnimator: [Player:A(34.894)] container x: 407.83218, y: 824.1983, scale : 0.37105986
06-19 10:27:35.066  4323  4323 I HoneySpace.FloatingAnimator: [Player:A(34.894)] container x: 420.31357, y: 840.564, scale : 0.34820762
06-19 10:27:35.066  4323  4323 I HoneySpace.FloatingAnimator: [Player:A(34.894)] container x: 424.72958, y: 840.564, scale : 0.34820762
06-19 10:27:35.067  4323  7129 I VRI[LauncherActivity]@6215e88: mWNT: t=0xb4000076713d7510 mBlastBufferQueue=0xb4000076015602b0 fn= 1142 HdrRenderState mRenderHdrSdrRatio=1.0 caller= com.android.systemui.shared.launcher.ViewRootImplCompat.mergeWithNextTransaction:4 com.honeyspace.transition.utils.SurfaceTransactionApplier.scheduleApply$lambda$1:16 com.honeyspace.transition.utils.SurfaceTransactionApplier.b:0 
06-19 10:27:35.067  4323  7129 I VRI[LauncherActivity]@6215e88: mWNT: t=0xb4000076713aab10 mBlastBufferQueue=0xb4000076015602b0 fn= 1142 HdrRenderState mRenderHdrSdrRatio=1.0 caller= com.android.systemui.shared.launcher.ViewRootImplCompat.mergeWithNextTransaction:4 com.honeyspace.transition.utils.SurfaceTransactionApplier.scheduleApply$lambda$1:16 com.honeyspace.transition.utils.SurfaceTransactionApplier.b:0 
06-19 10:27:35.067  4323  7129 I VRI[LauncherActivity]@6215e88: mWNT: t=0xb4000076713e09d0 mBlastBufferQueue=0xb4000076015602b0 fn= 1142 HdrRenderState mRenderHdrSdrRatio=1.0 caller= com.android.systemui.shared.launcher.ViewRootImplCompat.mergeWithNextTransaction:4 com.honeyspace.transition.utils.SurfaceTransactionApplier.scheduleApply$lambda$1:16 com.honeyspace.transition.utils.SurfaceTransactionApplier.b:0 
06-19 10:27:35.075  4323  4323 I HoneySpace.FloatingAnimator: [Player:A(34.894)] container x: 424.72958, y: 855.5754, scale : 0.34820762
06-19 10:27:35.075  4323  4323 I HoneySpace.FloatingAnimator: [Player:A(34.894)] container x: 434.85922, y: 868.85754, scale : 0.3296953
06-19 10:27:35.075  4323  4323 I HoneySpace.FloatingAnimator: [Player:A(34.894)] container x: 438.58646, y: 868.85754, scale : 0.32969537
06-19 10:27:35.076  4323  7130 I VRI[LauncherActivity]@6215e88: mWNT: t=0xb4000076713ab210 mBlastBufferQueue=0xb4000076015602b0 fn= 1143 HdrRenderState mRenderHdrSdrRatio=1.0 caller= com.android.systemui.shared.launcher.ViewRootImplCompat.mergeWithNextTransaction:4 com.honeyspace.transition.utils.SurfaceTransactionApplier.scheduleApply$lambda$1:16 com.honeyspace.transition.utils.SurfaceTransactionApplier.b:0 
06-19 10:27:35.076  4323  7130 I VRI[LauncherActivity]@6215e88: mWNT: t=0xb400007671382e10 mBlastBufferQueue=0xb4000076015602b0 fn= 1143 HdrRenderState mRenderHdrSdrRatio=1.0 caller= com.android.systemui.shared.launcher.ViewRootImplCompat.mergeWithNextTransaction:4 com.honeyspace.transition.utils.SurfaceTransactionApplier.scheduleApply$lambda$1:16 com.honeyspace.transition.utils.SurfaceTransactionApplier.b:0 
06-19 10:27:35.076  4323  7130 I VRI[LauncherActivity]@6215e88: mWNT: t=0xb4000076713ae690 mBlastBufferQueue=0xb4000076015602b0 fn= 1143 HdrRenderState mRenderHdrSdrRatio=1.0 caller= com.android.systemui.shared.launcher.ViewRootImplCompat.mergeWithNextTransaction:4 com.honeyspace.transition.utils.SurfaceTransactionApplier.scheduleApply$lambda$1:16 com.honeyspace.transition.utils.SurfaceTransactionApplier.b:0 
06-19 10:27:35.079  1911 12001 I sensors-hal: handle_sns_std_sensor_event:311, [SSC_LIGHT] P: 224(224),m:7,c:10,b:92,c0:9872,l:210,f(r):72,u(bl):100,j:200
06-19 10:27:35.080  1911 11771 I sensors-hal: handle_sns_client_event:550, [0][19184] accel_sample [ 0.171, -0.294,  9.732] 40979285166118
06-19 10:27:35.082  4323  4323 I HoneySpace.FloatingAnimator: [Player:A(34.894)] container x: 438.58646, y: 883.0512, scale : 0.3307771
06-19 10:27:35.083  4323  4323 I HoneySpace.FloatingAnimator: [Player:A(34.894)] container x: 447.85965, y: 894.96356, scale : 0.3138288
06-19 10:27:35.083  4323  4323 I HoneySpace.FloatingAnimator: [Player:A(34.894)] container x: 451.39615, y: 894.96356, scale : 0.3138288
06-19 10:27:35.084  4323  7129 I VRI[LauncherActivity]@6215e88: mWNT: t=0xb4000076713ab590 mBlastBufferQueue=0xb4000076015602b0 fn= 1144 HdrRenderState mRenderHdrSdrRatio=1.0 caller= com.android.systemui.shared.launcher.ViewRootImplCompat.mergeWithNextTransaction:4 com.honeyspace.transition.utils.SurfaceTransactionApplier.scheduleApply$lambda$1:16 com.honeyspace.transition.utils.SurfaceTransactionApplier.b:0 
06-19 10:27:35.084  4323  7129 I VRI[LauncherActivity]@6215e88: mWNT: t=0xb400007671435450 mBlastBufferQueue=0xb4000076015602b0 fn= 1144 HdrRenderState mRenderHdrSdrRatio=1.0 caller= com.android.systemui.shared.launcher.ViewRootImplCompat.mergeWithNextTransaction:4 com.honeyspace.transition.utils.SurfaceTransactionApplier.scheduleApply$lambda$1:16 com.honeyspace.transition.utils.SurfaceTransactionApplier.b:0 
06-19 10:27:35.084  4323  7129 I VRI[LauncherActivity]@6215e88: mWNT: t=0xb4000076713acfd0 mBlastBufferQueue=0xb4000076015602b0 fn= 1144 HdrRenderState mRenderHdrSdrRatio=1.0 caller= com.android.systemui.shared.launcher.ViewRootImplCompat.mergeWithNextTransaction:4 com.honeyspace.transition.utils.SurfaceTransactionApplier.scheduleApply$lambda$1:16 com.honeyspace.transition.utils.SurfaceTransactionApplier.b:0 
06-19 10:27:35.091  4323  4323 I HoneySpace.FloatingAnimator: [Player:A(34.894)] container x: 451.39615, y: 909.95416, scale : 0.3138288
06-19 10:27:35.091  4323  4323 I HoneySpace.FloatingAnimator: [Player:A(34.894)] container x: 460.86877, y: 921.9631, scale : 0.29653943
06-19 10:27:35.091  4323  4323 I HoneySpace.FloatingAnimator: [Player:A(34.894)] container x: 464.617, y: 921.9631, scale : 0.29653943
06-19 10:27:35.092  4323  7130 I VRI[LauncherActivity]@6215e88: mWNT: t=0xb4000076713ad350 mBlastBufferQueue=0xb4000076015602b0 fn= 1145 HdrRenderState mRenderHdrSdrRatio=1.0 caller= com.android.systemui.shared.launcher.ViewRootImplCompat.mergeWithNextTransaction:4 com.honeyspace.transition.utils.SurfaceTransactionApplier.scheduleApply$lambda$1:16 com.honeyspace.transition.utils.SurfaceTransactionApplier.b:0 
06-19 10:27:35.092  4323  7130 I VRI[LauncherActivity]@6215e88: mWNT: t=0xb4000076713ac1d0 mBlastBufferQueue=0xb4000076015602b0 fn= 1145 HdrRenderState mRenderHdrSdrRatio=1.0 caller= com.android.systemui.shared.launcher.ViewRootImplCompat.mergeWithNextTransaction:4 com.honeyspace.transition.utils.SurfaceTransactionApplier.scheduleApply$lambda$1:16 com.honeyspace.transition.utils.SurfaceTransactionApplier.b:0 
06-19 10:27:35.092  4323  7130 I VRI[LauncherActivity]@6215e88: mWNT: t=0xb4000076713aed90 mBlastBufferQueue=0xb4000076015602b0 fn= 1145 HdrRenderState mRenderHdrSdrRatio=1.0 caller= com.android.systemui.shared.launcher.ViewRootImplCompat.mergeWithNextTransaction:4 com.honeyspace.transition.utils.SurfaceTransactionApplier.scheduleApply$lambda$1:16 com.honeyspace.transition.utils.SurfaceTransactionApplier.b:0 
06-19 10:27:35.096  4323  4323 I HoneySpace.EdgePanel.EdgeVisibilityRepository: getComputedTrayVisible : keyguardState = 1
06-19 10:27:35.096  4323  4323 I HoneySpace.EdgePanel.EdgeVisibilityRepository: updateTrayVisible: State = 0x1, visible = true, current containerState = 0, specificMode = 0
06-19 10:27:35.096  4323  4323 I HoneySpace.EdgePanel.EdgeVisibilityRepository: Same container state 0
06-19 10:27:35.099  4323  4323 I HoneySpace.FloatingAnimator: [Player:A(34.894)] container x: 464.617, y: 934.4272, scale : 0.2975616
06-19 10:27:35.099  4323  4323 I HoneySpace.FloatingAnimator: [Player:A(34.894)] container x: 472.24155, y: 943.83966, scale : 0.28363502
06-19 10:27:35.099  4323  4323 I HoneySpace.FloatingAnimator: [Player:A(34.894)] container x: 475.36862, y: 943.83966, scale : 0.28363502
06-19 10:27:35.100  4323  7129 I VRI[LauncherActivity]@6215e88: mWNT: t=0xb4000076713ad510 mBlastBufferQueue=0xb4000076015602b0 fn= 1146 HdrRenderState mRenderHdrSdrRatio=1.0 caller= com.android.systemui.shared.launcher.ViewRootImplCompat.mergeWithNextTransaction:4 com.honeyspace.transition.utils.SurfaceTransactionApplier.scheduleApply$lambda$1:16 com.honeyspace.transition.utils.SurfaceTransactionApplier.b:0 
06-19 10:27:35.100  4323  7129 I VRI[LauncherActivity]@6215e88: mWNT: t=0xb4000076713ac8d0 mBlastBufferQueue=0xb4000076015602b0 fn= 1146 HdrRenderState mRenderHdrSdrRatio=1.0 caller= com.android.systemui.shared.launcher.ViewRootImplCompat.mergeWithNextTransaction:4 com.honeyspace.transition.utils.SurfaceTransactionApplier.scheduleApply$lambda$1:16 com.honeyspace.transition.utils.SurfaceTransactionApplier.b:0 
06-19 10:27:35.100  4323  7129 I VRI[LauncherActivity]@6215e88: mWNT: t=0xb4000076713b1b10 mBlastBufferQueue=0xb4000076015602b0 fn= 1146 HdrRenderState mRenderHdrSdrRatio=1.0 caller= com.android.systemui.shared.launcher.ViewRootImplCompat.mergeWithNextTransaction:4 com.honeyspace.transition.utils.SurfaceTransactionApplier.scheduleApply$lambda$1:16 com.honeyspace.transition.utils.SurfaceTransactionApplier.b:0 
06-19 10:27:35.108  4323  4323 I HoneySpace.FloatingAnimator: [Player:A(34.894)] container x: 475.36862, y: 955.5069, scale : 0.28363502
06-19 10:27:35.108  4323  4323 I HoneySpace.FloatingAnimator: [Player:A(34.894)] container x: 482.29813, y: 964.0295, scale : 0.27098975
06-19 10:27:35.108  4323  4323 I HoneySpace.FloatingAnimator: [Player:A(34.894)] container x: 485.2344, y: 964.0295, scale : 0.27098975
06-19 10:27:35.108  4323  7130 I VRI[LauncherActivity]@6215e88: mWNT: t=0xb4000076713af110 mBlastBufferQueue=0xb4000076015602b0 fn= 1147 HdrRenderState mRenderHdrSdrRatio=1.0 caller= com.android.systemui.shared.launcher.ViewRootImplCompat.mergeWithNextTransaction:4 com.honeyspace.transition.utils.SurfaceTransactionApplier.scheduleApply$lambda$1:16 com.honeyspace.transition.utils.SurfaceTransactionApplier.b:0 
06-19 10:27:35.109  4323  7130 I VRI[LauncherActivity]@6215e88: mWNT: t=0xb4000076713abe50 mBlastBufferQueue=0xb4000076015602b0 fn= 1147 HdrRenderState mRenderHdrSdrRatio=1.0 caller= com.android.systemui.shared.launcher.ViewRootImplCompat.mergeWithNextTransaction:4 com.honeyspace.transition.utils.SurfaceTransactionApplier.scheduleApply$lambda$1:16 com.honeyspace.transition.utils.SurfaceTransactionApplier.b:0 
06-19 10:27:35.109  4323  7130 I VRI[LauncherActivity]@6215e88: mWNT: t=0xb4000076713b4a50 mBlastBufferQueue=0xb4000076015602b0 fn= 1147 HdrRenderState mRenderHdrSdrRatio=1.0 caller= com.android.systemui.shared.launcher.ViewRootImplCompat.mergeWithNextTransaction:4 com.honeyspace.transition.utils.SurfaceTransactionApplier.scheduleApply$lambda$1:16 com.honeyspace.transition.utils.SurfaceTransactionApplier.b:0 
06-19 10:27:35.116  4323  4323 I HoneySpace.FloatingAnimator: [Player:A(34.894)] container x: 485.2344, y: 975.3574, scale : 0.27098975
06-19 10:27:35.116  4323  4323 I HoneySpace.FloatingAnimator: [Player:A(34.894)] container x: 492.26215, y: 983.7106, scale : 0.2581764
06-19 10:27:35.116  4323  4323 I HoneySpace.FloatingAnimator: [Player:A(34.894)] container x: 495.34125, y: 983.7106, scale : 0.2581764
06-19 10:27:35.117  4323  7129 I VRI[LauncherActivity]@6215e88: mWNT: t=0xb4000076713af650 mBlastBufferQueue=0xb4000076015602b0 fn= 1148 HdrRenderState mRenderHdrSdrRatio=1.0 caller= com.android.systemui.shared.launcher.ViewRootImplCompat.mergeWithNextTransaction:4 com.honeyspace.transition.utils.SurfaceTransactionApplier.scheduleApply$lambda$1:16 com.honeyspace.transition.utils.SurfaceTransactionApplier.b:0 
06-19 10:27:35.117  4323  7129 I VRI[LauncherActivity]@6215e88: mWNT: t=0xb4000076713b31d0 mBlastBufferQueue=0xb4000076015602b0 fn= 1148 HdrRenderState mRenderHdrSdrRatio=1.0 caller= com.android.systemui.shared.launcher.ViewRootImplCompat.mergeWithNextTransaction:4 com.honeyspace.transition.utils.SurfaceTransactionApplier.scheduleApply$lambda$1:16 com.honeyspace.transition.utils.SurfaceTransactionApplier.b:0 
06-19 10:27:35.117  4323  7129 I VRI[LauncherActivity]@6215e88: mWNT: t=0xb40000767139e390 mBlastBufferQueue=0xb4000076015602b0 fn= 1148 HdrRenderState mRenderHdrSdrRatio=1.0 caller= com.android.systemui.shared.launcher.ViewRootImplCompat.mergeWithNextTransaction:4 com.honeyspace.transition.utils.SurfaceTransactionApplier.scheduleApply$lambda$1:16 com.honeyspace.transition.utils.SurfaceTransactionApplier.b:0 
06-19 10:27:35.124  4323  4323 I HoneySpace.FloatingAnimator: [Player:A(34.894)] container x: 495.34125, y: 993.74866, scale : 0.2591156
06-19 10:27:35.124  4323  4323 I HoneySpace.FloatingAnimator: [Player:A(34.894)] container x: 500.95944, y: 1000.3756, scale : 0.24885629
06-19 10:27:35.124  4323  4323 I HoneySpace.FloatingAnimator: [Player:A(34.894)] container x: 503.50186, y: 1000.3756, scale : 0.24885635
06-19 10:27:35.125  4323  7130 I VRI[LauncherActivity]@6215e88: mWNT: t=0xb4000076713b3010 mBlastBufferQueue=0xb4000076015602b0 fn= 1149 HdrRenderState mRenderHdrSdrRatio=1.0 caller= com.android.systemui.shared.launcher.ViewRootImplCompat.mergeWithNextTransaction:4 com.honeyspace.transition.utils.SurfaceTransactionApplier.scheduleApply$lambda$1:16 com.honeyspace.transition.utils.SurfaceTransactionApplier.b:0 
06-19 10:27:35.125  4323  7130 I VRI[LauncherActivity]@6215e88: mWNT: t=0xb400007671387950 mBlastBufferQueue=0xb4000076015602b0 fn= 1149 HdrRenderState mRenderHdrSdrRatio=1.0 caller= com.android.systemui.shared.launcher.ViewRootImplCompat.mergeWithNextTransaction:4 com.honeyspace.transition.utils.SurfaceTransactionApplier.scheduleApply$lambda$1:16 com.honeyspace.transition.utils.SurfaceTransactionApplier.b:0 
06-19 10:27:35.125  4323  7130 I VRI[LauncherActivity]@6215e88: mWNT: t=0xb4000076713b7290 mBlastBufferQueue=0xb4000076015602b0 fn= 1149 HdrRenderState mRenderHdrSdrRatio=1.0 caller= com.android.systemui.shared.launcher.ViewRootImplCompat.mergeWithNextTransaction:4 com.honeyspace.transition.utils.SurfaceTransactionApplier.scheduleApply$lambda$1:16 com.honeyspace.transition.utils.SurfaceTransactionApplier.b:0 
06-19 10:27:35.133  4323  4323 I HoneySpace.FloatingAnimator: [Player:A(34.894)] container x: 503.50186, y: 1009.6846, scale : 0.24885635
06-19 10:27:35.133  4323  4323 I HoneySpace.FloatingAnimator: [Player:A(34.894)] container x: 508.5771, y: 1015.4992, scale : 0.23959401
06-19 10:27:35.133  4323  4323 I HoneySpace.FloatingAnimator: [Player:A(34.894)] container x: 510.94177, y: 1015.4992, scale : 0.23959401
06-19 10:27:35.133  4323  7129 I VRI[LauncherActivity]@6215e88: mWNT: t=0xb4000076713b85d0 mBlastBufferQueue=0xb4000076015602b0 fn= 1150 HdrRenderState mRenderHdrSdrRatio=1.0 caller= com.android.systemui.shared.launcher.ViewRootImplCompat.mergeWithNextTransaction:4 com.honeyspace.transition.utils.SurfaceTransactionApplier.scheduleApply$lambda$1:16 com.honeyspace.transition.utils.SurfaceTransactionApplier.b:0 
06-19 10:27:35.134  4323  7129 I VRI[LauncherActivity]@6215e88: mWNT: t=0xb400007671434490 mBlastBufferQueue=0xb4000076015602b0 fn= 1150 HdrRenderState mRenderHdrSdrRatio=1.0 caller= com.android.systemui.shared.launcher.ViewRootImplCompat.mergeWithNextTransaction:4 com.honeyspace.transition.utils.SurfaceTransactionApplier.scheduleApply$lambda$1:16 com.honeyspace.transition.utils.SurfaceTransactionApplier.b:0 
06-19 10:27:35.134  4323  7129 I VRI[LauncherActivity]@6215e88: mWNT: t=0xb4000076713a9b50 mBlastBufferQueue=0xb4000076015602b0 fn= 1150 HdrRenderState mRenderHdrSdrRatio=1.0 caller= com.android.systemui.shared.launcher.ViewRootImplCompat.mergeWithNextTransaction:4 com.honeyspace.transition.utils.SurfaceTransactionApplier.scheduleApply$lambda$1:16 com.honeyspace.transition.utils.SurfaceTransactionApplier.b:0 
06-19 10:27:35.140  1903  4881 I vendor.qti.bluetooth@1.0-ibs_handler: DeviceSleep: TX Awake, Sending SLEEP_IND
06-19 10:27:35.140  1903  4881 D vendor.qti.bluetooth@1.0-ibs_handler: SerialClockVote: vote for UART CLK OFF
06-19 10:27:35.141  4323  4323 I HoneySpace.FloatingAnimator: [Player:A(34.894)] container x: 510.94177, y: 1025.1348, scale : 0.24048631
06-19 10:27:35.141  4323  4323 I HoneySpace.FloatingAnimator: [Player:A(34.894)] container x: 516.0575, y: 1030.8458, scale : 0.2311315
06-19 10:27:35.141  4323  4323 I HoneySpace.FloatingAnimator: [Player:A(34.894)] container x: 518.5128, y: 1030.8458, scale : 0.23113137
06-19 10:27:35.143  4323  7130 I VRI[LauncherActivity]@6215e88: mWNT: t=0xb4000076713a9ed0 mBlastBufferQueue=0xb4000076015602b0 fn= 1151 HdrRenderState mRenderHdrSdrRatio=1.0 caller= com.android.systemui.shared.launcher.ViewRootImplCompat.mergeWithNextTransaction:4 com.honeyspace.transition.utils.SurfaceTransactionApplier.scheduleApply$lambda$1:16 com.honeyspace.transition.utils.SurfaceTransactionApplier.b:0 
06-19 10:27:35.143  4323  7130 I VRI[LauncherActivity]@6215e88: mWNT: t=0xb4000076713addd0 mBlastBufferQueue=0xb4000076015602b0 fn= 1151 HdrRenderState mRenderHdrSdrRatio=1.0 caller= com.android.systemui.shared.launcher.ViewRootImplCompat.mergeWithNextTransaction:4 com.honeyspace.transition.utils.SurfaceTransactionApplier.scheduleApply$lambda$1:16 com.honeyspace.transition.utils.SurfaceTransactionApplier.b:0 
06-19 10:27:35.143  4323  7130 I VRI[LauncherActivity]@6215e88: mWNT: t=0xb4000076713b0d10 mBlastBufferQueue=0xb4000076015602b0 fn= 1151 HdrRenderState mRenderHdrSdrRatio=1.0 caller= com.android.systemui.shared.launcher.ViewRootImplCompat.mergeWithNextTransaction:4 com.honeyspace.transition.utils.SurfaceTransactionApplier.scheduleApply$lambda$1:16 com.honeyspace.transition.utils.SurfaceTransactionApplier.b:0 
06-19 10:27:35.150  4323  4323 I HoneySpace.FloatingAnimator: [Player:A(34.894)] container x: 518.5128, y: 1038.6995, scale : 0.23113137
06-19 10:27:35.150  4323  4323 I HoneySpace.FloatingAnimator: [Player:A(34.894)] container x: 522.5786, y: 1043.2384, scale : 0.22369961
06-19 10:27:35.150  4323  4323 I HoneySpace.FloatingAnimator: [Player:A(34.894)] container x: 524.58606, y: 1043.2384, scale : 0.22369961
06-19 10:27:35.151  4323  7129 I VRI[LauncherActivity]@6215e88: mWNT: t=0xb4000076713ace10 mBlastBufferQueue=0xb4000076015602b0 fn= 1152 HdrRenderState mRenderHdrSdrRatio=1.0 caller= com.android.systemui.shared.launcher.ViewRootImplCompat.mergeWithNextTransaction:4 com.honeyspace.transition.utils.SurfaceTransactionApplier.scheduleApply$lambda$1:16 com.honeyspace.transition.utils.SurfaceTransactionApplier.b:0 
06-19 10:27:35.151  4323  7129 I VRI[LauncherActivity]@6215e88: mWNT: t=0xb4000076713b4890 mBlastBufferQueue=0xb4000076015602b0 fn= 1152 HdrRenderState mRenderHdrSdrRatio=1.0 caller= com.android.systemui.shared.launcher.ViewRootImplCompat.mergeWithNextTransaction:4 com.honeyspace.transition.utils.SurfaceTransactionApplier.scheduleApply$lambda$1:16 com.honeyspace.transition.utils.SurfaceTransactionApplier.b:0 
06-19 10:27:35.151  4323  7129 I VRI[LauncherActivity]@6215e88: mWNT: t=0xb400007671438390 mBlastBufferQueue=0xb4000076015602b0 fn= 1152 HdrRenderState mRenderHdrSdrRatio=1.0 caller= com.android.systemui.shared.launcher.ViewRootImplCompat.mergeWithNextTransaction:4 com.honeyspace.transition.utils.SurfaceTransactionApplier.scheduleApply$lambda$1:16 com.honeyspace.transition.utils.SurfaceTransactionApplier.b:0 
06-19 10:27:35.158  4323  4323 I HoneySpace.FloatingAnimator: [Player:A(34.894)] container x: 524.58606, y: 1051.3136, scale : 0.22369961
06-19 10:27:35.158  4323  4323 I HoneySpace.FloatingAnimator: [Player:A(34.894)] container x: 528.6692, y: 1055.5499, scale : 0.21623886
06-19 10:27:35.158  4323  4323 I HoneySpace.FloatingAnimator: [Player:A(34.894)] container x: 530.73975, y: 1055.5499, scale : 0.21623886
06-19 10:27:35.159  4323  7130 I VRI[LauncherActivity]@6215e88: mWNT: t=0xb40000767139dc90 mBlastBufferQueue=0xb4000076015602b0 fn= 1153 HdrRenderState mRenderHdrSdrRatio=1.0 caller= com.android.systemui.shared.launcher.ViewRootImplCompat.mergeWithNextTransaction:4 com.honeyspace.transition.utils.SurfaceTransactionApplier.scheduleApply$lambda$1:16 com.honeyspace.transition.utils.SurfaceTransactionApplier.b:0 
06-19 10:27:35.159  4323  7130 I VRI[LauncherActivity]@6215e88: mWNT: t=0xb400007671433a10 mBlastBufferQueue=0xb4000076015602b0 fn= 1153 HdrRenderState mRenderHdrSdrRatio=1.0 caller= com.android.systemui.shared.launcher.ViewRootImplCompat.mergeWithNextTransaction:4 com.honeyspace.transition.utils.SurfaceTransactionApplier.scheduleApply$lambda$1:16 com.honeyspace.transition.utils.SurfaceTransactionApplier.b:0 
06-19 10:27:35.159  4323  7130 I VRI[LauncherActivity]@6215e88: mWNT: t=0xb4000076713b2ad0 mBlastBufferQueue=0xb4000076015602b0 fn= 1153 HdrRenderState mRenderHdrSdrRatio=1.0 caller= com.android.systemui.shared.launcher.ViewRootImplCompat.mergeWithNextTransaction:4 com.honeyspace.transition.utils.SurfaceTransactionApplier.scheduleApply$lambda$1:16 com.honeyspace.transition.utils.SurfaceTransactionApplier.b:0 
06-19 10:27:35.166  4323  4323 I HoneySpace.FloatingAnimator: [Player:A(34.894)] container x: 530.73975, y: 1062.0874, scale : 0.21706781
06-19 10:27:35.166  4323  4323 I HoneySpace.FloatingAnimator: [Player:A(34.894)] container x: 533.97314, y: 1065.4169, scale : 0.21114536
06-19 10:27:35.167  4323  4323 I HoneySpace.FloatingAnimator: [Player:A(34.894)] container x: 535.6548, y: 1065.4169, scale : 0.21114536
06-19 10:27:35.167  4323  7129 I VRI[LauncherActivity]@6215e88: mWNT: t=0xb4000076713aa950 mBlastBufferQueue=0xb4000076015602b0 fn= 1154 HdrRenderState mRenderHdrSdrRatio=1.0 caller= com.android.systemui.shared.launcher.ViewRootImplCompat.mergeWithNextTransaction:4 com.honeyspace.transition.utils.SurfaceTransactionApplier.scheduleApply$lambda$1:16 com.honeyspace.transition.utils.SurfaceTransactionApplier.b:0 
06-19 10:27:35.168  4323  7129 I VRI[LauncherActivity]@6215e88: mWNT: t=0xb4000076713d2110 mBlastBufferQueue=0xb4000076015602b0 fn= 1154 HdrRenderState mRenderHdrSdrRatio=1.0 caller= com.android.systemui.shared.launcher.ViewRootImplCompat.mergeWithNextTransaction:4 com.honeyspace.transition.utils.SurfaceTransactionApplier.scheduleApply$lambda$1:16 com.honeyspace.transition.utils.SurfaceTransactionApplier.b:0 
06-19 10:27:35.168  4323  7129 I VRI[LauncherActivity]@6215e88: mWNT: t=0xb4000076713b00d0 mBlastBufferQueue=0xb4000076015602b0 fn= 1154 HdrRenderState mRenderHdrSdrRatio=1.0 caller= com.android.systemui.shared.launcher.ViewRootImplCompat.mergeWithNextTransaction:4 com.honeyspace.transition.utils.SurfaceTransactionApplier.scheduleApply$lambda$1:16 com.honeyspace.transition.utils.SurfaceTransactionApplier.b:0 
06-19 10:27:35.175  4323  4323 I HoneySpace.FloatingAnimator: [Player:A(34.894)] container x: 535.6548, y: 1071.3851, scale : 0.21114536
06-19 10:27:35.175  4323  4323 I HoneySpace.FloatingAnimator: [Player:A(34.894)] container x: 538.5509, y: 1074.3672, scale : 0.20584185
06-19 10:27:35.175  4323  4323 I HoneySpace.FloatingAnimator: [Player:A(34.894)] container x: 540.0908, y: 1074.3672, scale : 0.20584197
06-19 10:27:35.176  4323  7130 I VRI[LauncherActivity]@6215e88: mWNT: t=0xb40000767138f910 mBlastBufferQueue=0xb4000076015602b0 fn= 1155 HdrRenderState mRenderHdrSdrRatio=1.0 caller= com.android.systemui.shared.launcher.ViewRootImplCompat.mergeWithNextTransaction:4 com.honeyspace.transition.utils.SurfaceTransactionApplier.scheduleApply$lambda$1:16 com.honeyspace.transition.utils.SurfaceTransactionApplier.b:0 
06-19 10:27:35.176  4323  7130 I VRI[LauncherActivity]@6215e88: mWNT: t=0xb4000076713b0450 mBlastBufferQueue=0xb4000076015602b0 fn= 1155 HdrRenderState mRenderHdrSdrRatio=1.0 caller= com.android.systemui.shared.launcher.ViewRootImplCompat.mergeWithNextTransaction:4 com.honeyspace.transition.utils.SurfaceTransactionApplier.scheduleApply$lambda$1:16 com.honeyspace.transition.utils.SurfaceTransactionApplier.b:0 
06-19 10:27:35.176  4323  7130 I VRI[LauncherActivity]@6215e88: mWNT: t=0xb400007671416890 mBlastBufferQueue=0xb4000076015602b0 fn= 1155 HdrRenderState mRenderHdrSdrRatio=1.0 caller= com.android.systemui.shared.launcher.ViewRootImplCompat.mergeWithNextTransaction:4 com.honeyspace.transition.utils.SurfaceTransactionApplier.scheduleApply$lambda$1:16 com.honeyspace.transition.utils.SurfaceTransactionApplier.b:0 
06-19 10:27:35.183  4323  4323 I HoneySpace.FloatingAnimator: [Player:A(34.894)] container x: 540.0908, y: 1080.4414, scale : 0.20584197
06-19 10:27:35.183  4323  4323 I HoneySpace.FloatingAnimator: [Player:A(34.894)] container x: 542.9846, y: 1083.1674, scale : 0.20054378
06-19 10:27:35.183  4323  4323 I HoneySpace.FloatingAnimator: [Player:A(34.894)] container x: 544.55725, y: 1083.1674, scale : 0.20054367
06-19 10:27:35.184  4323  7129 I VRI[LauncherActivity]@6215e88: mWNT: t=0xb40000767135e3d0 mBlastBufferQueue=0xb4000076015602b0 fn= 1156 HdrRenderState mRenderHdrSdrRatio=1.0 caller= com.android.systemui.shared.launcher.ViewRootImplCompat.mergeWithNextTransaction:4 com.honeyspace.transition.utils.SurfaceTransactionApplier.scheduleApply$lambda$1:16 com.honeyspace.transition.utils.SurfaceTransactionApplier.b:0 
06-19 10:27:35.184  4323  7129 I VRI[LauncherActivity]@6215e88: mWNT: t=0xb40000767141ea10 mBlastBufferQueue=0xb4000076015602b0 fn= 1156 HdrRenderState mRenderHdrSdrRatio=1.0 caller= com.android.systemui.shared.launcher.ViewRootImplCompat.mergeWithNextTransaction:4 com.honeyspace.transition.utils.SurfaceTransactionApplier.scheduleApply$lambda$1:16 com.honeyspace.transition.utils.SurfaceTransactionApplier.b:0 
06-19 10:27:35.184  4323  7129 I VRI[LauncherActivity]@6215e88: mWNT: t=0xb40000767139a110 mBlastBufferQueue=0xb4000076015602b0 fn= 1156 HdrRenderState mRenderHdrSdrRatio=1.0 caller= com.android.systemui.shared.launcher.ViewRootImplCompat.mergeWithNextTransaction:4 com.honeyspace.transition.utils.SurfaceTransactionApplier.scheduleApply$lambda$1:16 com.honeyspace.transition.utils.SurfaceTransactionApplier.b:0 
06-19 10:27:35.191  4323  4323 I HoneySpace.FloatingAnimator: [Player:A(34.894)] container x: 544.55725, y: 1088.0333, scale : 0.20054367
06-19 10:27:35.191  4323  4323 I HoneySpace.FloatingAnimator: [Player:A(34.894)] container x: 546.83765, y: 1090.0935, scale : 0.19636936
06-19 10:27:35.191  4323  4323 I HoneySpace.FloatingAnimator: [Player:A(34.894)] container x: 548.10175, y: 1090.0935, scale : 0.19636936
06-19 10:27:35.192  4323  7130 I VRI[LauncherActivity]@6215e88: mWNT: t=0xb40000767139d590 mBlastBufferQueue=0xb4000076015602b0 fn= 1157 HdrRenderState mRenderHdrSdrRatio=1.0 caller= com.android.systemui.shared.launcher.ViewRootImplCompat.mergeWithNextTransaction:4 com.honeyspace.transition.utils.SurfaceTransactionApplier.scheduleApply$lambda$1:16 com.honeyspace.transition.utils.SurfaceTransactionApplier.b:0 
06-19 10:27:35.192  4323  7130 I VRI[LauncherActivity]@6215e88: mWNT: t=0xb40000767136a990 mBlastBufferQueue=0xb4000076015602b0 fn= 1157 HdrRenderState mRenderHdrSdrRatio=1.0 caller= com.android.systemui.shared.launcher.ViewRootImplCompat.mergeWithNextTransaction:4 com.honeyspace.transition.utils.SurfaceTransactionApplier.scheduleApply$lambda$1:16 com.honeyspace.transition.utils.SurfaceTransactionApplier.b:0 
06-19 10:27:35.193  4323  7130 I VRI[LauncherActivity]@6215e88: mWNT: t=0xb40000767139b7d0 mBlastBufferQueue=0xb4000076015602b0 fn= 1157 HdrRenderState mRenderHdrSdrRatio=1.0 caller= com.android.systemui.shared.launcher.ViewRootImplCompat.mergeWithNextTransaction:4 com.honeyspace.transition.utils.SurfaceTransactionApplier.scheduleApply$lambda$1:16 com.honeyspace.transition.utils.SurfaceTransactionApplier.b:0 
06-19 10:27:35.200  4323  4323 I HoneySpace.FloatingAnimator: [Player:A(34.894)] container x: 548.10175, y: 1094.4904, scale : 0.19713977
06-19 10:27:35.200  4323  4323 I HoneySpace.FloatingAnimator: [Player:A(34.894)] container x: 550.13513, y: 1096.3274, scale : 0.1934072
06-19 10:27:35.200  4323  4323 I HoneySpace.FloatingAnimator: [Player:A(34.894)] container x: 551.28125, y: 1096.3274, scale : 0.1934073
06-19 10:27:35.200  2028  2028 D SurfaceFlinger: GPIS:: requestGPISForClientComposition
06-19 10:27:35.201  4323  7129 I VRI[LauncherActivity]@6215e88: mWNT: t=0xb40000767135c290 mBlastBufferQueue=0xb4000076015602b0 fn= 1158 HdrRenderState mRenderHdrSdrRatio=1.0 caller= com.android.systemui.shared.launcher.ViewRootImplCompat.mergeWithNextTransaction:4 com.honeyspace.transition.utils.SurfaceTransactionApplier.scheduleApply$lambda$1:16 com.honeyspace.transition.utils.SurfaceTransactionApplier.b:0 
06-19 10:27:35.201  4323  7129 I VRI[LauncherActivity]@6215e88: mWNT: t=0xb4000076713b07d0 mBlastBufferQueue=0xb4000076015602b0 fn= 1158 HdrRenderState mRenderHdrSdrRatio=1.0 caller= com.android.systemui.shared.launcher.ViewRootImplCompat.mergeWithNextTransaction:4 com.honeyspace.transition.utils.SurfaceTransactionApplier.scheduleApply$lambda$1:16 com.honeyspace.transition.utils.SurfaceTransactionApplier.b:0 
06-19 10:27:35.201  4323  7129 I VRI[LauncherActivity]@6215e88: mWNT: t=0xb40000767136da90 mBlastBufferQueue=0xb4000076015602b0 fn= 1158 HdrRenderState mRenderHdrSdrRatio=1.0 caller= com.android.systemui.shared.launcher.ViewRootImplCompat.mergeWithNextTransaction:4 com.honeyspace.transition.utils.SurfaceTransactionApplier.scheduleApply$lambda$1:16 com.honeyspace.transition.utils.SurfaceTransactionApplier.b:0 
06-19 10:27:35.208  4323  4323 I HoneySpace.FloatingAnimator: [Player:A(34.894)] container x: 551.28125, y: 1099.7854, scale : 0.1934073
06-19 10:27:35.208  4323  4323 I HoneySpace.FloatingAnimator: [Player:A(34.894)] container x: 553.3036, y: 1101.6079, scale : 0.1896954
06-19 10:27:35.208  2771  2771 W AccessibilityManagerService:  wait for adding window timeout: 55
06-19 10:27:35.208  4323  4323 I HoneySpace.FloatingAnimator: [Player:A(34.894)] container x: 554.4613, y: 1101.6079, scale : 0.1896954
06-19 10:27:35.209  4323  7130 I VRI[LauncherActivity]@6215e88: mWNT: t=0xb4000076713b0610 mBlastBufferQueue=0xb4000076015602b0 fn= 1159 HdrRenderState mRenderHdrSdrRatio=1.0 caller= com.android.systemui.shared.launcher.ViewRootImplCompat.mergeWithNextTransaction:4 com.honeyspace.transition.utils.SurfaceTransactionApplier.scheduleApply$lambda$1:16 com.honeyspace.transition.utils.SurfaceTransactionApplier.b:0 
06-19 10:27:35.210  4323  7130 I VRI[LauncherActivity]@6215e88: mWNT: t=0xb40000767138e5d0 mBlastBufferQueue=0xb4000076015602b0 fn= 1159 HdrRenderState mRenderHdrSdrRatio=1.0 caller= com.android.systemui.shared.launcher.ViewRootImplCompat.mergeWithNextTransaction:4 com.honeyspace.transition.utils.SurfaceTransactionApplier.scheduleApply$lambda$1:16 com.honeyspace.transition.utils.SurfaceTransactionApplier.b:0 
06-19 10:27:35.210  4323  7130 I VRI[LauncherActivity]@6215e88: mWNT: t=0xb4000076713a6a50 mBlastBufferQueue=0xb4000076015602b0 fn= 1159 HdrRenderState mRenderHdrSdrRatio=1.0 caller= com.android.systemui.shared.launcher.ViewRootImplCompat.mergeWithNextTransaction:4 com.honeyspace.transition.utils.SurfaceTransactionApplier.scheduleApply$lambda$1:16 com.honeyspace.transition.utils.SurfaceTransactionApplier.b:0 
06-19 10:27:35.217  4323  4323 I HoneySpace.FloatingAnimator: [Player:A(34.894)] container x: 554.4613, y: 1105.1099, scale : 0.1896954
06-19 10:27:35.217  4323  4323 I HoneySpace.FloatingAnimator: [Player:A(34.894)] container x: 556.0477, y: 1106.3597, scale : 0.18678391
06-19 10:27:35.217  4323  4323 I HoneySpace.FloatingAnimator: [Player:A(34.894)] container x: 556.9678, y: 1106.3597, scale : 0.18678403
06-19 10:27:35.218  4323  7129 I VRI[LauncherActivity]@6215e88: mWNT: t=0xb4000076713b93d0 mBlastBufferQueue=0xb4000076015602b0 fn= 1160 HdrRenderState mRenderHdrSdrRatio=1.0 caller= com.android.systemui.shared.launcher.ViewRootImplCompat.mergeWithNextTransaction:4 com.honeyspace.transition.utils.SurfaceTransactionApplier.scheduleApply$lambda$1:16 com.honeyspace.transition.utils.SurfaceTransactionApplier.b:0 
06-19 10:27:35.218  4323  7129 I VRI[LauncherActivity]@6215e88: mWNT: t=0xb4000076713ef990 mBlastBufferQueue=0xb4000076015602b0 fn= 1160 HdrRenderState mRenderHdrSdrRatio=1.0 caller= com.android.systemui.shared.launcher.ViewRootImplCompat.mergeWithNextTransaction:4 com.honeyspace.transition.utils.SurfaceTransactionApplier.scheduleApply$lambda$1:16 com.honeyspace.transition.utils.SurfaceTransactionApplier.b:0 
06-19 10:27:35.218  4323  7129 I VRI[LauncherActivity]@6215e88: mWNT: t=0xb400007671398f90 mBlastBufferQueue=0xb4000076015602b0 fn= 1160 HdrRenderState mRenderHdrSdrRatio=1.0 caller= com.android.systemui.shared.launcher.ViewRootImplCompat.mergeWithNextTransaction:4 com.honeyspace.transition.utils.SurfaceTransactionApplier.scheduleApply$lambda$1:16 com.honeyspace.transition.utils.SurfaceTransactionApplier.b:0 
06-19 10:27:35.225  4323  4323 I HoneySpace.FloatingAnimator: [Player:A(34.894)] container x: 556.9678, y: 1109.8524, scale : 0.18678403
06-19 10:27:35.225  4323  4323 I HoneySpace.FloatingAnimator: [Player:A(34.894)] container x: 558.54083, y: 1110.9539, scale : 0.18389729
06-19 10:27:35.225  4323  4323 I HoneySpace.FloatingAnimator: [Player:A(34.894)] container x: 559.46246, y: 1110.9539, scale : 0.18389729
06-19 10:27:35.226  4323  7130 I VRI[LauncherActivity]@6215e88: mWNT: t=0xb4000076713aef50 mBlastBufferQueue=0xb4000076015602b0 fn= 1161 HdrRenderState mRenderHdrSdrRatio=1.0 caller= com.android.systemui.shared.launcher.ViewRootImplCompat.mergeWithNextTransaction:4 com.honeyspace.transition.utils.SurfaceTransactionApplier.scheduleApply$lambda$1:16 com.honeyspace.transition.utils.SurfaceTransactionApplier.b:0 
06-19 10:27:35.226  4323  7130 I VRI[LauncherActivity]@6215e88: mWNT: t=0xb4000076713a6510 mBlastBufferQueue=0xb4000076015602b0 fn= 1161 HdrRenderState mRenderHdrSdrRatio=1.0 caller= com.android.systemui.shared.launcher.ViewRootImplCompat.mergeWithNextTransaction:4 com.honeyspace.transition.utils.SurfaceTransactionApplier.scheduleApply$lambda$1:16 com.honeyspace.transition.utils.SurfaceTransactionApplier.b:0 
06-19 10:27:35.226  4323  7130 I VRI[LauncherActivity]@6215e88: mWNT: t=0xb4000076713b46d0 mBlastBufferQueue=0xb4000076015602b0 fn= 1161 HdrRenderState mRenderHdrSdrRatio=1.0 caller= com.android.systemui.shared.launcher.ViewRootImplCompat.mergeWithNextTransaction:4 com.honeyspace.transition.utils.SurfaceTransactionApplier.scheduleApply$lambda$1:16 com.honeyspace.transition.utils.SurfaceTransactionApplier.b:0 
06-19 10:27:35.233  4323  4323 I HoneySpace.FloatingAnimator: [Player:A(34.894)] container x: 559.46246, y: 1113.6921, scale : 0.18462801
06-19 10:27:35.233  4323  4323 I HoneySpace.FloatingAnimator: [Player:A(34.894)] container x: 560.6927, y: 1114.5536, scale : 0.18236372
06-19 10:27:35.233  4323  4323 I HoneySpace.FloatingAnimator: [Player:A(34.894)] container x: 561.4186, y: 1114.5536, scale : 0.18236366
06-19 10:27:35.234  4323  7129 I VRI[LauncherActivity]@6215e88: mWNT: t=0xb4000076713a3090 mBlastBufferQueue=0xb4000076015602b0 fn= 1162 HdrRenderState mRenderHdrSdrRatio=1.0 caller= com.android.systemui.shared.launcher.ViewRootImplCompat.mergeWithNextTransaction:4 com.honeyspace.transition.utils.SurfaceTransactionApplier.scheduleApply$lambda$1:16 com.honeyspace.transition.utils.SurfaceTransactionApplier.b:0 
06-19 10:27:35.234  4323  7129 I VRI[LauncherActivity]@6215e88: mWNT: t=0xb4000076713b5d90 mBlastBufferQueue=0xb4000076015602b0 fn= 1162 HdrRenderState mRenderHdrSdrRatio=1.0 caller= com.android.systemui.shared.launcher.ViewRootImplCompat.mergeWithNextTransaction:4 com.honeyspace.transition.utils.SurfaceTransactionApplier.scheduleApply$lambda$1:16 com.honeyspace.transition.utils.SurfaceTransactionApplier.b:0 
06-19 10:27:35.234  4323  7129 I VRI[LauncherActivity]@6215e88: mWNT: t=0xb40000767139c410 mBlastBufferQueue=0xb4000076015602b0 fn= 1162 HdrRenderState mRenderHdrSdrRatio=1.0 caller= com.android.systemui.shared.launcher.ViewRootImplCompat.mergeWithNextTransaction:4 com.honeyspace.transition.utils.SurfaceTransactionApplier.scheduleApply$lambda$1:16 com.honeyspace.transition.utils.SurfaceTransactionApplier.b:0 
06-19 10:27:35.237  1911 11771 I sensors-hal: handle_sns_client_event:550, [0][19290] accel_sample [ 0.183, -0.287,  9.752] 40981285970597
06-19 10:27:35.242  4323  4323 I HoneySpace.FloatingAnimator: [Player:A(34.894)] container x: 561.4186, y: 1116.9749, scale : 0.18236366
06-19 10:27:35.242  4323  4323 I HoneySpace.FloatingAnimator: [Player:A(34.894)] container x: 562.5078, y: 1117.7375, scale : 0.18035895
06-19 10:27:35.242  4323  4323 I HoneySpace.FloatingAnimator: [Player:A(34.894)] container x: 563.1528, y: 1117.7375, scale : 0.18035895
06-19 10:27:35.243  4323  7130 I VRI[LauncherActivity]@6215e88: mWNT: t=0xb4000076713692d0 mBlastBufferQueue=0xb4000076015602b0 fn= 1163 HdrRenderState mRenderHdrSdrRatio=1.0 caller= com.android.systemui.shared.launcher.ViewRootImplCompat.mergeWithNextTransaction:4 com.honeyspace.transition.utils.SurfaceTransactionApplier.scheduleApply$lambda$1:16 com.honeyspace.transition.utils.SurfaceTransactionApplier.b:0 
06-19 10:27:35.243  4323  7130 I VRI[LauncherActivity]@6215e88: mWNT: t=0xb40000767137ac90 mBlastBufferQueue=0xb4000076015602b0 fn= 1163 HdrRenderState mRenderHdrSdrRatio=1.0 caller= com.android.systemui.shared.launcher.ViewRootImplCompat.mergeWithNextTransaction:4 com.honeyspace.transition.utils.SurfaceTransactionApplier.scheduleApply$lambda$1:16 com.honeyspace.transition.utils.SurfaceTransactionApplier.b:0 
06-19 10:27:35.243  4323  7130 I VRI[LauncherActivity]@6215e88: mWNT: t=0xb4000076713ab3d0 mBlastBufferQueue=0xb4000076015602b0 fn= 1163 HdrRenderState mRenderHdrSdrRatio=1.0 caller= com.android.systemui.shared.launcher.ViewRootImplCompat.mergeWithNextTransaction:4 com.honeyspace.transition.utils.SurfaceTransactionApplier.scheduleApply$lambda$1:16 com.honeyspace.transition.utils.SurfaceTransactionApplier.b:0 
06-19 10:27:35.250  4323  4323 I HoneySpace.FloatingAnimator: [Player:A(34.894)] container x: 563.1528, y: 1120.1143, scale : 0.18035895
06-19 10:27:35.250  4323  4323 I HoneySpace.FloatingAnimator: [Player:A(34.894)] container x: 564.22815, y: 1120.8672, scale : 0.17837976
06-19 10:27:35.250  4323  4323 I HoneySpace.FloatingAnimator: [Player:A(34.894)] container x: 564.86475, y: 1120.8672, scale : 0.17837976
06-19 10:27:35.251  4323  7129 I VRI[LauncherActivity]@6215e88: mWNT: t=0xb4000076713b1950 mBlastBufferQueue=0xb4000076015602b0 fn= 1164 HdrRenderState mRenderHdrSdrRatio=1.0 caller= com.android.systemui.shared.launcher.ViewRootImplCompat.mergeWithNextTransaction:4 com.honeyspace.transition.utils.SurfaceTransactionApplier.scheduleApply$lambda$1:16 com.honeyspace.transition.utils.SurfaceTransactionApplier.b:0 
06-19 10:27:35.251  4323  7129 I VRI[LauncherActivity]@6215e88: mWNT: t=0xb4000076713ad190 mBlastBufferQueue=0xb4000076015602b0 fn= 1164 HdrRenderState mRenderHdrSdrRatio=1.0 caller= com.android.systemui.shared.launcher.ViewRootImplCompat.mergeWithNextTransaction:4 com.honeyspace.transition.utils.SurfaceTransactionApplier.scheduleApply$lambda$1:16 com.honeyspace.transition.utils.SurfaceTransactionApplier.b:0 
06-19 10:27:35.251  4323  7129 I VRI[LauncherActivity]@6215e88: mWNT: t=0xb40000767139b290 mBlastBufferQueue=0xb4000076015602b0 fn= 1164 HdrRenderState mRenderHdrSdrRatio=1.0 caller= com.android.systemui.shared.launcher.ViewRootImplCompat.mergeWithNextTransaction:4 com.honeyspace.transition.utils.SurfaceTransactionApplier.scheduleApply$lambda$1:16 com.honeyspace.transition.utils.SurfaceTransactionApplier.b:0 
06-19 10:27:35.258  4323  4323 I HoneySpace.FloatingAnimator: [Player:A(34.894)] container x: 564.86475, y: 1122.698, scale : 0.17837976
06-19 10:27:35.258  4323  4323 I HoneySpace.FloatingAnimator: [Player:A(34.894)] container x: 565.7021, y: 1123.2844, scale : 0.17683874
06-19 10:27:35.258  4323  4323 I HoneySpace.FloatingAnimator: [Player:A(34.894)] container x: 566.1955, y: 1123.2844, scale : 0.17683874
06-19 10:27:35.259  4323  7130 I VRI[LauncherActivity]@6215e88: mWNT: t=0xb40000767141d350 mBlastBufferQueue=0xb4000076015602b0 fn= 1165 HdrRenderState mRenderHdrSdrRatio=1.0 caller= com.android.systemui.shared.launcher.ViewRootImplCompat.mergeWithNextTransaction:4 com.honeyspace.transition.utils.SurfaceTransactionApplier.scheduleApply$lambda$1:16 com.honeyspace.transition.utils.SurfaceTransactionApplier.b:0 
06-19 10:27:35.259  4323  7130 I VRI[LauncherActivity]@6215e88: mWNT: t=0xb4000076713aff10 mBlastBufferQueue=0xb4000076015602b0 fn= 1165 HdrRenderState mRenderHdrSdrRatio=1.0 caller= com.android.systemui.shared.launcher.ViewRootImplCompat.mergeWithNextTransaction:4 com.honeyspace.transition.utils.SurfaceTransactionApplier.scheduleApply$lambda$1:16 com.honeyspace.transition.utils.SurfaceTransactionApplier.b:0 
06-19 10:27:35.260  4323  7130 I VRI[LauncherActivity]@6215e88: mWNT: t=0xb4000076713b0b50 mBlastBufferQueue=0xb4000076015602b0 fn= 1165 HdrRenderState mRenderHdrSdrRatio=1.0 caller= com.android.systemui.shared.launcher.ViewRootImplCompat.mergeWithNextTransaction:4 com.honeyspace.transition.utils.SurfaceTransactionApplier.scheduleApply$lambda$1:16 com.honeyspace.transition.utils.SurfaceTransactionApplier.b:0 
06-19 10:27:35.267  4323  4323 I HoneySpace.FloatingAnimator: [Player:A(34.894)] container x: 566.1955, y: 1124.8737, scale : 0.17683874
06-19 10:27:35.267  4323  4323 I HoneySpace.FloatingAnimator: [Player:A(34.894)] container x: 566.9339, y: 1125.3069, scale : 0.17547986
06-19 10:27:35.267  4323  4323 I HoneySpace.FloatingAnimator: [Player:A(34.894)] container x: 567.36505, y: 1125.3069, scale : 0.17547986
06-19 10:27:35.267  4323  7129 I VRI[LauncherActivity]@6215e88: mWNT: t=0xb4000076713b0ed0 mBlastBufferQueue=0xb4000076015602b0 fn= 1166 HdrRenderState mRenderHdrSdrRatio=1.0 caller= com.android.systemui.shared.launcher.ViewRootImplCompat.mergeWithNextTransaction:4 com.honeyspace.transition.utils.SurfaceTransactionApplier.scheduleApply$lambda$1:16 com.honeyspace.transition.utils.SurfaceTransactionApplier.b:0 
06-19 10:27:35.268  4323  7129 I VRI[LauncherActivity]@6215e88: mWNT: t=0xb4000076713b2210 mBlastBufferQueue=0xb4000076015602b0 fn= 1166 HdrRenderState mRenderHdrSdrRatio=1.0 caller= com.android.systemui.shared.launcher.ViewRootImplCompat.mergeWithNextTransaction:4 com.honeyspace.transition.utils.SurfaceTransactionApplier.scheduleApply$lambda$1:16 com.honeyspace.transition.utils.SurfaceTransactionApplier.b:0 
06-19 10:27:35.268  4323  7129 I VRI[LauncherActivity]@6215e88: mWNT: t=0xb4000076713ba550 mBlastBufferQueue=0xb4000076015602b0 fn= 1166 HdrRenderState mRenderHdrSdrRatio=1.0 caller= com.android.systemui.shared.launcher.ViewRootImplCompat.mergeWithNextTransaction:4 com.honeyspace.transition.utils.SurfaceTransactionApplier.scheduleApply$lambda$1:16 com.honeyspace.transition.utils.SurfaceTransactionApplier.b:0 
06-19 10:27:35.275  4323  4323 I HoneySpace.FloatingAnimator: [Player:A(34.894)] container x: 567.36505, y: 1126.833, scale : 0.17547986
06-19 10:27:35.275  4323  4323 I HoneySpace.FloatingAnimator: [Player:A(34.894)] container x: 568.0909, y: 1127.0728, scale : 0.17414409
06-19 10:27:35.275  4323  4323 I HoneySpace.FloatingAnimator: [Player:A(34.894)] container x: 568.70807, y: 1127.0728, scale : 0.17414409
06-19 10:27:35.276  4323  7130 I VRI[LauncherActivity]@6215e88: mWNT: t=0xb4000076713dde10 mBlastBufferQueue=0xb4000076015602b0 fn= 1167 HdrRenderState mRenderHdrSdrRatio=1.0 caller= com.android.systemui.shared.launcher.ViewRootImplCompat.mergeWithNextTransaction:4 com.honeyspace.transition.utils.SurfaceTransactionApplier.scheduleApply$lambda$1:16 com.honeyspace.transition.utils.SurfaceTransactionApplier.b:0 
06-19 10:27:35.276  4323  7130 I VRI[LauncherActivity]@6215e88: mWNT: t=0xb4000076713b8b10 mBlastBufferQueue=0xb4000076015602b0 fn= 1167 HdrRenderState mRenderHdrSdrRatio=1.0 caller= com.android.systemui.shared.launcher.ViewRootImplCompat.mergeWithNextTransaction:4 com.honeyspace.transition.utils.SurfaceTransactionApplier.scheduleApply$lambda$1:16 com.honeyspace.transition.utils.SurfaceTransactionApplier.b:0 
06-19 10:27:35.276  4323  7130 I VRI[LauncherActivity]@6215e88: mWNT: t=0xb4000076713b0990 mBlastBufferQueue=0xb4000076015602b0 fn= 1167 HdrRenderState mRenderHdrSdrRatio=1.0 caller= com.android.systemui.shared.launcher.ViewRootImplCompat.mergeWithNextTransaction:4 com.honeyspace.transition.utils.SurfaceTransactionApplier.scheduleApply$lambda$1:16 com.honeyspace.transition.utils.SurfaceTransactionApplier.b:0 
06-19 10:27:35.283  4323  4323 I HoneySpace.FloatingAnimator: [Player:A(34.894)] container x: 568.70807, y: 1128.2189, scale : 0.17484239
06-19 10:27:35.283  4323  4323 I HoneySpace.FloatingAnimator: [Player:A(34.894)] container x: 569.27075, y: 1128.4048, scale : 0.1738036
06-19 10:27:35.284  4323  7129 I VRI[LauncherActivity]@6215e88: mWNT: t=0xb4000076713b3a90 mBlastBufferQueue=0xb4000076015602b0 fn= 1168 HdrRenderState mRenderHdrSdrRatio=1.0 caller= com.android.systemui.shared.launcher.ViewRootImplCompat.mergeWithNextTransaction:4 com.honeyspace.transition.utils.SurfaceTransactionApplier.scheduleApply$lambda$1:16 com.honeyspace.transition.utils.SurfaceTransactionApplier.b:0 
06-19 10:27:35.284  4323  7129 I VRI[LauncherActivity]@6215e88: mWNT: t=0xb40000767135e210 mBlastBufferQueue=0xb4000076015602b0 fn= 1168 HdrRenderState mRenderHdrSdrRatio=1.0 caller= com.android.systemui.shared.launcher.ViewRootImplCompat.mergeWithNextTransaction:4 com.honeyspace.transition.utils.SurfaceTransactionApplier.scheduleApply$lambda$1:16 com.honeyspace.transition.utils.SurfaceTransactionApplier.b:0 
06-19 10:27:35.291  1903  4558 D vendor.qti.bluetooth@1.0-wake_lock: Release wakelock is released 
06-19 10:27:35.292  4323  4323 I HoneySpace.FloatingAnimator: [Player:A(34.894)] container x: 569.27075, y: 1129.4818, scale : 0.1738036
06-19 10:27:35.292  4323  4323 I HoneySpace.FloatingAnimator: [Player:A(34.894)] container x: 569.82227, y: 1129.664, scale : 0.17278549
06-19 10:27:35.293  4323  7130 I VRI[LauncherActivity]@6215e88: mWNT: t=0xb4000076713b3390 mBlastBufferQueue=0xb4000076015602b0 fn= 1169 HdrRenderState mRenderHdrSdrRatio=1.0 caller= com.android.systemui.shared.launcher.ViewRootImplCompat.mergeWithNextTransaction:4 com.honeyspace.transition.utils.SurfaceTransactionApplier.scheduleApply$lambda$1:16 com.honeyspace.transition.utils.SurfaceTransactionApplier.b:0 
06-19 10:27:35.293  4323  7130 I VRI[LauncherActivity]@6215e88: mWNT: t=0xb4000076713d3610 mBlastBufferQueue=0xb4000076015602b0 fn= 1169 HdrRenderState mRenderHdrSdrRatio=1.0 caller= com.android.systemui.shared.launcher.ViewRootImplCompat.mergeWithNextTransaction:4 com.honeyspace.transition.utils.SurfaceTransactionApplier.scheduleApply$lambda$1:16 com.honeyspace.transition.utils.SurfaceTransactionApplier.b:0 
06-19 10:27:35.300  4323  4323 I HoneySpace.FloatingAnimator: [Player:A(34.894)] container x: 569.82227, y: 1130.452, scale : 0.17278549
06-19 10:27:35.301  4323  4323 I HoneySpace.FloatingAnimator: [Player:A(34.894)] container x: 570.24854, y: 1130.5928, scale : 0.17199859
06-19 10:27:35.301  4323  7129 I VRI[LauncherActivity]@6215e88: mWNT: t=0xb4000076713b1cd0 mBlastBufferQueue=0xb4000076015602b0 fn= 1170 HdrRenderState mRenderHdrSdrRatio=1.0 caller= com.android.systemui.shared.launcher.ViewRootImplCompat.mergeWithNextTransaction:4 com.honeyspace.transition.utils.SurfaceTransactionApplier.scheduleApply$lambda$1:16 com.honeyspace.transition.utils.SurfaceTransactionApplier.b:0 
06-19 10:27:35.302  4323  7129 I VRI[LauncherActivity]@6215e88: mWNT: t=0xb4000076713e1b50 mBlastBufferQueue=0xb4000076015602b0 fn= 1170 HdrRenderState mRenderHdrSdrRatio=1.0 caller= com.android.systemui.shared.launcher.ViewRootImplCompat.mergeWithNextTransaction:4 com.honeyspace.transition.utils.SurfaceTransactionApplier.scheduleApply$lambda$1:16 com.honeyspace.transition.utils.SurfaceTransactionApplier.b:0 
06-19 10:27:35.308  4323  4323 I HoneySpace.FloatingAnimator: [Player:A(34.894)] container x: 570.24854, y: 1131.2385, scale : 0.17199859
06-19 10:27:35.309  4323  4323 I HoneySpace.FloatingAnimator: [Player:A(34.894)] container x: 570.6218, y: 1131.3619, scale : 0.17130952
06-19 10:27:35.310  4323  7130 I VRI[LauncherActivity]@6215e88: mWNT: t=0xb400007671398dd0 mBlastBufferQueue=0xb4000076015602b0 fn= 1171 HdrRenderState mRenderHdrSdrRatio=1.0 caller= com.android.systemui.shared.launcher.ViewRootImplCompat.mergeWithNextTransaction:4 com.honeyspace.transition.utils.SurfaceTransactionApplier.scheduleApply$lambda$1:16 com.honeyspace.transition.utils.SurfaceTransactionApplier.b:0 
06-19 10:27:35.310  4323  7130 I VRI[LauncherActivity]@6215e88: mWNT: t=0xb400007671382550 mBlastBufferQueue=0xb4000076015602b0 fn= 1171 HdrRenderState mRenderHdrSdrRatio=1.0 caller= com.android.systemui.shared.launcher.ViewRootImplCompat.mergeWithNextTransaction:4 com.honeyspace.transition.utils.SurfaceTransactionApplier.scheduleApply$lambda$1:16 com.honeyspace.transition.utils.SurfaceTransactionApplier.b:0 
06-19 10:27:35.317  4323  4323 I HoneySpace.FloatingAnimator: [Player:A(34.894)] container x: 570.6218, y: 1131.937, scale : 0.17130952
06-19 10:27:35.317  4323  4323 I HoneySpace.FloatingAnimator: [Player:A(34.894)] container x: 570.98596, y: 1132.0573, scale : 0.17063734
06-19 10:27:35.318  4323  7129 I VRI[LauncherActivity]@6215e88: mWNT: t=0xb4000076713b2910 mBlastBufferQueue=0xb4000076015602b0 fn= 1172 HdrRenderState mRenderHdrSdrRatio=1.0 caller= com.android.systemui.shared.launcher.ViewRootImplCompat.mergeWithNextTransaction:4 com.honeyspace.transition.utils.SurfaceTransactionApplier.scheduleApply$lambda$1:16 com.honeyspace.transition.utils.SurfaceTransactionApplier.b:0 
06-19 10:27:35.318  4323  7129 I VRI[LauncherActivity]@6215e88: mWNT: t=0xb4000076713d9490 mBlastBufferQueue=0xb4000076015602b0 fn= 1172 HdrRenderState mRenderHdrSdrRatio=1.0 caller= com.android.systemui.shared.launcher.ViewRootImplCompat.mergeWithNextTransaction:4 com.honeyspace.transition.utils.SurfaceTransactionApplier.scheduleApply$lambda$1:16 com.honeyspace.transition.utils.SurfaceTransactionApplier.b:0 
06-19 10:27:35.326  4323  4323 I HoneySpace.FloatingAnimator: [Player:A(34.894)] container x: 570.98596, y: 1132.4492, scale : 0.17063734
06-19 10:27:35.326  4323  4323 I HoneySpace.FloatingAnimator: [Player:A(34.894)] container x: 571.2661, y: 1132.5417, scale : 0.17012018
06-19 10:27:35.327  4323  7130 I VRI[LauncherActivity]@6215e88: mWNT: t=0xb4000076713b9590 mBlastBufferQueue=0xb4000076015602b0 fn= 1173 HdrRenderState mRenderHdrSdrRatio=1.0 caller= com.android.systemui.shared.launcher.ViewRootImplCompat.mergeWithNextTransaction:4 com.honeyspace.transition.utils.SurfaceTransactionApplier.scheduleApply$lambda$1:16 com.honeyspace.transition.utils.SurfaceTransactionApplier.b:0 
06-19 10:27:35.327  4323  7130 I VRI[LauncherActivity]@6215e88: mWNT: t=0xb40000767137a750 mBlastBufferQueue=0xb4000076015602b0 fn= 1173 HdrRenderState mRenderHdrSdrRatio=1.0 caller= com.android.systemui.shared.launcher.ViewRootImplCompat.mergeWithNextTransaction:4 com.honeyspace.transition.utils.SurfaceTransactionApplier.scheduleApply$lambda$1:16 com.honeyspace.transition.utils.SurfaceTransactionApplier.b:0 
06-19 10:27:35.334  4323  4323 I HoneySpace.FloatingAnimator: [Player:A(34.894)] container x: 571.2661, y: 1132.835, scale : 0.17012018
06-19 10:27:35.334  4323  4323 I HoneySpace.FloatingAnimator: [Player:A(34.894)] container x: 571.51025, y: 1132.9156, scale : 0.16966948
06-19 10:27:35.335  4323  7129 I VRI[LauncherActivity]@6215e88: mWNT: t=0xb4000076713b38d0 mBlastBufferQueue=0xb4000076015602b0 fn= 1174 HdrRenderState mRenderHdrSdrRatio=1.0 caller= com.android.systemui.shared.launcher.ViewRootImplCompat.mergeWithNextTransaction:4 com.honeyspace.transition.utils.SurfaceTransactionApplier.scheduleApply$lambda$1:16 com.honeyspace.transition.utils.SurfaceTransactionApplier.b:0 
06-19 10:27:35.335  4323  7129 I VRI[LauncherActivity]@6215e88: mWNT: t=0xb4000076713d61d0 mBlastBufferQueue=0xb4000076015602b0 fn= 1174 HdrRenderState mRenderHdrSdrRatio=1.0 caller= com.android.systemui.shared.launcher.ViewRootImplCompat.mergeWithNextTransaction:4 com.honeyspace.transition.utils.SurfaceTransactionApplier.scheduleApply$lambda$1:16 com.honeyspace.transition.utils.SurfaceTransactionApplier.b:0 
06-19 10:27:35.342  4323  4323 I HoneySpace.FloatingAnimator: [Player:A(34.894)] container x: 571.51025, y: 1133.1421, scale : 0.16966948
06-19 10:27:35.342  4323  4323 I HoneySpace.FloatingAnimator: [Player:A(34.894)] container x: 571.74744, y: 1133.2205, scale : 0.16923167
06-19 10:27:35.343  4323  7130 I VRI[LauncherActivity]@6215e88: mWNT: t=0xb4000076713b2c90 mBlastBufferQueue=0xb4000076015602b0 fn= 1175 HdrRenderState mRenderHdrSdrRatio=1.0 caller= com.android.systemui.shared.launcher.ViewRootImplCompat.mergeWithNextTransaction:4 com.honeyspace.transition.utils.SurfaceTransactionApplier.scheduleApply$lambda$1:16 com.honeyspace.transition.utils.SurfaceTransactionApplier.b:0 
06-19 10:27:35.343  4323  7130 I VRI[LauncherActivity]@6215e88: mWNT: t=0xb4000076713e10d0 mBlastBufferQueue=0xb4000076015602b0 fn= 1175 HdrRenderState mRenderHdrSdrRatio=1.0 caller= com.android.systemui.shared.launcher.ViewRootImplCompat.mergeWithNextTransaction:4 com.honeyspace.transition.utils.SurfaceTransactionApplier.scheduleApply$lambda$1:16 com.honeyspace.transition.utils.SurfaceTransactionApplier.b:0 
06-19 10:27:35.346  2771  2881 W ActivityTaskManager: Activity top resumed state loss timeout for ActivityRecord{196862646 u0 com.ESC.sobersight/.MainActivity t334 f} isExiting}
06-19 10:27:35.347  2771  2881 D ActivityTaskManager: scheduleTopResumedActivityChanged, onTop=true, r=ActivityRecord{33401934 u0 com.sec.android.app.launcher/.activities.LauncherActivity t319}, caller=com.android.server.wm.ActivityTaskSupervisor.scheduleTopResumedActivityStateIfNeeded:18 com.android.server.wm.ActivityTaskSupervisor.handleTopResumedStateReleased:44 com.android.server.wm.ActivityTaskSupervisor$ActivityTaskSupervisorHandler.handleMessageInner:42 com.android.server.wm.ActivityTaskSupervisor$ActivityTaskSupervisorHandler.handleMessage:11 android.os.Handler.dispatchMessage:110 android.os.Looper.loopOnce:273 
06-19 10:27:35.350  2771  2771 W AccessibilityManagerService:  wait for adding window timeout: 56
06-19 10:27:35.350  4323  4323 I HoneySpace.FloatingAnimator: [Player:A(34.894)] container x: 571.74744, y: 1133.3417, scale : 0.16991216
06-19 10:27:35.351  4323  4323 I HoneySpace.FloatingAnimator: [Player:A(34.894)] container x: 571.9289, y: 1133.4016, scale : 0.16957612
06-19 10:27:35.351  4323  7129 I VRI[LauncherActivity]@6215e88: mWNT: t=0xb4000076713b1790 mBlastBufferQueue=0xb4000076015602b0 fn= 1176 HdrRenderState mRenderHdrSdrRatio=1.0 caller= com.android.systemui.shared.launcher.ViewRootImplCompat.mergeWithNextTransaction:4 com.honeyspace.transition.utils.SurfaceTransactionApplier.scheduleApply$lambda$1:16 com.honeyspace.transition.utils.SurfaceTransactionApplier.b:0 
06-19 10:27:35.352  4323  7129 I VRI[LauncherActivity]@6215e88: mWNT: t=0xb4000076713bfe90 mBlastBufferQueue=0xb4000076015602b0 fn= 1176 HdrRenderState mRenderHdrSdrRatio=1.0 caller= com.android.systemui.shared.launcher.ViewRootImplCompat.mergeWithNextTransaction:4 com.honeyspace.transition.utils.SurfaceTransactionApplier.scheduleApply$lambda$1:16 com.honeyspace.transition.utils.SurfaceTransactionApplier.b:0 
06-19 10:27:35.359  4323  4323 I HoneySpace.FloatingAnimator: [Player:A(34.894)] container x: 571.9289, y: 1133.4576, scale : 0.16957612
06-19 10:27:35.359  4323  4323 I HoneySpace.FloatingAnimator: [Player:A(34.894)] container x: 572.0863, y: 1133.5095, scale : 0.16928463
06-19 10:27:35.359  4323  7130 I VRI[LauncherActivity]@6215e88: mWNT: t=0xb4000076713ab750 mBlastBufferQueue=0xb4000076015602b0 fn= 1177 HdrRenderState mRenderHdrSdrRatio=1.0 caller= com.android.systemui.shared.launcher.ViewRootImplCompat.mergeWithNextTransaction:4 com.honeyspace.transition.utils.SurfaceTransactionApplier.scheduleApply$lambda$1:16 com.honeyspace.transition.utils.SurfaceTransactionApplier.b:0 
06-19 10:27:35.360  4323  7130 I VRI[LauncherActivity]@6215e88: mWNT: t=0xb4000076713e3050 mBlastBufferQueue=0xb4000076015602b0 fn= 1177 HdrRenderState mRenderHdrSdrRatio=1.0 caller= com.android.systemui.shared.launcher.ViewRootImplCompat.mergeWithNextTransaction:4 com.honeyspace.transition.utils.SurfaceTransactionApplier.scheduleApply$lambda$1:16 com.honeyspace.transition.utils.SurfaceTransactionApplier.b:0 
06-19 10:27:35.367  4323  4323 I HoneySpace.FloatingAnimator: [Player:A(34.894)] container x: 572.0863, y: 1133.5057, scale : 0.16928463
06-19 10:27:35.367  4323  4323 I HoneySpace.FloatingAnimator: [Player:A(34.894)] container x: 572.2384, y: 1133.556, scale : 0.16900295
06-19 10:27:35.368  4323  7129 I VRI[LauncherActivity]@6215e88: mWNT: t=0xb4000076714303d0 mBlastBufferQueue=0xb4000076015602b0 fn= 1178 HdrRenderState mRenderHdrSdrRatio=1.0 caller= com.android.systemui.shared.launcher.ViewRootImplCompat.mergeWithNextTransaction:4 com.honeyspace.transition.utils.SurfaceTransactionApplier.scheduleApply$lambda$1:16 com.honeyspace.transition.utils.SurfaceTransactionApplier.b:0 
06-19 10:27:35.368  4323  7129 I VRI[LauncherActivity]@6215e88: mWNT: t=0xb40000767135ec90 mBlastBufferQueue=0xb4000076015602b0 fn= 1178 HdrRenderState mRenderHdrSdrRatio=1.0 caller= com.android.systemui.shared.launcher.ViewRootImplCompat.mergeWithNextTransaction:4 com.honeyspace.transition.utils.SurfaceTransactionApplier.scheduleApply$lambda$1:16 com.honeyspace.transition.utils.SurfaceTransactionApplier.b:0 
06-19 10:27:35.370  2771  2881 W AccessibilityWindowsPopulator: Windows change within in 2 frames continuously over 500 ms and notify windows changed immediately
06-19 10:27:35.375  4323  4323 I HoneySpace.FloatingAnimator: [Player:A(34.894)] container x: 572.2384, y: 1133.5022, scale : 0.16900295
06-19 10:27:35.376  4323  4323 I HoneySpace.FloatingAnimator: [Player:A(34.894)] container x: 572.3541, y: 1133.5404, scale : 0.16878866
06-19 10:27:35.376  4323  7130 I VRI[LauncherActivity]@6215e88: mWNT: t=0xb40000767142bdd0 mBlastBufferQueue=0xb4000076015602b0 fn= 1179 HdrRenderState mRenderHdrSdrRatio=1.0 caller= com.android.systemui.shared.launcher.ViewRootImplCompat.mergeWithNextTransaction:4 com.honeyspace.transition.utils.SurfaceTransactionApplier.scheduleApply$lambda$1:16 com.honeyspace.transition.utils.SurfaceTransactionApplier.b:0 
06-19 10:27:35.377  4323  7130 I VRI[LauncherActivity]@6215e88: mWNT: t=0xb400007671369810 mBlastBufferQueue=0xb4000076015602b0 fn= 1179 HdrRenderState mRenderHdrSdrRatio=1.0 caller= com.android.systemui.shared.launcher.ViewRootImplCompat.mergeWithNextTransaction:4 com.honeyspace.transition.utils.SurfaceTransactionApplier.scheduleApply$lambda$1:16 com.honeyspace.transition.utils.SurfaceTransactionApplier.b:0 
06-19 10:27:35.384  4323  4323 I HoneySpace.FloatingAnimator: [Player:A(34.894)] container x: 572.3541, y: 1133.4324, scale : 0.16878866
06-19 10:27:35.384  4323  4323 I HoneySpace.FloatingAnimator: [Player:A(34.894)] container x: 572.46545, y: 1133.4691, scale : 0.1685825
06-19 10:27:35.385  4323  7129 I VRI[LauncherActivity]@6215e88: mWNT: t=0xb4000076713f0250 mBlastBufferQueue=0xb4000076015602b0 fn= 1180 HdrRenderState mRenderHdrSdrRatio=1.0 caller= com.android.systemui.shared.launcher.ViewRootImplCompat.mergeWithNextTransaction:4 com.honeyspace.transition.utils.SurfaceTransactionApplier.scheduleApply$lambda$1:16 com.honeyspace.transition.utils.SurfaceTransactionApplier.b:0 
06-19 10:27:35.385  4323  7129 I VRI[LauncherActivity]@6215e88: mWNT: t=0xb4000076713c88d0 mBlastBufferQueue=0xb4000076015602b0 fn= 1180 HdrRenderState mRenderHdrSdrRatio=1.0 caller= com.android.systemui.shared.launcher.ViewRootImplCompat.mergeWithNextTransaction:4 com.honeyspace.transition.utils.SurfaceTransactionApplier.scheduleApply$lambda$1:16 com.honeyspace.transition.utils.SurfaceTransactionApplier.b:0 
06-19 10:27:35.392  4323  4323 I HoneySpace.FloatingAnimator: [Player:A(34.894)] container x: 572.46545, y: 1133.3381, scale : 0.1685825
06-19 10:27:35.392  4323  4323 I HoneySpace.FloatingAnimator: [Player:A(34.894)] container x: 572.5498, y: 1133.3661, scale : 0.16842629
06-19 10:27:35.394  4323  7130 I VRI[LauncherActivity]@6215e88: mWNT: t=0xb4000076713986d0 mBlastBufferQueue=0xb4000076015602b0 fn= 1181 HdrRenderState mRenderHdrSdrRatio=1.0 caller= com.android.systemui.shared.launcher.ViewRootImplCompat.mergeWithNextTransaction:4 com.honeyspace.transition.utils.SurfaceTransactionApplier.scheduleApply$lambda$1:16 com.honeyspace.transition.utils.SurfaceTransactionApplier.b:0 
06-19 10:27:35.394  4323  7130 I VRI[LauncherActivity]@6215e88: mWNT: t=0xb400007671397a90 mBlastBufferQueue=0xb4000076015602b0 fn= 1181 HdrRenderState mRenderHdrSdrRatio=1.0 caller= com.android.systemui.shared.launcher.ViewRootImplCompat.mergeWithNextTransaction:4 com.honeyspace.transition.utils.SurfaceTransactionApplier.scheduleApply$lambda$1:16 com.honeyspace.transition.utils.SurfaceTransactionApplier.b:0 
06-19 10:27:35.400  4323  4323 I HoneySpace.FloatingAnimator: [Player:A(34.894)] container x: 572.5498, y: 1133.2081, scale : 0.16842629
06-19 10:27:35.401  4323  4323 I HoneySpace.FloatingAnimator: [Player:A(34.894)] container x: 572.6223, y: 1133.232, scale : 0.16829202
06-19 10:27:35.402  4323  7129 I VRI[LauncherActivity]@6215e88: mWNT: t=0xb400007671366710 mBlastBufferQueue=0xb4000076015602b0 fn= 1182 HdrRenderState mRenderHdrSdrRatio=1.0 caller= com.android.systemui.shared.launcher.ViewRootImplCompat.mergeWithNextTransaction:4 com.honeyspace.transition.utils.SurfaceTransactionApplier.scheduleApply$lambda$1:16 com.honeyspace.transition.utils.SurfaceTransactionApplier.b:0 
06-19 10:27:35.402  4323  7129 I VRI[LauncherActivity]@6215e88: mWNT: t=0xb4000076713ae150 mBlastBufferQueue=0xb4000076015602b0 fn= 1182 HdrRenderState mRenderHdrSdrRatio=1.0 caller= com.android.systemui.shared.launcher.ViewRootImplCompat.mergeWithNextTransaction:4 com.honeyspace.transition.utils.SurfaceTransactionApplier.scheduleApply$lambda$1:16 com.honeyspace.transition.utils.SurfaceTransactionApplier.b:0 
06-19 10:27:35.409  4323  4323 I HoneySpace.FloatingAnimator: [Player:A(34.894)] container x: 572.6223, y: 1133.0287, scale : 0.16829202
06-19 10:27:35.409  4323  4323 I HoneySpace.FloatingAnimator: [Player:A(34.894)] container x: 572.6915, y: 1133.0515, scale : 0.16816384
06-19 10:27:35.410  4323  7130 I VRI[LauncherActivity]@6215e88: mWNT: t=0xb4000076713ef7d0 mBlastBufferQueue=0xb4000076015602b0 fn= 1183 HdrRenderState mRenderHdrSdrRatio=1.0 caller= com.android.systemui.shared.launcher.ViewRootImplCompat.mergeWithNextTransaction:4 com.honeyspace.transition.utils.SurfaceTransactionApplier.scheduleApply$lambda$1:16 com.honeyspace.transition.utils.SurfaceTransactionApplier.b:0 
06-19 10:27:35.410  4323  7130 I VRI[LauncherActivity]@6215e88: mWNT: t=0xb40000767136be90 mBlastBufferQueue=0xb4000076015602b0 fn= 1183 HdrRenderState mRenderHdrSdrRatio=1.0 caller= com.android.systemui.shared.launcher.ViewRootImplCompat.mergeWithNextTransaction:4 com.honeyspace.transition.utils.SurfaceTransactionApplier.scheduleApply$lambda$1:16 com.honeyspace.transition.utils.SurfaceTransactionApplier.b:0 
06-19 10:27:35.417  4323  4323 I HoneySpace.FloatingAnimator: [Player:A(34.894)] container x: 572.6915, y: 1132.8529, scale : 0.16816384
06-19 10:27:35.418  4323  4323 I HoneySpace.FloatingAnimator: [Player:A(34.894)] container x: 572.74365, y: 1132.8701, scale : 0.1680673
06-19 10:27:35.418  4323  7129 I VRI[LauncherActivity]@6215e88: mWNT: t=0xb4000076713c65d0 mBlastBufferQueue=0xb4000076015602b0 fn= 1184 HdrRenderState mRenderHdrSdrRatio=1.0 caller= com.android.systemui.shared.launcher.ViewRootImplCompat.mergeWithNextTransaction:4 com.honeyspace.transition.utils.SurfaceTransactionApplier.scheduleApply$lambda$1:16 com.honeyspace.transition.utils.SurfaceTransactionApplier.b:0 
06-19 10:27:35.418  4323  7129 I VRI[LauncherActivity]@6215e88: mWNT: t=0xb40000767135c610 mBlastBufferQueue=0xb4000076015602b0 fn= 1184 HdrRenderState mRenderHdrSdrRatio=1.0 caller= com.android.systemui.shared.launcher.ViewRootImplCompat.mergeWithNextTransaction:4 com.honeyspace.transition.utils.SurfaceTransactionApplier.scheduleApply$lambda$1:16 com.honeyspace.transition.utils.SurfaceTransactionApplier.b:0 
06-19 10:27:35.426  4323  4323 I HoneySpace.FloatingAnimator: [Player:A(34.894)] container x: 572.74365, y: 1132.632, scale : 0.1680673
06-19 10:27:35.426  4323  4323 I HoneySpace.FloatingAnimator: [Player:A(34.894)] container x: 572.7932, y: 1132.6484, scale : 0.16797553
06-19 10:27:35.427  4323  7130 I VRI[LauncherActivity]@6215e88: mWNT: t=0xb400007671429c90 mBlastBufferQueue=0xb4000076015602b0 fn= 1185 HdrRenderState mRenderHdrSdrRatio=1.0 caller= com.android.systemui.shared.launcher.ViewRootImplCompat.mergeWithNextTransaction:4 com.honeyspace.transition.utils.SurfaceTransactionApplier.scheduleApply$lambda$1:16 com.honeyspace.transition.utils.SurfaceTransactionApplier.b:0 
06-19 10:27:35.427  4323  7130 I VRI[LauncherActivity]@6215e88: mWNT: t=0xb400007671362f10 mBlastBufferQueue=0xb4000076015602b0 fn= 1185 HdrRenderState mRenderHdrSdrRatio=1.0 caller= com.android.systemui.shared.launcher.ViewRootImplCompat.mergeWithNextTransaction:4 com.honeyspace.transition.utils.SurfaceTransactionApplier.scheduleApply$lambda$1:16 com.honeyspace.transition.utils.SurfaceTransactionApplier.b:0 
06-19 10:27:35.434  4323  4323 I HoneySpace.FloatingAnimator: [Player:A(34.894)] container x: 572.7932, y: 1132.4275, scale : 0.16797553
06-19 10:27:35.435  4323  4323 I HoneySpace.FloatingAnimator: [Player:A(34.894)] container x: 572.83026, y: 1132.4397, scale : 0.16790693
06-19 10:27:35.435  4323  7129 I VRI[LauncherActivity]@6215e88: mWNT: t=0xb4000076713c5290 mBlastBufferQueue=0xb4000076015602b0 fn= 1186 HdrRenderState mRenderHdrSdrRatio=1.0 caller= com.android.systemui.shared.launcher.ViewRootImplCompat.mergeWithNextTransaction:4 com.honeyspace.transition.utils.SurfaceTransactionApplier.scheduleApply$lambda$1:16 com.honeyspace.transition.utils.SurfaceTransactionApplier.b:0 
06-19 10:27:35.435  4323  7129 I VRI[LauncherActivity]@6215e88: mWNT: t=0xb4000076713b5850 mBlastBufferQueue=0xb4000076015602b0 fn= 1186 HdrRenderState mRenderHdrSdrRatio=1.0 caller= com.android.systemui.shared.launcher.ViewRootImplCompat.mergeWithNextTransaction:4 com.honeyspace.transition.utils.SurfaceTransactionApplier.scheduleApply$lambda$1:16 com.honeyspace.transition.utils.SurfaceTransactionApplier.b:0 
06-19 10:27:35.442  4323  4323 I HoneySpace.FloatingAnimator: [Player:A(34.894)] container x: 572.83026, y: 1132.2131, scale : 0.16790693
06-19 10:27:35.442  4323  4323 I HoneySpace.FloatingAnimator: [Player:A(34.894)] container x: 573.0, y: 1132.2692, scale : 0.1675926
06-19 10:27:35.443  4323  7130 I VRI[LauncherActivity]@6215e88: mWNT: t=0xb4000076713e3210 mBlastBufferQueue=0xb4000076015602b0 fn= 1187 HdrRenderState mRenderHdrSdrRatio=1.0 caller= com.android.systemui.shared.launcher.ViewRootImplCompat.mergeWithNextTransaction:4 com.honeyspace.transition.utils.SurfaceTransactionApplier.scheduleApply$lambda$1:16 com.honeyspace.transition.utils.SurfaceTransactionApplier.b:0 
06-19 10:27:35.443  4323  7130 I VRI[LauncherActivity]@6215e88: mWNT: t=0xb4000076713c6790 mBlastBufferQueue=0xb4000076015602b0 fn= 1187 HdrRenderState mRenderHdrSdrRatio=1.0 caller= com.android.systemui.shared.launcher.ViewRootImplCompat.mergeWithNextTransaction:4 com.honeyspace.transition.utils.SurfaceTransactionApplier.scheduleApply$lambda$1:16 com.honeyspace.transition.utils.SurfaceTransactionApplier.b:0 
06-19 10:27:35.450  2028  2028 E SurfaceFlinger: alpha changed 0.000 -> 0.000 - Surface(name=Task=334)/@0x5ee0d04_transition-leash#660
06-19 10:27:35.451  4323  4323 I HoneySpace.FloatingAnimator: [Player:A(34.894)] container x: 573.0, y: 1132.0398, scale : 0.1675926
06-19 10:27:35.452  4323  7129 I VRI[LauncherActivity]@6215e88: mWNT: t=0xb400007671396910 mBlastBufferQueue=0xb4000076015602b0 fn= 1188 HdrRenderState mRenderHdrSdrRatio=1.0 caller= com.android.systemui.shared.launcher.ViewRootImplCompat.mergeWithNextTransaction:4 com.honeyspace.transition.utils.SurfaceTransactionApplier.scheduleApply$lambda$1:16 com.honeyspace.transition.utils.SurfaceTransactionApplier.b:0 
06-19 10:27:35.459  4323  4323 I HoneySpace.FloatingAnimator: [Player:A(34.894)] container x: 573.0, y: 1131.7812, scale : 0.1675926
06-19 10:27:35.460  4323  7130 I VRI[LauncherActivity]@6215e88: mWNT: t=0xb4000076713c6e90 mBlastBufferQueue=0xb4000076015602b0 fn= 1189 HdrRenderState mRenderHdrSdrRatio=1.0 caller= com.android.systemui.shared.launcher.ViewRootImplCompat.mergeWithNextTransaction:4 com.honeyspace.transition.utils.SurfaceTransactionApplier.scheduleApply$lambda$1:16 com.honeyspace.transition.utils.SurfaceTransactionApplier.b:0 
06-19 10:27:35.467  4323  4323 I HoneySpace.FloatingAnimator: [Player:A(34.894)] container x: 573.0, y: 1131.5531, scale : 0.1675926
06-19 10:27:35.468  4323  7129 I VRI[LauncherActivity]@6215e88: mWNT: t=0xb4000076713661d0 mBlastBufferQueue=0xb4000076015602b0 fn= 1190 HdrRenderState mRenderHdrSdrRatio=1.0 caller= com.android.systemui.shared.launcher.ViewRootImplCompat.mergeWithNextTransaction:4 com.honeyspace.transition.utils.SurfaceTransactionApplier.scheduleApply$lambda$1:16 com.honeyspace.transition.utils.SurfaceTransactionApplier.b:0 
06-19 10:27:35.476  4323  4323 I HoneySpace.FloatingAnimator: [Player:A(34.894)] container x: 573.0, y: 1131.3005, scale : 0.1675926
06-19 10:27:35.476  4323  7130 I VRI[LauncherActivity]@6215e88: mWNT: t=0xb4000076713c7050 mBlastBufferQueue=0xb4000076015602b0 fn= 1191 HdrRenderState mRenderHdrSdrRatio=1.0 caller= com.android.systemui.shared.launcher.ViewRootImplCompat.mergeWithNextTransaction:4 com.honeyspace.transition.utils.SurfaceTransactionApplier.scheduleApply$lambda$1:16 com.honeyspace.transition.utils.SurfaceTransactionApplier.b:0 
06-19 10:27:35.485  4323  4323 I HoneySpace.FloatingAnimator: [Player:A(34.894)] container x: 573.0, y: 1131.0812, scale : 0.1675926
06-19 10:27:35.486  4323  7129 I VRI[LauncherActivity]@6215e88: mWNT: t=0xb4000076713c5d10 mBlastBufferQueue=0xb4000076015602b0 fn= 1192 HdrRenderState mRenderHdrSdrRatio=1.0 caller= com.android.systemui.shared.launcher.ViewRootImplCompat.mergeWithNextTransaction:4 com.honeyspace.transition.utils.SurfaceTransactionApplier.scheduleApply$lambda$1:16 com.honeyspace.transition.utils.SurfaceTransactionApplier.b:0 
06-19 10:27:35.489  2004  2027 E HeatmapThread: ECT Thread time in milliseconds: 1781879255
06-19 10:27:35.489  2004  2027 D HeatmapThread: !@ batteryplugType : 0
06-19 10:27:35.489  2004  2027 D HeatmapThread: !@ batteryLevel : 0  batteryTemperature : 0 
06-19 10:27:35.489  2004  2027 D HeatmapThread: !@ Heatmap currtime: 29697987
06-19 10:27:35.489  2004  2027 D HeatmapThread: !@ Heatmap prevtime: 29697965
06-19 10:27:35.489  2004  2027 D HeatmapThread: !@ Heatmap plugstarttime: 35791394
06-19 10:27:35.489  2004  2027 D HeatmapThread: !@ Heatmap prevv_dsoh_update_time: 29697305
06-19 10:27:35.490  2004  2027 E HeatmapThread: !@Could not open '/efs/FactoryApp/bsoh', errno = 13
06-19 10:27:35.490  2004  2027 E HeatmapThread: !@ CAM Could not access BSOH EFS
06-19 10:27:35.490  2004  2027 E HeatmapThread: !@ CAM New BSOH: 0
06-19 10:27:35.493  4323  4323 I HoneySpace.FloatingAnimator: [Player:A(34.894)] container x: 573.0, y: 1130.8678, scale : 0.1675926
06-19 10:27:35.494  4323  7130 I VRI[LauncherActivity]@6215e88: mWNT: t=0xb400007671358a90 mBlastBufferQueue=0xb4000076015602b0 fn= 1193 HdrRenderState mRenderHdrSdrRatio=1.0 caller= com.android.systemui.shared.launcher.ViewRootImplCompat.mergeWithNextTransaction:4 com.honeyspace.transition.utils.SurfaceTransactionApplier.scheduleApply$lambda$1:16 com.honeyspace.transition.utils.SurfaceTransactionApplier.b:0 
06-19 10:27:35.501  4323  4323 I HoneySpace.FloatingAnimator: [Player:A(34.894)] container x: 573.0, y: 1130.636, scale : 0.1675926
06-19 10:27:35.502  4323  7129 I VRI[LauncherActivity]@6215e88: mWNT: t=0xb4000076713c4f10 mBlastBufferQueue=0xb4000076015602b0 fn= 1194 HdrRenderState mRenderHdrSdrRatio=1.0 caller= com.android.systemui.shared.launcher.ViewRootImplCompat.mergeWithNextTransaction:4 com.honeyspace.transition.utils.SurfaceTransactionApplier.scheduleApply$lambda$1:16 com.honeyspace.transition.utils.SurfaceTransactionApplier.b:0 
06-19 10:27:35.509  4323  4323 I HoneySpace.FloatingAnimator: [Player:A(34.894)] container x: 573.0, y: 1130.4381, scale : 0.1675926
06-19 10:27:35.511  4323  7130 I VRI[LauncherActivity]@6215e88: mWNT: t=0xb40000767135f390 mBlastBufferQueue=0xb4000076015602b0 fn= 1195 HdrRenderState mRenderHdrSdrRatio=1.0 caller= com.android.systemui.shared.launcher.ViewRootImplCompat.mergeWithNextTransaction:4 com.honeyspace.transition.utils.SurfaceTransactionApplier.scheduleApply$lambda$1:16 com.honeyspace.transition.utils.SurfaceTransactionApplier.b:0 
06-19 10:27:35.518  4323  4323 I HoneySpace.FloatingAnimator: [Player:A(34.894)] container x: 573.0, y: 1130.2484, scale : 0.1675926
06-19 10:27:35.519  4323  7129 I VRI[LauncherActivity]@6215e88: mWNT: t=0xb4000076713c9a50 mBlastBufferQueue=0xb4000076015602b0 fn= 1196 HdrRenderState mRenderHdrSdrRatio=1.0 caller= com.android.systemui.shared.launcher.ViewRootImplCompat.mergeWithNextTransaction:4 com.honeyspace.transition.utils.SurfaceTransactionApplier.scheduleApply$lambda$1:16 com.honeyspace.transition.utils.SurfaceTransactionApplier.b:0 
06-19 10:27:35.526  4323  4323 I HoneySpace.FloatingAnimator: [Player:A(34.894)] container x: 573.0, y: 1130.0454, scale : 0.1675926
06-19 10:27:35.527  4323  7130 I VRI[LauncherActivity]@6215e88: mWNT: t=0xb4000076713c9c10 mBlastBufferQueue=0xb4000076015602b0 fn= 1197 HdrRenderState mRenderHdrSdrRatio=1.0 caller= com.android.systemui.shared.launcher.ViewRootImplCompat.mergeWithNextTransaction:4 com.honeyspace.transition.utils.SurfaceTransactionApplier.scheduleApply$lambda$1:16 com.honeyspace.transition.utils.SurfaceTransactionApplier.b:0 
06-19 10:27:35.534  4323  4323 I HoneySpace.FloatingAnimator: [Player:A(34.894)] container x: 573.0, y: 1129.8744, scale : 0.1675926
06-19 10:27:35.535  4323  7129 I VRI[LauncherActivity]@6215e88: mWNT: t=0xb400007671360a50 mBlastBufferQueue=0xb4000076015602b0 fn= 1198 HdrRenderState mRenderHdrSdrRatio=1.0 caller= com.android.systemui.shared.launcher.ViewRootImplCompat.mergeWithNextTransaction:4 com.honeyspace.transition.utils.SurfaceTransactionApplier.scheduleApply$lambda$1:16 com.honeyspace.transition.utils.SurfaceTransactionApplier.b:0 
06-19 10:27:35.543  4323  4323 I HoneySpace.FloatingAnimator: [Player:A(34.894)] container x: 573.0, y: 1129.6929, scale : 0.1675926
06-19 10:27:35.544  4323  7130 I VRI[LauncherActivity]@6215e88: mWNT: t=0xb4000076713c4110 mBlastBufferQueue=0xb4000076015602b0 fn= 1199 HdrRenderState mRenderHdrSdrRatio=1.0 caller= com.android.systemui.shared.launcher.ViewRootImplCompat.mergeWithNextTransaction:4 com.honeyspace.transition.utils.SurfaceTransactionApplier.scheduleApply$lambda$1:16 com.honeyspace.transition.utils.SurfaceTransactionApplier.b:0 
06-19 10:27:35.551  4323  4323 I HoneySpace.FloatingAnimator: [Player:A(34.894)] container x: 573.0, y: 1129.5411, scale : 0.1675926
06-19 10:27:35.552  4323  7129 I VRI[LauncherActivity]@6215e88: mWNT: t=0xb4000076713c42d0 mBlastBufferQueue=0xb4000076015602b0 fn= 1200 HdrRenderState mRenderHdrSdrRatio=1.0 caller= com.android.systemui.shared.launcher.ViewRootImplCompat.mergeWithNextTransaction:4 com.honeyspace.transition.utils.SurfaceTransactionApplier.scheduleApply$lambda$1:16 com.honeyspace.transition.utils.SurfaceTransactionApplier.b:0 
06-19 10:27:35.559  4323  4323 I HoneySpace.FloatingAnimator: [Player:A(34.894)] container x: 573.0, y: 1129.3984, scale : 0.1675926
06-19 10:27:35.560  4323  7130 I VRI[LauncherActivity]@6215e88: mWNT: t=0xb400007671363990 mBlastBufferQueue=0xb4000076015602b0 fn= 1201 HdrRenderState mRenderHdrSdrRatio=1.0 caller= com.android.systemui.shared.launcher.ViewRootImplCompat.mergeWithNextTransaction:4 com.honeyspace.transition.utils.SurfaceTransactionApplier.scheduleApply$lambda$1:16 com.honeyspace.transition.utils.SurfaceTransactionApplier.b:0 
06-19 10:27:35.568  4323  4323 I HoneySpace.FloatingAnimator: [Player:A(34.894)] container x: 573.0, y: 1129.2485, scale : 0.1675926
06-19 10:27:35.569  4323  7129 I VRI[LauncherActivity]@6215e88: mWNT: t=0xb4000076713c6250 mBlastBufferQueue=0xb4000076015602b0 fn= 1202 HdrRenderState mRenderHdrSdrRatio=1.0 caller= com.android.systemui.shared.launcher.ViewRootImplCompat.mergeWithNextTransaction:4 com.honeyspace.transition.utils.SurfaceTransactionApplier.scheduleApply$lambda$1:16 com.honeyspace.transition.utils.SurfaceTransactionApplier.b:0 
06-19 10:27:35.577  4323  4323 I HoneySpace.FloatingAnimator: [Player:A(34.894)] container x: 573.0, y: 1129.1246, scale : 0.1675926
06-19 10:27:35.578  4323  7130 I VRI[LauncherActivity]@6215e88: mWNT: t=0xb4000076713c6090 mBlastBufferQueue=0xb4000076015602b0 fn= 1203 HdrRenderState mRenderHdrSdrRatio=1.0 caller= com.android.systemui.shared.launcher.ViewRootImplCompat.mergeWithNextTransaction:4 com.honeyspace.transition.utils.SurfaceTransactionApplier.scheduleApply$lambda$1:16 com.honeyspace.transition.utils.SurfaceTransactionApplier.b:0 
06-19 10:27:35.585  4323  4323 I HoneySpace.FloatingAnimator: [Player:A(34.894)] container x: 573.0, y: 1129.0092, scale : 0.1675926
06-19 10:27:35.586  4323  7129 I VRI[LauncherActivity]@6215e88: mWNT: t=0xb40000767138bbd0 mBlastBufferQueue=0xb4000076015602b0 fn= 1204 HdrRenderState mRenderHdrSdrRatio=1.0 caller= com.android.systemui.shared.launcher.ViewRootImplCompat.mergeWithNextTransaction:4 com.honeyspace.transition.utils.SurfaceTransactionApplier.scheduleApply$lambda$1:16 com.honeyspace.transition.utils.SurfaceTransactionApplier.b:0 
06-19 10:27:35.593  4323  4323 I HoneySpace.FloatingAnimator: [Player:A(34.894)] container x: 573.0, y: 1128.889, scale : 0.1675926
06-19 10:27:35.594  4323  7130 I VRI[LauncherActivity]@6215e88: mWNT: t=0xb400007671365c90 mBlastBufferQueue=0xb4000076015602b0 fn= 1205 HdrRenderState mRenderHdrSdrRatio=1.0 caller= com.android.systemui.shared.launcher.ViewRootImplCompat.mergeWithNextTransaction:4 com.honeyspace.transition.utils.SurfaceTransactionApplier.scheduleApply$lambda$1:16 com.honeyspace.transition.utils.SurfaceTransactionApplier.b:0 
06-19 10:27:35.602  4323  4323 I HoneySpace.FloatingAnimator: [Player:A(34.894)] container x: 573.0, y: 1128.7908, scale : 0.1675926
06-19 10:27:35.602  4323  4323 I HoneySpace.AppscreenViewModel: endGestureHint
06-19 10:27:35.602  4323  4323 I HoneySpace.AppscreenViewModel: resetAnimatedValues
06-19 10:27:35.602  4323  4323 I HoneySpace.HoneyScreenManagerImpl: transitionAnimator is ended, onCancel: false
06-19 10:27:35.602  4323  4323 I HoneySpace.ContentsAnimator: ContentsAnimator end [108659336]
06-19 10:27:35.603  4323  7129 I VRI[LauncherActivity]@6215e88: mWNT: t=0xb4000076713df4d0 mBlastBufferQueue=0xb4000076015602b0 fn= 1206 HdrRenderState mRenderHdrSdrRatio=1.0 caller= com.android.systemui.shared.launcher.ViewRootImplCompat.mergeWithNextTransaction:4 com.honeyspace.transition.utils.SurfaceTransactionApplier.scheduleApply$lambda$1:16 com.honeyspace.transition.utils.SurfaceTransactionApplier.b:0 
06-19 10:27:35.610  4323  4323 I HoneySpace.FloatingAnimator: [Player:A(34.894)] container x: 573.0, y: 1128.0, scale : 0.1675926
06-19 10:27:35.610  4323  4323 I HoneySpace.SpringAnimPlayer: [Player:A(34.894)] spring onAnimationEnd
06-19 10:27:35.611  4323  7130 I VRI[LauncherActivity]@6215e88: mWNT: t=0xb4000076713f21d0 mBlastBufferQueue=0xb4000076015602b0 fn= 1207 HdrRenderState mRenderHdrSdrRatio=1.0 caller= com.android.systemui.shared.launcher.ViewRootImplCompat.mergeWithNextTransaction:4 com.honeyspace.transition.utils.SurfaceTransactionApplier.scheduleApply$lambda$1:16 com.honeyspace.transition.utils.SurfaceTransactionApplier.b:0 
06-19 10:27:35.618  4323  4323 I HoneySpace.SpringAnimPlayer: [Player:A(34.894)] floating spring animator end
06-19 10:27:35.618  4323  4323 I HoneySpace.FloatingAnimator: reset containerView, com.honeyspace.transition.anim.floating.ContainerView{c4a3b3f V.E...... ........ 0,0-1080,1080}
06-19 10:27:35.618  4323  4323 I HoneySpace.FloatingAnimator: remove positionListener - com.honeyspace.transition.anim.floating.c@85ff00f
06-19 10:27:35.618  4323  4323 I HoneySpace.FloatingAnimator: [Player:A(34.894)] reset
06-19 10:27:35.618  4323  4323 I HoneySpace.IconView: setIconVisible : visible-true, currentForceHideBadge-true
06-19 10:27:35.618  4323  4323 I HoneySpace.IconView: updateInvisibleState true APP_CLOSING current:2 new:0
06-19 10:27:35.618  4323  4323 I HoneySpace.FloatingAnimator: playerCount : 0
06-19 10:27:35.619  4323  4323 I HoneySpace.FloatingFinishHelper: finishInProgress: true
06-19 10:27:35.619  4323  4323 I HoneySpace.AppCloseAnimationDelegate: animatorSet end
06-19 10:27:35.619  4323  4323 I HoneySpace.DeJankUtils: postAfterTraversal is called com.honeyspace.common.performance.JankWrapper$addCujInstrumentation$1$4$1@a88c0e0, immediate : true detail : app transition end
06-19 10:27:35.619  4323  4323 I HoneySpace.AnimationResult: finish, false
06-19 10:27:35.619  4323  4323 I HoneySpace.FloatingFinishHelper: isAppShow reset, immediate
06-19 10:27:35.619  4323  4323 I HoneySpace.FloatingAnimator: [Player:A(34.894)] spring set end called
06-19 10:27:35.620  4323 21991 I HoneySpace.AnimationResult: asyncFinishRunnable run
06-19 10:27:35.620  3813  3868 V WindowManagerShell: Transition animation finished (aborted=false), notifying core (#59) android.os.BinderProxy@8172033@0
06-19 10:27:35.620  3813  3868 I SurfaceControlRegistry: apply, t=FinishTransaction_SyncId<59>, caller=android.view.SurfaceControl$Transaction.apply:3459 android.view.SurfaceControl$Transaction.apply:3447 android.view.SurfaceControl$Transaction.apply:3397 com.android.wm.shell.transition.Transitions.onFinish:315 com.android.wm.shell.transition.Transitions$$ExternalSyntheticLambda7.onTransitionFinished:12 com.android.wm.shell.transition.RemoteTransitionHandler$1$$ExternalSyntheticLambda0.run:78 
06-19 10:27:35.622  2771  2802 V WindowManager: Finish Transition: TransitionRecord{1fa2a14 id=59 type=CLOSE flags=0x10 c=[
06-19 10:27:35.622  2771  2802 V WindowManager:    ChangeInfo{50dfc75 container=ActivityRecord{33401934 u0 com.sec.android.app.launcher/.activities.LauncherActivity t319} flags=0x0}
06-19 10:27:35.622  2771  2802 V WindowManager:    ChangeInfo{15e540a container=Task{3147427 #1 type=home} flags=0x30}
06-19 10:27:35.622  2771  2802 V WindowManager:    ChangeInfo{c81047b container=Task{3eaae7c #319 type=home I=com.sec.android.app.launcher/.activities.LauncherActivity} flags=0x30}
06-19 10:27:35.622  2771  2802 V WindowManager:    ChangeInfo{46e9298 container=Display{#0 state=ON size=1080x2340 ROTATION_0} flags=0x0}
06-19 10:27:35.622  2771  2802 V WindowManager:    ChangeInfo{d4eeaf1 container=ActivityRecord{196862646 u0 com.ESC.sobersight/.MainActivity t334 f} isExiting} flags=0x0}
06-19 10:27:35.622  2771  2802 V WindowManager:    ChangeInfo{d95a6d6 container=DefaultTaskDisplayArea_d0@209168339 flags=0x0}
06-19 10:27:35.622  2771  2802 V WindowManager:    ChangeInfo{1116d57 container=Task{cd72bb7 #334 type=standard A=10369:com.ESC.sobersight} flags=0x10}
06-19 10:27:35.622  2771  2802 V WindowManager:    ChangeInfo{c064044 container=RemoteWallpaperAnim:1:1@226585969 flags=0x0}
06-19 10:27:35.622  2771  2802 V WindowManager:    ChangeInfo{ed6452d container=WallpaperWindowToken{fcfc1ca showWhenLocked=false}_<system> flags=0x0}
06-19 10:27:35.622  2771  2802 V WindowManager: ]
06-19 10:27:35.622  2771  2802 V WindowManager: }, caller=com.android.server.wm.WindowOrganizerController.finishTransitionInner:31 com.android.server.wm.WindowOrganizerController.finishAllTransitions:60 android.window.IWindowOrganizerController$Stub.onTransact:283 
06-19 10:27:35.622  4323  4323 I HoneySpace.AnimationResult: completeCallback run
06-19 10:27:35.623  4323  4323 I HoneySpace.RunnableList: executeAllAndClear() called, size: 1
06-19 10:27:35.623  2028  3420 I SurfaceFlinger: id=652 Removed 7d14e6f com.ESC.sobersight/com.ESC.sobersight.MainActivity#652 (140)
06-19 10:27:35.623  2028  3420 I SurfaceFlinger: id=653 Removed com.ESC.sobersight/com.ESC.sobersight.MainActivity$_16215#653 (140)
06-19 10:27:35.623  2028  2628 I SurfaceFlinger: id=660 Removed Surface(name=Task=334)/@0x5ee0d04_transition-leash#660 (140)
06-19 10:27:35.623  2771  2876 V WindowManager: Finish Transition (#59): created at 06-19 10:27:34.844 collect-started=0.31ms request-sent=0.626ms started=7.728ms ready=30.885ms sent=34.618ms commit=20.514ms finished=778.722ms
06-19 10:27:35.623  2028  3395 I SurfaceFlinger: id=659 Removed Surface(name=Task=1)/@0xe3df596_transition-leash#659 (140)
06-19 10:27:35.624  4323  4323 I HoneySpace.Launcher: onEnterAnimationComplete
06-19 10:27:35.625  2028  2171 I SurfaceFlinger: id=651 Removed 630b378 ActivityRecordInputSink com.ESC.sobersight/.MainActivity#651 (140)
06-19 10:27:35.625  2028  2171 I SurfaceFlinger: id=662 createSurf, flag=24004, Task=334#662
06-19 10:27:35.626  4323  4323 I HoneySpace.DeJankUtils: traversals callback's received
06-19 10:27:35.626  2028  2028 I SurfaceFlinger: RequestedLayer [Task=334#644] hidden!! flag  from(0) --> to(1)
06-19 10:27:35.626  4323  4323 I HoneySpace.DeJankUtils: doActionRunnable is called com.honeyspace.common.performance.JankWrapper$addCujInstrumentation$1$4$1@a88c0e0, immediate = true, detail : app transition end
06-19 10:27:35.626  2028  2028 I SurfaceFlinger: destroyed 7d14e6f com.ESC.sobersight/com.ESC.sobersight.MainActivity#652 form LifecycleManager
06-19 10:27:35.626  2028  2028 I SurfaceFlinger: destroyed com.ESC.sobersight/com.ESC.sobersight.MainActivity$_16215#653 form LifecycleManager
06-19 10:27:35.626  3813  3813 D SystemUIService: SYSUI_RAM_OPTIMIZATION onTrimMemory=20
06-19 10:27:35.626  2028  2028 I SurfaceFlinger: [LayerHierarchy{RequestedLayerState{Task=1#53 parentId=10} 2 children}] reparent to LayerHierarchy{RequestedLayerState{DefaultTaskDisplayArea_d0#10 parentId=9} 8 children}
06-19 10:27:35.626  2028  2028 I SurfaceFlinger: [LayerHierarchy{RequestedLayerState{WallpaperWindowToken{fcfc1ca showWhenLocked=false}#86 parentId=8 z=1} 1 children}] reparent to LayerHierarchy{RequestedLayerState{Leaf:1:1#8 parentId=7} 2 children}
06-19 10:27:35.627  2028  2028 I SurfaceFlinger: [LayerHierarchy{RequestedLayerState{Task=334#644 parentId=10 z=5} 1 children}] reparent to LayerHierarchy{RequestedLayerState{DefaultTaskDisplayArea_d0#10 parentId=9} 9 children}
06-19 10:27:35.627  3813  3813 D CentralSurfaces: SYSUI_RAM_OPTIMIZATION onTrimMemory=20
06-19 10:27:35.627  2028  2028 I SurfaceFlinger: [LayerHierarchy{RequestedLayerState{Transition Root: Task=1#658} 2 children}] reparent to OffscreenRoot
06-19 10:27:35.627  2028  2028 I SurfaceFlinger: [LayerHierarchy{RequestedLayerState{Transition Root: Task=1#658} 2 children}] RelativeParent to null
06-19 10:27:35.627  2028  2028 I SurfaceFlinger: [Task=334#662] attach to parent Root
06-19 10:27:35.627  2028  2028 I SurfaceFlinger: id=652 onLayerDestroyed from LayerHierarchyBuilder(RequestedLayerState{7d14e6f com.ESC.sobersight/com.ESC.sobersight.MainActivity#652 !handle})
06-19 10:27:35.627  4323  4323 I HoneySpace.AppTransitionAnimationAwait: proceed 1
06-19 10:27:35.627  2028  2028 I SurfaceFlinger: id=653 onLayerDestroyed from LayerHierarchyBuilder(RequestedLayerState{com.ESC.sobersight/com.ESC.sobersight.MainActivity$_16215#653 !handle})
06-19 10:27:35.627  3813  3945 D HWUI    : CacheManager::trimMemory(20)
06-19 10:27:35.627  2028  2028 I Layer   : id=652 Destroyed 7d14e6f com.ESC.sobersight/com.ESC.sobersight.MainActivity#652
06-19 10:27:35.627  2028  2028 I Layer   : id=653 Destroyed com.ESC.sobersight/com.ESC.sobersight.MainActivity$_16215#653
06-19 10:27:35.627  2028  2028 I SurfaceFlinger: id=658 Removed Transition Root: Task=1#658 (139)
06-19 10:27:35.628  2028  2028 I SurfaceFlinger: id=646 Removed cf3eaa8 Splash Screen com.ESC.sobersight#646 (139)
06-19 10:27:35.628  2771  2802 D ChangeTransitionController: onTransitionFinished: TransitionRecord{1fa2a14 id=59 type=CLOSE flags=0x10 c=[
06-19 10:27:35.628  2771  2802 D ChangeTransitionController:    ChangeInfo{50dfc75 container=ActivityRecord{33401934 u0 com.sec.android.app.launcher/.activities.LauncherActivity t319} flags=0x0}
06-19 10:27:35.628  2771  2802 D ChangeTransitionController:    ChangeInfo{15e540a container=Task{3147427 #1 type=home} flags=0x30}
06-19 10:27:35.628  2771  2802 D ChangeTransitionController:    ChangeInfo{c81047b container=Task{3eaae7c #319 type=home I=com.sec.android.app.launcher/.activities.LauncherActivity} flags=0x30}
06-19 10:27:35.628  2771  2802 D ChangeTransitionController:    ChangeInfo{46e9298 container=Display{#0 state=ON size=1080x2340 ROTATION_0} flags=0x0}
06-19 10:27:35.628  2771  2802 D ChangeTransitionController:    ChangeInfo{d4eeaf1 container=ActivityRecord{196862646 u0 com.ESC.sobersight/.MainActivity t-1 f}} flags=0x0}
06-19 10:27:35.628  2771  2802 D ChangeTransitionController:    ChangeInfo{d95a6d6 container=DefaultTaskDisplayArea_d0@209168339 flags=0x0}
06-19 10:27:35.628  2771  2802 D ChangeTransitionController:    ChangeInfo{1116d57 container=Task{cd72bb7 #334 type=standard A=10369:com.ESC.sobersight} flags=0x10}
06-19 10:27:35.628  2771  2802 D ChangeTransitionController:    ChangeInfo{c064044 container=RemoteWallpaperAnim:1:1@226585969 flags=0x0}
06-19 10:27:35.628  2771  2802 D ChangeTransitionController:    ChangeInfo{ed6452d container=WallpaperWindowToken{fcfc1ca showWhenLocked=false}_<system> flags=0x0}
06-19 10:27:35.628  2771  2802 D ChangeTransitionController: ]
06-19 10:27:35.628  2771  2802 D ChangeTransitionController: }
06-19 10:27:35.628  3813  3868 V WindowManagerShell: Track 0 became idle
06-19 10:27:35.628  3813  3868 V WindowManagerShell: All active transition animations finished
06-19 10:27:35.629  4323  4323 I HoneySpace.FloatingFinishHelper: finishInProgress: false
06-19 10:27:35.630  3813  3868 V ShellDesktopMode: Task Vanished: #334 closed=true
06-19 10:27:35.630  4323  4323 I HoneySpace.TaskStackChangeRepositoryImpl: onTaskRemoved : 334
06-19 10:27:35.630  2771  2882 D SurfaceComposerClient: setCornerRadius ## c854ba7 com.sec.android.app.launcher/com.sec.android.app.launcher.activities.LauncherActivity#129 cornerRadius=0.000000
06-19 10:27:35.630  4323  4427 I HoneySpace.TopTaskSource: onTaskRemoved: 334
06-19 10:27:35.631  4323  4323 I HoneySpace.TaskListViewModel[232677880]: taskRemoveId, 334
06-19 10:27:35.631  4323  4323 W HoneySpace.TaskListViewModel[232677880]: task is already removed: 334
06-19 10:27:35.631  4323 15198 I HoneySpace.RecentTasks: onRunningTaskVanished
06-19 10:27:35.631  4323 12521 I HoneySpace.RecentTasks: onRecentTasksChanged
06-19 10:27:35.631  4323  4323 I HoneySpace.TaskStackChangeRepositoryImpl: onTaskRemoved : 334
06-19 10:27:35.632  4323  4323 I HoneySpace.TaskListViewModel[232677880]: taskRemoveId, 334
06-19 10:27:35.632  4323  4323 W HoneySpace.TaskListViewModel[232677880]: task is already removed: 334
06-19 10:27:35.633  4323  4427 I HoneySpace.TopTaskSource: onTaskRemoved: 334
06-19 10:27:35.635  2028  2028 I SurfaceFlinger: [Display 0 name="Built-in Screen"#49] setFrameRateCategory: Default
06-19 10:27:35.635  2028  2028 I SurfaceFlinger: destroyed cf3eaa8 Splash Screen com.ESC.sobersight#646 form LifecycleManager
06-19 10:27:35.635  2028  2028 I SurfaceFlinger: destroyed Transition Root: Task=1#658 form LifecycleManager
06-19 10:27:35.635  2028  2028 I SurfaceFlinger: destroyed Surface(name=Task=334)/@0x5ee0d04_transition-leash#660 form LifecycleManager
06-19 10:27:35.635  2028  2028 I SurfaceFlinger: destroyed Surface(name=Task=1)/@0xe3df596_transition-leash#659 form LifecycleManager
06-19 10:27:35.635  2028  2028 I SurfaceFlinger: [LayerHierarchy{RequestedLayerState{Task=334#644 z=5} 1 children}] reparent to OffscreenRoot
06-19 10:27:35.635  2028  2028 I SurfaceFlinger: [LayerHierarchy{RequestedLayerState{Task=334#644 z=5} 1 children}] RelativeParent to null
06-19 10:27:35.635  2028  2028 I SurfaceFlinger: [LayerHierarchy{RequestedLayerState{ActivityRecord{196862646 u0 com.ESC.sobersight/.MainActivity t334}#645} 1 children}] reparent to OffscreenRoot
06-19 10:27:35.635  2028  2028 I SurfaceFlinger: [LayerHierarchy{RequestedLayerState{ActivityRecord{196862646 u0 com.ESC.sobersight/.MainActivity t334}#645} 1 children}] RelativeParent to null
06-19 10:27:35.635  2028  2028 I SurfaceFlinger: [LayerHierarchy{RequestedLayerState{Task=334#662 z=5} no children}] reparent to OffscreenRoot
06-19 10:27:35.635  2028  2028 I SurfaceFlinger: [LayerHierarchy{RequestedLayerState{Task=334#662 z=5} no children}] RelativeParent to null
06-19 10:27:35.635  2028  2028 I SurfaceFlinger: id=646 onLayerDestroyed from LayerHierarchyBuilder(RequestedLayerState{cf3eaa8 Splash Screen com.ESC.sobersight#646 !handle z=2147483647})
06-19 10:27:35.635  2028  2028 I SurfaceFlinger: id=658 onLayerDestroyed from LayerHierarchyBuilder(RequestedLayerState{Transition Root: Task=1#658 !handle})
06-19 10:27:35.635  2028  2028 I SurfaceFlinger: id=660 onLayerDestroyed from LayerHierarchyBuilder(RequestedLayerState{Surface(name=Task=334)/@0x5ee0d04_transition-leash#660 !handle z=5})
06-19 10:27:35.635  2028  2028 I SurfaceFlinger: id=659 onLayerDestroyed from LayerHierarchyBuilder(RequestedLayerState{Surface(name=Task=1)/@0xe3df596_transition-leash#659 !handle z=2})
06-19 10:27:35.636  2028  2028 I Layer   : id=646 Destroyed cf3eaa8 Splash Screen com.ESC.sobersight#646
06-19 10:27:35.636  2028  2028 I Layer   : id=658 Destroyed Transition Root: Task=1#658
06-19 10:27:35.636  2028  2028 I Layer   : id=660 Destroyed Surface(name=Task=334)/@0x5ee0d04_transition-leash#660
06-19 10:27:35.636  2028  2028 I Layer   : id=659 Destroyed Surface(name=Task=1)/@0xe3df596_transition-leash#659
06-19 10:27:35.636  2028  2028 I SurfaceFlinger: id=662 Removed Task=334#662 (135)
06-19 10:27:35.636  2028  2028 I SurfaceFlinger: id=645 Removed ActivityRecord{196862646 u0 com.ESC.sobersight/.MainActivity t334}#645 (135)
06-19 10:27:35.637  2771  2881 I DisplayDeviceRepository: Display device changed render timings: "Built-in Screen", renderFrameRate=120.00001, presentationDeadlineNanos=9233333, appVsyncOffsetNanos=8333333, frameRateOverrides=[]
06-19 10:27:35.638  2771  2882 D SurfaceComposerClient: setCornerRadius ## c854ba7 com.sec.android.app.launcher/com.sec.android.app.launcher.activities.LauncherActivity#129 cornerRadius=0.000000
06-19 10:27:35.639  4323 15198 I HoneySpace.Memory-Monitor: current state = 2, didTrim = false
06-19 10:27:35.639  3813  3813 D DisplayLifecycle: updateDisplay id = 0
06-19 10:27:35.640  2771  6611 D WifiDisplayAdapter: isFitToActiveDisplayLocked : false
06-19 10:27:35.641  3813  3888 D StackScroller: onDisplayChanged for predraw skip to 2
06-19 10:27:35.643  2028  2028 I SurfaceFlinger: destroyed 630b378 ActivityRecordInputSink com.ESC.sobersight/.MainActivity#651 form LifecycleManager
06-19 10:27:35.643  2028  2028 I SurfaceFlinger: destroyed Task=334#662 form LifecycleManager
06-19 10:27:35.643  2028  2028 I SurfaceFlinger: destroyed ActivityRecord{196862646 u0 com.ESC.sobersight/.MainActivity t334}#645 form LifecycleManager
06-19 10:27:35.643  2028  2028 I SurfaceFlinger: id=651 onLayerDestroyed from LayerHierarchyBuilder(RequestedLayerState{630b378 ActivityRecordInputSink com.ESC.sobersight/.MainActivity#651 !handle z=-2147483648})
06-19 10:27:35.643  2028  2028 I SurfaceFlinger: id=662 onLayerDestroyed from LayerHierarchyBuilder(RequestedLayerState{Task=334#662 !handle z=5})
06-19 10:27:35.643  2028  2028 I SurfaceFlinger: id=645 onLayerDestroyed from LayerHierarchyBuilder(RequestedLayerState{ActivityRecord{196862646 u0 com.ESC.sobersight/.MainActivity t334}#645 !handle})
06-19 10:27:35.643  2028  2028 I Layer   : id=651 Destroyed 630b378 ActivityRecordInputSink com.ESC.sobersight/.MainActivity#651
06-19 10:27:35.643  2028  2028 I Layer   : id=662 Destroyed Task=334#662
06-19 10:27:35.643  2028  2028 I Layer   : id=645 Destroyed ActivityRecord{196862646 u0 com.ESC.sobersight/.MainActivity t334}#645
06-19 10:27:35.677  1922 16255 I HYPER-HAL: [RequestManager.cpp]releaseLocked(): Released ID : 3927034
06-19 10:27:35.691  1922 16211 I HYPER-HAL: [RequestManager.cpp]releaseLocked(): Released ID : 3887883
06-19 10:27:35.692  1909  1909 I android.hardware.health@2.1-service-samsung: updateLrpSysfs: write: 301
06-19 10:27:35.693  2771  3469 D [SS]BattFunctions: [sendRemainingChargingTimeChangedIntent]remainingChargingTime:509 ,mLastRemainingChargingTime:523
06-19 10:27:35.695  3813  3813 I AODBatteryManager: updateBatteryData: ACTION_BATTERY_CHANGED: false, isSleepModeChanged:false ,isRemainingTimeChanged: true, isUSBRestriction: false
06-19 10:27:35.696  3813  3813 I ChargingInfoManager: updateChargingInfo: newState = AOD ChargingInfo [mState=BATTERY_AND_REMAIN_TIME, mIsCharging=true, mIsPlugged=true, mIsFullyCharged=false, mIsBatteryProtectMode=false, mBetteryLevel=95, mBetteryProtectModeType0, mIsSlowChargingfalse], oldState = AOD ChargingInfo [mState=BATTERY_AND_REMAIN_TIME, mIsCharging=true, mIsPlugged=true, mIsFullyCharged=false, mIsBatteryProtectMode=false, mBetteryLevel=95, mBetteryProtectModeType0, mIsSlowChargingfalse]
06-19 10:27:35.696  3813  3813 D PowerUI : Remaining charging time : 509
06-19 10:27:35.696  3813  3813 D PowerUI : Charging time is changed, check charging notification
06-19 10:27:35.699  3813  3813 D PowerUI.Notification: showChargingNotice - Battery Level : 95 -> 95, Charging Type : 11 -> 11, Charging Time : 523 -> 509, Maximum protection : false -> false, Maximum threshold : 80 -> 80
06-19 10:27:35.702  3813  3813 I NotificationManager: com.android.systemui: notify(2131364006, charging_state, Notification(channel=CHR shortcut=null contentView=null vibrate=null sound=null defaults=0 flags=ONGOING_EVENT|ONLY_ALERT_ONCE color=0x00000000 category=sys groupKey=CHARGING vis=PUBLIC semFlags=0x0 semPriority=0 semMissedCount=0)) as user
06-19 10:27:35.702  2028  2028 D SurfaceFlinger: GPIS:: requestGPISForClientComposition
06-19 10:27:35.703  2771  2802 W PermissionService: getPermissionFlags: Unknown user -1
06-19 10:27:35.703  2771  2802 W PermissionService: getPermissionFlags: Unknown user -1
06-19 10:27:35.801  1909  1932 E BatteryDump: !@new_battery_dump : 4294,846,2400,2650,95,295,297,320,295,0,301,305,0,Charging,NO_CHARGING,Normal,Good,PDIC,0,Normal,0,0,9600,0x108000,0x30000,0x0,0,0,0000,0000,ffff0700,0,0,0,0,1265,4191,9466,990,0,
06-19 10:27:35.823  2771  2881 W AccessibilityWindowsPopulator: Windows change within in 2 frames continuously over 500 ms and notify windows changed immediately
06-19 10:27:35.908  2771  2771 I Telecom : SamsungTelecomServiceImpl : isInManagedCall - callingPackage : android / callingUser : UserHandle{0} / hasCrossUserAccess : true
06-19 10:27:35.912  2771  4688 D ActivityManager: unpendingScheduleServiceRestart: u=10304, drop=false
06-19 10:27:35.913  2771  4688 D ActivityManager: unpendingScheduleServiceRestart: u=10081, drop=false
06-19 10:27:35.913  4612  4612 W Notification4R_GO: NotificationListener.onNotificationPosted-Socket is not available
06-19 10:27:35.913  4323  8219 I HoneySpace.NotificationListener: onNotificationPosted com.android.systemui: -1|com.android.systemui|2131364006|charging_state|10044: 0
06-19 10:27:35.914  4323  8219 I HoneySpace.NotificationListener: invalid notification: com.android.systemui UserHandle{-1}: canShowBadge is false
06-19 10:27:35.921  3813  3813 D SubscreenNotificationListCoordinator: onAfterRenderList() isSubScreen = false, pluginLockMode = 0, doNotShowOnCover = false
06-19 10:27:35.924  3813  3813 I LockscreenNotificationIconsOnlyController: onNotificationInfoUpdated 0
06-19 10:27:35.924  3813  3813 I AODNotificationManager: updateNotification() 
06-19 10:27:36.013  5819  7247 I SDHMS:x : SIOP:: AP:324 BAT:295 USB:296 CHG:321 PA:328 WIFI:301 CF:294 BLK:0 SUBBAT:0 SKIN:302 SKINF:300 SKINB:302 LRP:301 LRP2:301 LRF2:300 LRB2:302 AP2:301 CHG2:301 WIFI2:301 UANT2:298 RCV2:297 SPK2:302 FCAM:295 UPSPK:291 DNSPK:293 AMB:277 AVGCUR:885 AVGSYS:176 POWER:3800
06-19 10:27:36.114  3813  3813 D Bubbles : onEntryUpdated : shouldBubbleUp=false ,key=-1|com.android.systemui|2131364006|charging_state|10044
06-19 10:27:36.115  3813  3813 D InterruptionStateProvider:  no Heads up : edgelighting enabled app. -1|com.android.systemui|2131364006|charging_state|10044
06-19 10:27:36.115  3813  3813 I {OngoingActivityController}: onEntryUpdated and OA data is empty. So update latest task info
06-19 10:27:36.121  4323  4323 I HoneySpace.WallpaperAnimator: destroyWallpaperSurface Surface(name=Surface(name=RemoteWallpaperAnim:1:1)/@0x61e7815 - animation-leash of remote_wallpaper)/@0x54f7c9
06-19 10:27:36.121  4323  4323 I HoneySpace.WallpaperAnimator: wallpaper animation end [102952654]
06-19 10:27:36.122  2771  6611 I WindowManager: Cancelling animation restarting=false, leash=Surface(name=Surface(name=RemoteWallpaperAnim:1:1)/@0x61e7815 - animation-leash of remote_wallpaper)/@0xbb6b04f
06-19 10:27:36.122  2771  6611 I WindowManager: Reparenting to original parent: Surface(name=OneHanded:0:14)/@0x8cdb72a, destroy=false, surface=Surface(name=RemoteWallpaperAnim:1:1)/@0x61e7815
06-19 10:27:36.123  2771  6611 D WindowManager: mRunner#onAnimationCancelled, leash=Surface(name=Surface(name=RemoteWallpaperAnim:1:1)/@0x61e7815 - animation-leash of remote_wallpaper)/@0xbb6b04f, caller=com.android.server.wm.SurfaceAnimator.cancelAnimation:14 com.android.server.wm.SurfaceAnimator.cancelAnimation:1 com.android.server.wm.WindowContainer.cancelAnimation:3 com.android.server.wm.WindowManagerService.finishRemoteWallpaperAnimation:81 android.view.IWindowManager$Stub.onTransact:4336 
06-19 10:27:36.123  4323  5784 I HoneySpace.WallpaperAnimator: onAnimationCancelled
06-19 10:27:36.123  2771  6611 D WindowManager: finishRemoteWallpaperAnimation, success=true
06-19 10:27:36.125  3813  3813 D SubscreenNotificationListCoordinator: onAfterRenderList() isSubScreen = false, pluginLockMode = 0, doNotShowOnCover = false
06-19 10:27:36.126  3813  3813 W RefactorFlag: New code path expects SceneContainerFlag to be enabled.
06-19 10:27:36.126  3813  3813 D ExpandableNotifRow: mMaxSmallHeight different before reInflateViews mMaxSmallHeight: 216 mTempSmallHeight:0 -1|com.android.systemui|2131364006|charging_state|10044
06-19 10:27:36.127  3813  3813 D ExpandableNotifRow: mMaxSmallHeight different before reInflateViews mMaxSmallHeight: 216 mTempSmallHeight:0 -1|com.android.systemui|2131364006|charging_state|10044
06-19 10:27:36.129  3813  3813 I LockscreenNotificationIconsOnlyController: onNotificationInfoUpdated 0
06-19 10:27:36.129  3813  3813 I AODNotificationManager: updateNotification() 
06-19 10:27:36.134  3813  4340 D LocalImageResolver: Couldn't use ImageDecoder for drawable, falling back to non-resized load.
06-19 10:27:36.135  3813  4340 D LocalImageResolver: Couldn't use ImageDecoder for drawable, falling back to non-resized load.
06-19 10:27:36.136  3813  3813 D LocalImageResolver: Couldn't use ImageDecoder for drawable, falling back to non-resized load.
06-19 10:27:36.137  2028  2028 I SurfaceFlinger: [LayerHierarchy{RequestedLayerState{RemoteWallpaperAnim:1:1#7 parentId=4 z=1} 1 children}] reparent to LayerHierarchy{RequestedLayerState{OneHanded:0:14#4 parentId=3} 4 children}
06-19 10:27:36.137  2028  2028 I SurfaceFlinger: [LayerHierarchy{RequestedLayerState{Surface(name=RemoteWallpaperAnim:1:1)/@0x61e7815 - animation-leash of remote_wallpaper#661} no children}] reparent to OffscreenRoot
06-19 10:27:36.137  2028  2028 I SurfaceFlinger: [LayerHierarchy{RequestedLayerState{Surface(name=RemoteWallpaperAnim:1:1)/@0x61e7815 - animation-leash of remote_wallpaper#661} no children}] RelativeParent to null
06-19 10:27:36.137  2028  2028 I SurfaceFlinger: id=661 Removed Surface(name=RemoteWallpaperAnim:1:1)/@0x61e7815 - animation-leash of remote_wallpaper#661 (132)
06-19 10:27:36.140  3813  3813 W RefactorFlag: New code path expects SceneContainerFlag to be enabled.
06-19 10:27:36.142  3813  3813 D ExpandableNotifRow: mMaxSmallHeight different before reInflateViews mMaxSmallHeight: 216 mTempSmallHeight:0 -1|com.android.systemui|2131364006|charging_state|10044
06-19 10:27:36.142  3813  3813 D ExpandableNotifRow: mMaxSmallHeight different before reInflateViews mMaxSmallHeight: 216 mTempSmallHeight:0 -1|com.android.systemui|2131364006|charging_state|10044
06-19 10:27:36.142  3813  3813 D ExpandableNotifRow: mMaxSmallHeight different before reInflateViews mMaxSmallHeight: 216 mTempSmallHeight:0 -1|com.android.systemui|2131364006|charging_state|10044
06-19 10:27:36.142  3813  3813 D ExpandableNotifRow: mMaxSmallHeight different before reInflateViews mMaxSmallHeight: 216 mTempSmallHeight:0 -1|com.android.systemui|2131364006|charging_state|10044
06-19 10:27:36.144  3813  3813 D S.S.N.  : entryViewBound parent :-1|com.android.systemui|2131364006|charging_state|10044
06-19 10:27:36.144  3813  3813 D LocalImageResolver: Couldn't use ImageDecoder for drawable, falling back to non-resized load.
06-19 10:27:36.145  2028  2028 I SurfaceFlinger: destroyed Surface(name=RemoteWallpaperAnim:1:1)/@0x61e7815 - animation-leash of remote_wallpaper#661 form LifecycleManager
06-19 10:27:36.145  2028  2028 I SurfaceFlinger: id=661 onLayerDestroyed from LayerHierarchyBuilder(RequestedLayerState{Surface(name=RemoteWallpaperAnim:1:1)/@0x61e7815 - animation-leash of remote_wallpaper#661 !handle})
06-19 10:27:36.145  2028  2028 I Layer   : id=661 Destroyed Surface(name=RemoteWallpaperAnim:1:1)/@0x61e7815 - animation-leash of remote_wallpaper#661
06-19 10:27:36.148  3813  3813 D SubscreenNotificationListCoordinator: onAfterRenderList() isSubScreen = false, pluginLockMode = 0, doNotShowOnCover = false
06-19 10:27:36.151  3813  3813 W RefactorFlag: New code path expects SceneContainerFlag to be enabled.
06-19 10:27:36.151  3813  3813 D ExpandableNotifRow: mMaxSmallHeight different before reInflateViews mMaxSmallHeight: 216 mTempSmallHeight:0 -1|com.android.systemui|2131364006|charging_state|10044
06-19 10:27:36.151  3813  3813 D ExpandableNotifRow: mMaxSmallHeight different before reInflateViews mMaxSmallHeight: 216 mTempSmallHeight:0 -1|com.android.systemui|2131364006|charging_state|10044
06-19 10:27:36.152  3813  3813 I LockscreenNotificationIconsOnlyController: onNotificationInfoUpdated 0
06-19 10:27:36.152  3813  3813 I AODNotificationManager: updateNotification() 
06-19 10:27:36.186  1922 16210 I HYPER-HAL: [RequestManager.cpp]releaseLocked(): Released ID : 17044060
06-19 10:27:36.376  1922 16256 I HYPER-HAL: [RequestManager.cpp]releaseLocked(): Released ID : 17049900
06-19 10:27:36.406  2028  2347 D DisplayModeController: setDesiredMode 4630947232161729154 {mode={fps=24.00 Hz, modePtr={id=5, vsyncRate=24.00 Hz, peakRefreshRate=24.00 Hz}}, emitEvent=false, force=false}
06-19 10:27:36.407  2028  2028 I LayerHistory: com.sec.android.app.launcher/com.sec.android.app.launcher.activities.LauncherActivity$_4323#405 Max (can't resolve refresh rate)
06-19 10:27:36.407  2028  2028 I LayerHistory: NavigationBar0$_3813#114 Max (can't resolve refresh rate)
06-19 10:27:36.407  2028  2028 I LayerHistory: StatusBar$_3813#116 voted NoVote (0.00 Hz)
06-19 10:27:36.407  2028  2028 I SurfaceFlinger: Idle - choose 24.00 Hz
06-19 10:27:36.407  2028  2028 I HWComposer: [4630947232161729154] ActiveConfigToHWC, ID : 9
06-19 10:27:36.408  2028  2028 D SurfaceFlinger: GPIS:: requestGPISForClientComposition
06-19 10:27:36.408  1944  2294 I SDM     : HWCDisplay::SubmitDisplayConfig: [DispConfigs] config 0 => 9, hs_mode 1 => 1
06-19 10:27:36.408  1944  2294 I SDM     : HWDeviceDRM::SetDisplaySwitchMode: [DispConfigs] check hs_mode 1
06-19 10:27:36.408  1944  2294 I SDM     : HWDeviceDRM::SetDisplaySwitchMode: [DispConfigs] Set mode index:9 1080x2340x24xcmdHS, hs_mode(1), found_mode(1)
06-19 10:27:36.408  1944  2294 I SDM     : HWDeviceDRM::UpdateMixerAttributes: Mixer WxH 1080x2340-1 for Peripheral
06-19 10:27:36.408  1944  2294 I SDM     : HWCDisplay::SubmitDisplayConfig: Active configuration changed from config 0 to 9
06-19 10:27:36.412  2028  3433 D NativeSemDvfsManager: acquire:: timeout = 2000 mIsAcquired = 1  mTagName : SurfaceFlinger 
06-19 10:27:36.412  2028  2028 I SurfaceFlinger: finalizeDisplayModeChange 4630947232161729154
06-19 10:27:36.413  2028  2296 I VSyncReactor: Current= 120, Period= 24, hwcPeriod= 24
06-19 10:27:36.413  2028  3433 E NativeCustomFrequencyManager: [NativeCFMS] BpCustomFrequencyManager::acquire()
06-19 10:27:36.414  1922  1959 I HYPER-HAL: [RequestManager.cpp]acquire(): Acquired ID : 4586906  [2028 / 1000]    HINT : SF_GPU_MINLOCK    list : [TIMEOUT / 2000] 
06-19 10:27:36.489  2004  2027 E HeatmapThread: ECT Thread time in milliseconds: 1781879256
06-19 10:27:36.489  2004  2027 D HeatmapThread: !@ batteryplugType : 0
06-19 10:27:36.489  2004  2027 D HeatmapThread: !@ batteryLevel : 0  batteryTemperature : 0 
06-19 10:27:36.489  2004  2027 D HeatmapThread: !@ Heatmap currtime: 29697987
06-19 10:27:36.489  2004  2027 D HeatmapThread: !@ Heatmap prevtime: 29697965
06-19 10:27:36.489  2004  2027 D HeatmapThread: !@ Heatmap plugstarttime: 35791394
06-19 10:27:36.489  2004  2027 D HeatmapThread: !@ Heatmap prevv_dsoh_update_time: 29697305
06-19 10:27:36.490  2004  2027 E HeatmapThread: !@Could not open '/efs/FactoryApp/bsoh', errno = 13
06-19 10:27:36.490  2004  2027 E HeatmapThread: !@ CAM Could not access BSOH EFS
06-19 10:27:36.490  2004  2027 E HeatmapThread: !@ CAM New BSOH: 0
06-19 10:27:36.711 29747 29824 I ForwardSyncCache: reclaimMemory: Clearing caches
06-19 10:27:36.711 29747 29824 I BugleSpam: HadesBitmapStore: Purged 0 images during memory reclamation
06-19 10:27:36.711 29747 29824 I BugleRestore: reclaimMemory: Clearing persistent caches
06-19 10:27:36.712 29747 29824 W Bugle   : TextClassifierLibManagerImpl: Reclaiming memory at level: 40
06-19 10:27:36.767  4627  4627 I adbd    : adbd service requested 'shell,v2,TERM=xterm-256color:export ANDROID_LOG_TAGS="''"; exec logcat '-d''
06-19 10:27:36.793  1948  1992 E ANDR-PERF-UTIL: Failed to update node /proc/sys/walt/sched_per_task_boost with value 16215 0
06-19 10:27:36.793  1948  1992 E ANDR-PERF-OPTSHANDLER: can't reset task 16215
06-19 10:27:36.793  1948  1992 E ANDR-PERF-RESOURCEQS: Failed to reset optimization [3, 32]
